  0
SECTION
  2
HEADER
  9
$ACADVER
  1
AC1032
  9
$ACADMAINTVER
 90
       55
  9
$DWGCODEPAGE
  3
ANSI_1252
  9
$LASTSAVEDBY
  1
athulcharanthara
  9
$REQUIREDVERSIONS
160
                 0
  9
$INSBASE
 10
0.0
 20
0.0
 30
0.0
  9
$EXTMIN
 10
-127.8926723461802
 20
-29.4524769902885
 30
0.0
  9
$EXTMAX
 10
160.0
 20
476.7080467149638
 30
0.0
  9
$LIMMIN
 10
0.0
 20
0.0
  9
$LIMMAX
 10
12.0
 20
9.0
  9
$ORTHOMODE
 70
     1
  9
$REGENMODE
 70
     1
  9
$FILLMODE
 70
     1
  9
$QTEXTMODE
 70
     0
  9
$MIRRTEXT
 70
     0
  9
$LTSCALE
 40
1.0
  9
$ATTMODE
 70
     1
  9
$TEXTSIZE
 40
0.2
  9
$TRACEWID
 40
0.05
  9
$TEXTSTYLE
  7
Standard
  9
$CLAYER
  8
CUT
  9
$CELTYPE
  6
ByLayer
  9
$CECOLOR
 62
   256
  9
$CELTSCALE
 40
1.0
  9
$DISPSILH
 70
     0
  9
$DIMSCALE
 40
1.0
  9
$DIMASZ
 40
0.18
  9
$DIMEXO
 40
0.0625
  9
$DIMDLI
 40
0.38
  9
$DIMRND
 40
0.0
  9
$DIMDLE
 40
0.0
  9
$DIMEXE
 40
0.18
  9
$DIMTP
 40
0.0
  9
$DIMTM
 40
0.0
  9
$DIMTXT
 40
0.18
  9
$DIMCEN
 40
0.09
  9
$DIMTSZ
 40
0.0
  9
$DIMTOL
 70
     0
  9
$DIMLIM
 70
     0
  9
$DIMTIH
 70
     1
  9
$DIMTOH
 70
     1
  9
$DIMSE1
 70
     0
  9
$DIMSE2
 70
     0
  9
$DIMTAD
 70
     0
  9
$DIMZIN
 70
     0
  9
$DIMBLK
  1

  9
$DIMASO
 70
     1
  9
$DIMSHO
 70
     1
  9
$DIMPOST
  1

  9
$DIMAPOST
  1

  9
$DIMALT
 70
     0
  9
$DIMALTD
 70
     2
  9
$DIMALTF
 40
25.4
  9
$DIMLFAC
 40
1.0
  9
$DIMTOFL
 70
     0
  9
$DIMTVP
 40
0.0
  9
$DIMTIX
 70
     0
  9
$DIMSOXD
 70
     0
  9
$DIMSAH
 70
     0
  9
$DIMBLK1
  1

  9
$DIMBLK2
  1

  9
$DIMSTYLE
  2
Standard
  9
$DIMCLRD
 70
     0
  9
$DIMCLRE
 70
     0
  9
$DIMCLRT
 70
     0
  9
$DIMTFAC
 40
1.0
  9
$DIMGAP
 40
0.09
  9
$DIMJUST
 70
     0
  9
$DIMSD1
 70
     0
  9
$DIMSD2
 70
     0
  9
$DIMTOLJ
 70
     1
  9
$DIMTZIN
 70
     0
  9
$DIMALTZ
 70
     0
  9
$DIMALTTZ
 70
     0
  9
$DIMUPT
 70
     0
  9
$DIMDEC
 70
     4
  9
$DIMTDEC
 70
     4
  9
$DIMALTU
 70
     2
  9
$DIMALTTD
 70
     2
  9
$DIMTXSTY
  7
Standard
  9
$DIMAUNIT
 70
     0
  9
$DIMADEC
 70
     0
  9
$DIMALTRND
 40
0.0
  9
$DIMAZIN
 70
     0
  9
$DIMDSEP
 70
    46
  9
$DIMATFIT
 70
     3
  9
$DIMFRAC
 70
     0
  9
$DIMLDRBLK
  1

  9
$DIMLUNIT
 70
     2
  9
$DIMLWD
 70
    -2
  9
$DIMLWE
 70
    -2
  9
$DIMTMOVE
 70
     0
  9
$DIMFXL
 40
1.0
  9
$DIMFXLON
 70
     0
  9
$DIMJOGANG
 40
0.7853981633974483
  9
$DIMTFILL
 70
     0
  9
$DIMTFILLCLR
 70
     0
  9
$DIMARCSYM
 70
     0
  9
$DIMLTYPE
  6

  9
$DIMLTEX1
  6

  9
$DIMLTEX2
  6

  9
$DIMTXTDIRECTION
 70
     0
  9
$LUNITS
 70
     2
  9
$LUPREC
 70
     4
  9
$SKETCHINC
 40
0.1
  9
$FILLETRAD
 40
0.0
  9
$AUNITS
 70
     0
  9
$AUPREC
 70
     0
  9
$MENU
  1
.
  9
$ELEVATION
 40
0.0
  9
$PELEVATION
 40
0.0
  9
$THICKNESS
 40
0.0
  9
$LIMCHECK
 70
     0
  9
$CHAMFERA
 40
0.0
  9
$CHAMFERB
 40
0.0
  9
$CHAMFERC
 40
0.0
  9
$CHAMFERD
 40
0.0
  9
$SKPOLY
 70
     0
  9
$TDCREATE
 40
2457794.422835648
  9
$TDUCREATE
 40
2457794.631168982
  9
$TDUPDATE
 40
2461107.473244861
  9
$TDUUPDATE
 40
2461107.681578195
  9
$TDINDWG
 40
4.2073695718
  9
$TDUSRTIMER
 40
4.2073677662
  9
$USRTIMER
 70
     1
  9
$ANGBASE
 50
0.0
  9
$ANGDIR
 70
     0
  9
$PDMODE
 70
     0
  9
$PDSIZE
 40
0.0
  9
$PLINEWID
 40
0.0
  9
$SPLFRAME
 70
     0
  9
$SPLINETYPE
 70
     6
  9
$SPLINESEGS
 70
     8
  9
$HANDSEED
  5
2F42F
  9
$SURFTAB1
 70
     6
  9
$SURFTAB2
 70
     6
  9
$SURFTYPE
 70
     6
  9
$SURFU
 70
     6
  9
$SURFV
 70
     6
  9
$UCSBASE
  2

  9
$UCSNAME
  2

  9
$UCSORG
 10
0.0
 20
0.0
 30
0.0
  9
$UCSXDIR
 10
1.0
 20
0.0
 30
0.0
  9
$UCSYDIR
 10
0.0
 20
1.0
 30
0.0
  9
$UCSORTHOREF
  2

  9
$UCSORTHOVIEW
 70
     0
  9
$UCSORGTOP
 10
0.0
 20
0.0
 30
0.0
  9
$UCSORGBOTTOM
 10
0.0
 20
0.0
 30
0.0
  9
$UCSORGLEFT
 10
0.0
 20
0.0
 30
0.0
  9
$UCSORGRIGHT
 10
0.0
 20
0.0
 30
0.0
  9
$UCSORGFRONT
 10
0.0
 20
0.0
 30
0.0
  9
$UCSORGBACK
 10
0.0
 20
0.0
 30
0.0
  9
$PUCSBASE
  2

  9
$PUCSNAME
  2

  9
$PUCSORG
 10
0.0
 20
0.0
 30
0.0
  9
$PUCSXDIR
 10
1.0
 20
0.0
 30
0.0
  9
$PUCSYDIR
 10
0.0
 20
1.0
 30
0.0
  9
$PUCSORTHOREF
  2

  9
$PUCSORTHOVIEW
 70
     0
  9
$PUCSORGTOP
 10
0.0
 20
0.0
 30
0.0
  9
$PUCSORGBOTTOM
 10
0.0
 20
0.0
 30
0.0
  9
$PUCSORGLEFT
 10
0.0
 20
0.0
 30
0.0
  9
$PUCSORGRIGHT
 10
0.0
 20
0.0
 30
0.0
  9
$PUCSORGFRONT
 10
0.0
 20
0.0
 30
0.0
  9
$PUCSORGBACK
 10
0.0
 20
0.0
 30
0.0
  9
$USERI1
 70
     0
  9
$USERI2
 70
     0
  9
$USERI3
 70
     0
  9
$USERI4
 70
     0
  9
$USERI5
 70
     0
  9
$USERR1
 40
0.0
  9
$USERR2
 40
0.0
  9
$USERR3
 40
0.0
  9
$USERR4
 40
0.0
  9
$USERR5
 40
0.0
  9
$WORLDVIEW
 70
     1
  9
$SHADEDGE
 70
     3
  9
$SHADEDIF
 70
    70
  9
$TILEMODE
 70
     1
  9
$MAXACTVP
 70
    64
  9
$PINSBASE
 10
0.0
 20
0.0
 30
0.0
  9
$PLIMCHECK
 70
     0
  9
$PEXTMIN
 10
1.049999952316284
 20
0.7999999523162842
 30
0.0
  9
$PEXTMAX
 10
9.44999957084656
 20
7.199999570846559
 30
0.0
  9
$PLIMMIN
 10
-0.2500002402958907
 20
-0.2499999962453767
  9
$PLIMMAX
 10
10.74999951940822
 20
8.249999763458733
  9
$UNITMODE
 70
     0
  9
$VISRETAIN
 70
     1
  9
$PLINEGEN
 70
     0
  9
$PSLTSCALE
 70
     1
  9
$TREEDEPTH
 70
  3020
  9
$CMLSTYLE
  2
Standard
  9
$CMLJUST
 70
     0
  9
$CMLSCALE
 40
1.0
  9
$PROXYGRAPHICS
 70
     1
  9
$MEASUREMENT
 70
     0
  9
$CELWEIGHT
370
    -1
  9
$ENDCAPS
280
     0
  9
$JOINSTYLE
280
     0
  9
$LWDISPLAY
290
     0
  9
$INSUNITS
 70
     1
  9
$HYPERLINKBASE
  1

  9
$STYLESHEET
  1
monochrome.ctb
  9
$XEDIT
290
     1
  9
$CEPSNTYPE
380
     0
  9
$PSTYLEMODE
290
     1
  9
$FINGERPRINTGUID
  2
{19F960EB-5923-49F3-BF00-C63D7D012C68}
  9
$VERSIONGUID
  2
{2F580850-C7A9-E14F-B65E-6B6C3B4C504B}
  9
$EXTNAMES
290
     1
  9
$PSVPSCALE
 40
0.0
  9
$OLESTARTUP
290
     0
  9
$SORTENTS
280
   127
  9
$INDEXCTL
280
     0
  9
$HIDETEXT
280
     1
  9
$XCLIPFRAME
280
     2
  9
$HALOGAP
280
     0
  9
$OBSCOLOR
 70
   257
  9
$OBSLTYPE
280
     0
  9
$INTERSECTIONDISPLAY
280
     0
  9
$INTERSECTIONCOLOR
 70
   257
  9
$DIMASSOC
280
     2
  9
$PROJECTNAME
  1

  9
$CAMERADISPLAY
290
     0
  9
$LENSLENGTH
 40
50.0
  9
$CAMERAHEIGHT
 40
0.0
  9
$STEPSPERSEC
 40
2.0
  9
$STEPSIZE
 40
6.0
  9
$3DDWFPREC
 40
2.0
  9
$PSOLWIDTH
 40
0.25
  9
$PSOLHEIGHT
 40
4.0
  9
$LOFTANG1
 40
1.570796326794897
  9
$LOFTANG2
 40
1.570796326794897
  9
$LOFTMAG1
 40
0.0
  9
$LOFTMAG2
 40
0.0
  9
$LOFTPARAM
 70
     7
  9
$LOFTNORMALS
280
     1
  9
$LATITUDE
 40
37.795
  9
$LONGITUDE
 40
-122.394
  9
$NORTHDIRECTION
 40
0.0
  9
$TIMEZONE
 70
 -8000
  9
$LIGHTGLYPHDISPLAY
280
     1
  9
$TILEMODELIGHTSYNCH
280
     1
  9
$CMATERIAL
347
96
  9
$SOLIDHIST
280
     0
  9
$SHOWHIST
280
     1
  9
$DWFFRAME
280
     2
  9
$DGNFRAME
280
     0
  9
$REALWORLDSCALE
290
     1
  9
$INTERFERECOLOR
 62
     1
  9
$INTERFEREOBJVS
345
A3
  9
$INTERFEREVPVS
346
A0
  9
$CSHADOW
280
     0
  9
$SHADOWPLANELOCATION
 40
0.0
  0
ENDSEC
  0
SECTION
  2
CLASSES
  0
CLASS
  1
ACDBDICTIONARYWDFLT
  2
AcDbDictionaryWithDefault
  3
ObjectDBX Classes
 90
        0
 91
        3
280
     0
281
     0
  0
CLASS
  1
ACDBPLACEHOLDER
  2
AcDbPlaceHolder
  3
ObjectDBX Classes
 90
        0
 91
        1
280
     0
281
     0
  0
CLASS
  1
LAYOUT
  2
AcDbLayout
  3
ObjectDBX Classes
 90
        0
 91
        1
280
     0
281
     0
  0
CLASS
  1
DICTIONARYVAR
  2
AcDbDictionaryVar
  3
ObjectDBX Classes
 90
        0
 91
        3
280
     0
281
     0
  0
CLASS
  1
TABLESTYLE
  2
AcDbTableStyle
  3
ObjectDBX Classes
 90
     4095
 91
        3
280
     0
281
     0
  0
CLASS
  1
MATERIAL
  2
AcDbMaterial
  3
ObjectDBX Classes
 90
     1153
 91
        3
280
     0
281
     0
  0
CLASS
  1
VISUALSTYLE
  2
AcDbVisualStyle
  3
ObjectDBX Classes
 90
     4095
 91
        3
280
     0
281
     0
  0
CLASS
  1
SCALE
  2
AcDbScale
  3
ObjectDBX Classes
 90
     1153
 91
        3
280
     0
281
     0
  0
CLASS
  1
MLEADERSTYLE
  2
AcDbMLeaderStyle
  3
ACDB_MLEADERSTYLE_CLASS
 90
     4095
 91
        3
280
     0
281
     0
  0
CLASS
  1
CELLSTYLEMAP
  2
AcDbCellStyleMap
  3
ObjectDBX Classes
 90
     1152
 91
        3
280
     0
281
     0
  0
CLASS
  1
EXACXREFPANELOBJECT
  2
ExAcXREFPanelObject
  3
EXAC_ESW
 90
     1025
 91
        1
280
     1
281
     0
  0
CLASS
  1
NPOCOLLECTION
  2
AcDbImpNonPersistentObjectsCollection
  3
ObjectDBX Classes
 90
     1153
 91
        1
280
     1
281
     0
  0
CLASS
  1
LAYER_INDEX
  2
AcDbLayerIndex
  3
ObjectDBX Classes
 90
        0
 91
        3
280
     0
281
     0
  0
CLASS
  1
SPATIAL_INDEX
  2
AcDbSpatialIndex
  3
AutoCAD 2000
 90
        0
 91
        3
280
     0
281
     0
  0
CLASS
  1
IDBUFFER
  2
AcDbIdBuffer
  3
ObjectDBX Classes
 90
        0
 91
        3
280
     0
281
     0
  0
CLASS
  1
SORTENTSTABLE
  2
AcDbSortentsTable
  3
ObjectDBX Classes
 90
        0
 91
        3
280
     0
281
     0
  0
CLASS
  1
ACDBSECTIONVIEWSTYLE
  2
AcDbSectionViewStyle
  3
ObjectDBX Classes
 90
     1025
 91
        3
280
     0
281
     0
  0
CLASS
  1
ACDBDETAILVIEWSTYLE
  2
AcDbDetailViewStyle
  3
ObjectDBX Classes
 90
     1025
 91
        3
280
     0
281
     0
  0
CLASS
  1
DIMASSOC
  2
AcDbDimAssoc
  3
"AcDbDimAssoc|Product Desc:     AcDim ARX App For Dimension|Company:          Autodesk, Inc.|WEB Address:      www.autodesk.com"
 90
        0
 91
        3
280
     0
281
     0
  0
CLASS
  1
RAPIDRTRENDERSETTINGS
  2
AcDbRapidRTRenderSettings
  3
ObjectDBX Classes
 90
     1024
 91
        3
280
     0
281
     0
  0
CLASS
  1
MENTALRAYRENDERSETTINGS
  2
AcDbMentalRayRenderSettings
  3
SCENEOE
 90
     1024
 91
        3
280
     0
281
     0
  0
CLASS
  1
ARC_DIMENSION
  2
AcDbArcDimension
  3
ObjectDBX Classes
 90
     1025
 91
        3
280
     0
281
     1
  0
CLASS
  1
ACDBASSOC2DCONSTRAINTGROUP
  2
AcDbAssoc2dConstraintGroup
  3
ObjectDBX Classes
 90
     1025
 91
        1
280
     1
281
     0
  0
CLASS
  1
ACDBASSOCGEOMDEPENDENCY
  2
AcDbAssocGeomDependency
  3
ObjectDBX Classes
 90
     1025
 91
        1
280
     1
281
     0
  0
CLASS
  1
ACDBASSOCNETWORK
  2
AcDbAssocNetwork
  3
ObjectDBX Classes
 90
     1025
 91
        1
280
     1
281
     0
  0
ENDSEC
  0
SECTION
  2
TABLES
  0
TABLE
  2
VPORT
  5
8
330
0
100
AcDbSymbolTable
 70
     1
  0
VPORT
  5
94
330
8
100
AcDbSymbolTableRecord
100
AcDbViewportTableRecord
  2
*Active
 70
     0
 10
0.0
 20
0.0
 11
1.0
 21
1.0
 12
32.83053201897638
 22
21.48172581984988
 13
0.0
 23
0.0
 14
0.5
 24
0.5
 15
0.5
 25
0.5
 16
0.0
 26
0.0
 36
1.0
 17
0.0
 27
0.0
 37
0.0
 40
193.9903920983036
 41
1.860169491525424
 42
50.0
 43
0.0
 44
0.0
 50
0.0
 51
0.0
 71
     0
 72
  1000
 73
     1
 74
     3
 75
     0
 76
     0
 77
     0
 78
     0
281
     0
 65
     1
110
0.0
120
0.0
130
0.0
111
1.0
121
0.0
131
0.0
112
0.0
122
1.0
132
0.0
 79
     0
146
0.0
348
9F
 60
     3
 61
     5
292
     1
282
     1
141
0.0
142
0.0
 63
   250
421
  3355443
1001
ACAD_NAV_VCDISPLAY
1070
     3
  0
ENDTAB
  0
TABLE
  2
LTYPE
  5
5
330
0
100
AcDbSymbolTable
 70
     4
  0
LTYPE
  5
14
330
5
100
AcDbSymbolTableRecord
100
AcDbLinetypeTableRecord
  2
ByBlock
 70
     0
  3

 72
    65
 73
     0
 40
0.0
  0
LTYPE
  5
15
330
5
100
AcDbSymbolTableRecord
100
AcDbLinetypeTableRecord
  2
ByLayer
 70
     0
  3

 72
    65
 73
     0
 40
0.0
  0
LTYPE
  5
16
330
5
100
AcDbSymbolTableRecord
100
AcDbLinetypeTableRecord
  2
Continuous
 70
     0
  3
Solid line
 72
    65
 73
     0
 40
0.0
  0
LTYPE
  5
1B4
330
5
100
AcDbSymbolTableRecord
100
AcDbLinetypeTableRecord
  2
HIDDEN
 70
     0
  3
Hidden __ __ __ __ __ __ __ __ __ __ __ __ __ _
 72
    65
 73
     2
 40
0.375
 49
0.25
 74
     0
 49
-0.125
 74
     0
  0
LTYPE
  5
1B6
330
5
100
AcDbSymbolTableRecord
100
AcDbLinetypeTableRecord
  2
PHANTOM
 70
     0
  3
Phantom ______  __  __  ______  __  __  ______
 72
    65
 73
     6
 40
2.5
 49
1.25
 74
     0
 49
-0.25
 74
     0
 49
0.25
 74
     0
 49
-0.25
 74
     0
 49
0.25
 74
     0
 49
-0.25
 74
     0
  0
LTYPE
  5
17AA
330
5
100
AcDbSymbolTableRecord
100
AcDbLinetypeTableRecord
  2
CENTER
 70
     0
  3
Center ____ _ ____ _ ____ _ ____ _ ____ _ ____
 72
    65
 73
     4
 40
2.0
 49
1.25
 74
     0
 49
-0.25
 74
     0
 49
0.25
 74
     0
 49
-0.25
 74
     0
  0
ENDTAB
  0
TABLE
  2
LAYER
  5
2
102
{ACAD_XDICTIONARY
360
18E
102
}
330
0
100
AcDbSymbolTable
 70
    17
  0
LAYER
  5
10
330
2
100
AcDbSymbolTableRecord
100
AcDbLayerTableRecord
  2
0
 70
     0
 62
     7
  6
Continuous
370
    -3
390
F
347
98
348
0
  0
LAYER
  5
1AB
330
2
100
AcDbSymbolTableRecord
100
AcDbLayerTableRecord
  2
CUT
 70
     0
 62
     7
  6
Continuous
370
    -3
390
F
347
98
348
0
1001
AcAecLayerStandard
1000

1000

1001
AcCmTransparency
1071
        0
  0
LAYER
  5
1AE
330
2
100
AcDbSymbolTableRecord
100
AcDbLayerTableRecord
  2
ROUT
 70
     0
 62
     1
  6
HIDDEN
370
    -3
390
F
347
98
348
0
1001
AcAecLayerStandard
1000

1000

1001
AcCmTransparency
1071
        0
  0
LAYER
  5
1AF
330
2
100
AcDbSymbolTableRecord
100
AcDbLayerTableRecord
  2
V135
 70
     0
 62
     4
  6
HIDDEN
370
    -3
390
F
347
98
348
0
1001
AcAecLayerStandard
1000

1000

1001
AcCmTransparency
1071
        0
  0
LAYER
  5
1B0
330
2
100
AcDbSymbolTableRecord
100
AcDbLayerTableRecord
  2
HOLES
 70
     0
 62
     6
  6
Continuous
370
    -3
390
F
347
98
348
0
1001
AcAecLayerStandard
1000

1000

1001
AcCmTransparency
1071
        0
  0
LAYER
  5
1B1
330
2
100
AcDbSymbolTableRecord
100
AcDbLayerTableRecord
  2
RELIEF
 70
     0
 62
    82
  6
Continuous
370
    -3
390
F
347
98
348
0
1001
AcAecLayerStandard
1000

1000

1001
AcCmTransparency
1071
        0
  0
LAYER
  5
1B5
330
2
100
AcDbSymbolTableRecord
100
AcDbLayerTableRecord
  2
SHEET
 70
     0
 62
     5
  6
PHANTOM
370
    -3
390
F
347
98
348
0
1001
AcAecLayerStandard
1000

1000

1001
AcCmTransparency
1071
        0
  0
LAYER
  5
1B7
330
2
100
AcDbSymbolTableRecord
100
AcDbLayerTableRecord
  2
TEXT
 70
     0
 62
     2
  6
PHANTOM
370
    -3
390
F
347
98
348
0
1001
AcAecLayerStandard
1000

1000

1001
AcCmTransparency
1071
        0
  0
LAYER
  5
449
330
2
100
AcDbSymbolTableRecord
100
AcDbLayerTableRecord
  2
Defpoints
 70
     0
 62
     7
  6
Continuous
290
     0
370
    -3
390
F
347
98
348
0
  0
LAYER
  5
A19
330
2
100
AcDbSymbolTableRecord
100
AcDbLayerTableRecord
  2
WEEPS
 70
     0
 62
     3
  6
HIDDEN
370
    -3
390
F
347
98
348
0
1001
AcAecLayerStandard
1000

1000

1001
AcCmTransparency
1071
        0
  0
LAYER
  5
C06
330
2
100
AcDbSymbolTableRecord
100
AcDbLayerTableRecord
  2
HIDDEN
 70
     0
 62
     8
  6
HIDDEN
370
     9
390
F
347
98
348
0
  0
LAYER
  5
C08
330
2
100
AcDbSymbolTableRecord
100
AcDbLayerTableRecord
  2
DIMS
 70
     0
 62
     1
  6
Continuous
370
    -3
390
F
347
98
348
0
  0
LAYER
  5
124E
330
2
100
AcDbSymbolTableRecord
100
AcDbLayerTableRecord
  2
DETAIL
 70
     0
 62
     7
  6
Continuous
370
    -3
390
F
347
98
348
0
  0
LAYER
  5
1250
330
2
100
AcDbSymbolTableRecord
100
AcDbLayerTableRecord
  2
NOPRINT
 70
     0
 62
     5
  6
Continuous
290
     0
370
    -3
390
F
347
98
348
0
1001
AcAecLayerStandard
1000

1000

  0
LAYER
  5
1313
330
2
100
AcDbSymbolTableRecord
100
AcDbLayerTableRecord
  2
ELEVATION
 70
     0
 62
     8
  6
Continuous
370
     9
390
F
347
98
348
0
  0
LAYER
  5
1315
330
2
100
AcDbSymbolTableRecord
100
AcDbLayerTableRecord
  2
SNOWCONES
 70
     0
 62
   160
  6
Continuous
370
    -3
390
F
347
98
348
0
1001
AcAecLayerStandard
1000

1000

1001
AcCmTransparency
1071
        0
  0
LAYER
  5
17AB
330
2
100
AcDbSymbolTableRecord
100
AcDbLayerTableRecord
  2
COLUMN
 70
     0
 62
     3
  6
CENTER
370
     9
390
F
347
98
348
0
  0
ENDTAB
  0
TABLE
  2
STYLE
  5
3
330
0
100
AcDbSymbolTable
 70
     8
  0
STYLE
  5
11
330
3
100
AcDbSymbolTableRecord
100
AcDbTextStyleTableRecord
  2
Standard
 70
     0
 40
0.0
 41
1.0
 50
0.0
 71
     0
 42
0.2
  3
arial.ttf
  4

1001
ACAD
1000
Arial
1071
       34
  0
STYLE
  5
DC
330
3
100
AcDbSymbolTableRecord
100
AcDbTextStyleTableRecord
  2
Annotative
 70
     0
 40
0.0
 41
1.0
 50
0.0
 71
     0
 42
0.2
  3
arial.ttf
  4

1001
AcadAnnotative
1000
AnnotativeData
1002
{
1070
     1
1070
     1
1002
}
1001
ACAD
1000
Arial
1071
       34
  0
STYLE
  5
1B3
330
3
100
AcDbSymbolTableRecord
100
AcDbTextStyleTableRecord
  2

 70
     1
 40
0.0
 41
1.0
 50
0.0
 71
     0
 42
0.2
  3
ltypeshp.shx
  4

  0
STYLE
  5
C0A
330
3
100
AcDbSymbolTableRecord
100
AcDbTextStyleTableRecord
  2
ROMANS
 70
     0
 40
0.0
 41
0.8
 50
0.0
 71
     0
 42
0.125
  3
romans.shx
  4

  0
STYLE
  5
C0B
330
3
100
AcDbSymbolTableRecord
100
AcDbTextStyleTableRecord
  2
DETAIL
 70
     0
 40
0.0
 41
1.0
 50
0.0
 71
     0
 42
0.1875
  3
verdana.ttf
  4

1001
ACAD
1000
Verdana
1071
       34
  0
STYLE
  5
C0C
330
3
100
AcDbSymbolTableRecord
100
AcDbTextStyleTableRecord
  2
SIMPLEX
 70
     0
 40
0.0
 41
1.0
 50
0.0
 71
     0
 42
0.2
  3
SIMPLEX
  4

  0
STYLE
  5
C0D
330
3
100
AcDbSymbolTableRecord
100
AcDbTextStyleTableRecord
  2
$4$Esw-General
 70
     0
 40
0.1
 41
1.0
 50
0.0
 71
     0
 42
0.1
  3
GOTHIC.TTF
  4

1001
AcadAnnotative
1000
AnnotativeData
1002
{
1070
     1
1070
     1
1002
}
1001
AcadAnnoPO
1070
     1
1001
ACAD
1000
Century Gothic
1071
       34
  0
STYLE
  5
1252
330
3
100
AcDbSymbolTableRecord
100
AcDbTextStyleTableRecord
  2
Arial_6
 70
     0
 40
5.25
 41
0.8
 50
0.0
 71
     0
 42
0.2
  3
arial.ttf
  4

1001
ACAD
1000
Arial
1071
       34
  0
ENDTAB
  0
TABLE
  2
VIEW
  5
6
330
0
100
AcDbSymbolTable
 70
     0
  0
ENDTAB
  0
TABLE
  2
UCS
  5
7
330
0
100
AcDbSymbolTable
 70
     0
  0
ENDTAB
  0
TABLE
  2
APPID
  5
9
330
0
100
AcDbSymbolTable
 70
    17
  0
APPID
  5
12
330
9
100
AcDbSymbolTableRecord
100
AcDbRegAppTableRecord
  2
ACAD
 70
     0
  0
APPID
  5
DD
330
9
100
AcDbSymbolTableRecord
100
AcDbRegAppTableRecord
  2
AcadAnnoPO
 70
     0
  0
APPID
  5
DE
330
9
100
AcDbSymbolTableRecord
100
AcDbRegAppTableRecord
  2
AcadAnnotative
 70
     0
  0
APPID
  5
DF
330
9
100
AcDbSymbolTableRecord
100
AcDbRegAppTableRecord
  2
ACAD_DSTYLE_DIMJAG
 70
     0
  0
APPID
  5
E0
330
9
100
AcDbSymbolTableRecord
100
AcDbRegAppTableRecord
  2
ACAD_DSTYLE_DIMTALN
 70
     0
  0
APPID
  5
107
330
9
100
AcDbSymbolTableRecord
100
AcDbRegAppTableRecord
  2
ACAD_MLEADERVER
 70
     0
  0
APPID
  5
1A6
330
9
100
AcDbSymbolTableRecord
100
AcDbRegAppTableRecord
  2
ACAD_NAV_VCDISPLAY
 70
     0
  0
APPID
  5
1AC
330
9
100
AcDbSymbolTableRecord
100
AcDbRegAppTableRecord
  2
AcAecLayerStandard
 70
     0
  0
APPID
  5
1AD
330
9
100
AcDbSymbolTableRecord
100
AcDbRegAppTableRecord
  2
AcCmTransparency
 70
     0
  0
APPID
  5
1BF
330
9
100
AcDbSymbolTableRecord
100
AcDbRegAppTableRecord
  2
ACAD_EXEMPT_FROM_CAD_STANDARDS
 70
     0
  0
APPID
  5
C15
330
9
100
AcDbSymbolTableRecord
100
AcDbRegAppTableRecord
  2
ACAD_DSTYLE_DIMTEXT_FILL
 70
     0
  0
APPID
  5
C16
330
9
100
AcDbSymbolTableRecord
100
AcDbRegAppTableRecord
  2
ACAD_DSTYLE_DIMJOGGED_JOGANGLE_SYMBOL
 70
     0
  0
APPID
  5
C17
330
9
100
AcDbSymbolTableRecord
100
AcDbRegAppTableRecord
  2
ACAD_PSEXT
 70
     0
  0
APPID
  5
C18
330
9
100
AcDbSymbolTableRecord
100
AcDbRegAppTableRecord
  2
ACAD_DSTYLE_DIMBREAK
 70
     0
  0
APPID
  5
4D5E
330
9
100
AcDbSymbolTableRecord
100
AcDbRegAppTableRecord
  2
GradientColor1ACI
 70
     0
  0
APPID
  5
4D5F
330
9
100
AcDbSymbolTableRecord
100
AcDbRegAppTableRecord
  2
GradientColor2ACI
 70
     0
  0
APPID
  5
94D0
330
9
100
AcDbSymbolTableRecord
100
AcDbRegAppTableRecord
  2
ACAD_DSTYLE_DIMRADIAL_EXTENSION
 70
     0
  0
ENDTAB
  0
TABLE
  2
DIMSTYLE
  5
A
330
0
100
AcDbSymbolTable
 70
    19
100
AcDbDimStyleTable
  0
DIMSTYLE
105
27
330
A
100
AcDbSymbolTableRecord
100
AcDbDimStyleTableRecord
  2
Standard
 70
     0
178
     0
340
11
  0
DIMSTYLE
105
E1
330
A
100
AcDbSymbolTableRecord
100
AcDbDimStyleTableRecord
  2
Annotative
 70
     0
 40
0.0
178
     0
340
11
1001
AcadAnnotative
1000
AnnotativeData
1002
{
1070
     1
1070
     1
1002
}
1001
ACAD_DSTYLE_DIMJAG
1070
   388
1040
1.5
1001
ACAD_DSTYLE_DIMTALN
1070
   392
1070
     0
  0
DIMSTYLE
105
C0E
330
A
100
AcDbSymbolTableRecord
100
AcDbDimStyleTableRecord
  2
1
 70
     0
 41
0.09375
 42
0.125
 43
0.375
 44
0.125
 49
0.0625
 90
        2
 73
     0
 74
     0
 77
     1
 78
     3
140
0.09375
141
0.0625
147
0.0625
172
     1
178
     0
179
     2
271
     5
272
     5
277
     4
340
11
342
A5C
371
     9
372
     9
1001
ACAD_DSTYLE_DIMJOGGED_JOGANGLE_SYMBOL
1070
   384
1040
0.7853981633974483
  0
DIMSTYLE
105
C0F
330
A
100
AcDbSymbolTableRecord
100
AcDbDimStyleTableRecord
  2
AM_ANSI
 70
     0
  4
mm
 41
0.12
 42
0.05
 43
0.5
 44
0.1
 47
0.1
 48
0.1
 90
        1
 78
     7
 79
     2
140
0.12
141
0.0
146
0.71
147
0.06
176
   256
177
   256
178
     2
274
     4
284
     7
340
11
371
    -1
372
    -1
345
14
346
14
347
14
  0
DIMSTYLE
105
C10
330
A
100
AcDbSymbolTableRecord
100
AcDbDimStyleTableRecord
  2
24
 70
     0
 41
2.25
 42
3.0
 43
0.375
 44
3.0
 49
0.0625
 73
     0
 74
     0
 77
     1
 78
     3
140
2.25
141
0.0625
147
1.5
172
     1
178
     0
179
     2
271
     5
272
     5
277
     4
340
11
342
A5C
371
     9
372
     9
1001
ACAD_DSTYLE_DIMBREAK
1070
   391
1040
0.125
1001
ACAD_DSTYLE_DIMJAG
1070
   388
1040
1.5
1001
ACAD_DSTYLE_DIMTALN
1070
   392
1070
     0
  0
DIMSTYLE
105
C11
330
A
100
AcDbSymbolTableRecord
100
AcDbDimStyleTableRecord
  2
24$0
 70
     0
  3
"
 41
2.25
 42
3.0
 43
0.375
 44
3.0
 49
0.0625
 73
     0
 74
     0
 77
     1
 78
     3
140
2.25
141
0.0625
147
1.5
172
     1
178
     0
179
     2
271
     5
272
     5
277
     5
340
11
342
A5C
371
     9
372
     9
1001
ACAD_DSTYLE_DIMBREAK
1070
   391
1040
0.125
1001
ACAD_DSTYLE_DIMJAG
1070
   388
1040
1.5
1001
ACAD_DSTYLE_DIMTALN
1070
   392
1070
     0
  0
DIMSTYLE
105
C12
330
A
100
AcDbSymbolTableRecord
100
AcDbDimStyleTableRecord
  2
4
 70
     0
 41
0.375
 42
0.5
 43
0.375
 44
0.5
 49
9.0
 73
     0
 74
     0
 77
     1
 78
     3
140
0.5
141
0.0625
147
0.1875
172
     1
173
     1
178
     0
179
     2
271
     5
272
     5
277
     4
340
11
341
A5C
343
A5C
344
A5C
371
     9
372
     9
1001
ACAD_DSTYLE_DIMJOGGED_JOGANGLE_SYMBOL
1070
   384
1040
0.7853981633974483
  0
DIMSTYLE
105
C13
330
A
100
AcDbSymbolTableRecord
100
AcDbDimStyleTableRecord
  2
$0$Esw-Shop-Dim
 70
     0
 41
0.09375
 42
0.109375
 43
0.5
 44
0.0625
 73
     0
 74
     0
 78
     3
 79
     1
140
0.1
141
-0.09
147
0.0625
172
     1
176
   256
177
   256
178
   256
179
     2
275
     1
276
     2
277
     4
279
     1
340
C0D
341
A60
342
A60
371
    -1
372
    -1
345
15
346
15
347
15
1001
AcadAnnotative
1000
AnnotativeData
1002
{
1070
     1
1070
     1
1002
}
1001
ACAD_DSTYLE_DIMJAG
1070
   388
1040
1.5
1001
ACAD_DSTYLE_DIMTALN
1070
   392
1070
     0
  0
DIMSTYLE
105
C14
330
A
100
AcDbSymbolTableRecord
100
AcDbDimStyleTableRecord
  2
SOTA-I x1
 70
     0
  4
mm
 41
0.09375
 43
0.5
 44
0.0625
 46
0.0625
 49
0.0625
 69
     1
 70
   256
 73
     0
 74
     0
 77
     1
 78
    15
140
0.09375
141
0.2
147
0.046875
171
     1
172
     1
176
     6
177
     6
178
     3
179
     1
274
     1
276
     2
277
     4
284
    15
340
C0C
342
A5C
1001
ACAD_DSTYLE_DIMJOGGED_JOGANGLE_SYMBOL
1070
   384
1040
0.7853981633974483
1001
ACAD_DSTYLE_DIMTEXT_FILL
1070
   376
1070
     1
1070
   377
1004
1800000001000000000000C0000000000000000000000000
1001
ACAD_DSTYLE_DIMJAG
1070
   388
1040
1.5
1001
ACAD_DSTYLE_DIMTALN
1070
   392
1070
     0
  0
DIMSTYLE
105
1253
330
A
100
AcDbSymbolTableRecord
100
AcDbDimStyleTableRecord
  2
16
 70
     0
 41
1.5
 42
2.0
 43
0.375
 44
2.0
 49
0.0625
 73
     0
 74
     0
 77
     1
 78
     3
140
1.5
141
0.0625
147
1.0
172
     1
178
     0
179
     3
271
     5
272
     5
277
     4
340
11
342
A5C
371
     9
372
     9
1001
ACAD_DSTYLE_DIMJOGGED_JOGANGLE_SYMBOL
1070
   384
1040
0.7853981633974483
1001
ACAD_DSTYLE_DIMJAG
1070
   388
1040
1.5
1001
ACAD_DSTYLE_DIMTALN
1070
   392
1070
     0
  0
DIMSTYLE
105
1254
330
A
100
AcDbSymbolTableRecord
100
AcDbDimStyleTableRecord
  2
SOTA-STANDARD METRIC
 70
     0
 40
0.0
 41
4.445
 42
2.54
 43
9.525
 44
3.81
 46
3.81
 49
3.81
 73
     0
 74
     0
 77
     1
 78
    15
140
4.762500000000001
141
2.54
147
2.0
171
     0
172
     1
176
     6
177
     6
178
     0
271
     1
272
     1
274
     0
276
     2
284
    15
340
C0C
1001
ACAD_DSTYLE_DIMJOGGED_JOGANGLE_SYMBOL
1070
   384
1040
0.7853981633974483
  0
DIMSTYLE
105
1255
330
A
100
AcDbSymbolTableRecord
100
AcDbDimStyleTableRecord
  2
SIMPLEX_-SOTAWALL_3
 70
     0
  3
<>
 40
12.0
 41
0.2362204724409449
 42
0.2362204724409449
 44
0.2362204724409449
 45
0.0625
 46
0.1574803149606299
 69
     1
 70
     0
 90
        2
 73
     0
 74
     0
 77
     1
 78
     3
140
5.356361849774094
145
1.0
147
0.1875
172
     1
173
     1
174
     1
178
     0
179
     4
276
     2
277
     4
279
     2
288
     1
340
1252
343
A5C
344
A5C
  0
DIMSTYLE
105
1316
330
A
100
AcDbSymbolTableRecord
100
AcDbDimStyleTableRecord
  2
16$0
 70
     0
  3
"
 41
1.5
 42
2.0
 43
0.375
 44
2.0
 49
0.0625
 73
     0
 74
     0
 77
     1
 78
     3
140
1.5
141
0.0625
147
1.0
172
     1
178
     0
179
     3
271
     5
272
     5
277
     5
340
11
342
A5C
371
     9
372
     9
1001
ACAD_DSTYLE_DIMJOGGED_JOGANGLE_SYMBOL
1070
   384
1040
0.7853981633974483
1001
ACAD_DSTYLE_DIMJAG
1070
   388
1040
1.5
1001
ACAD_DSTYLE_DIMTALN
1070
   392
1070
     0
  0
DIMSTYLE
105
1317
330
A
100
AcDbSymbolTableRecord
100
AcDbDimStyleTableRecord
  2
16$2
 70
     0
 41
1.5
 42
2.0
 43
0.375
 44
2.0
 49
0.0625
 73
     0
 74
     0
 77
     1
 78
     3
140
1.5
141
0.0625
147
1.0
172
     1
178
     0
179
     3
271
     5
272
     5
277
     4
340
11
342
12B6
371
     9
372
     9
1001
ACAD_DSTYLE_DIMJOGGED_JOGANGLE_SYMBOL
1070
   384
1040
0.7853981633974483
  0
DIMSTYLE
105
1318
330
A
100
AcDbSymbolTableRecord
100
AcDbDimStyleTableRecord
  2
16$7
 70
     0
 41
1.5
 42
2.0
 43
0.375
 44
2.0
 49
0.0625
 73
     0
 74
     0
 78
     3
140
1.5
141
0.0625
147
1.0
172
     1
178
     0
179
     3
271
     5
272
     5
277
     4
340
11
342
A5C
371
     9
372
     9
1001
ACAD_DSTYLE_DIMJOGGED_JOGANGLE_SYMBOL
1070
   384
1040
0.7853981633974483
  0
DIMSTYLE
105
32AC
330
A
100
AcDbSymbolTableRecord
100
AcDbDimStyleTableRecord
  2
12
 70
     0
 41
1.125
 42
1.5
 43
0.375
 44
1.5
 49
0.0625
 73
     0
 74
     0
 77
     1
 78
     3
140
1.125
141
0.0625
147
0.75
172
     1
178
     0
179
     2
271
     5
272
     5
277
     4
340
11
342
A5C
371
     9
372
     9
1001
ACAD_DSTYLE_DIMJOGGED_JOGANGLE_SYMBOL
1070
   384
1040
0.7853981633974483
1001
ACAD_DSTYLE_DIMJAG
1070
   388
1040
1.5
1001
ACAD_DSTYLE_DIMTALN
1070
   392
1070
     0
  0
DIMSTYLE
105
3E6F
330
A
100
AcDbSymbolTableRecord
100
AcDbDimStyleTableRecord
  2
48
 70
     0
 41
4.5
 42
6.0
 43
0.375
 44
6.0
 49
9.0
 73
     0
 74
     0
 77
     1
 78
     3
140
6.0
141
0.0625
147
2.25
172
     1
173
     1
178
     0
179
     2
271
     5
272
     5
277
     4
340
11
341
A5C
343
A5C
344
A5C
371
     9
372
     9
1001
ACAD_DSTYLE_DIMJOGGED_JOGANGLE_SYMBOL
1070
   384
1040
0.7853981633974483
  0
DIMSTYLE
105
4D5D
330
A
100
AcDbSymbolTableRecord
100
AcDbDimStyleTableRecord
  2
128
 70
     0
 41
12.0
 42
16.0
 43
0.375
 44
16.0
 49
9.0
 73
     0
 74
     0
 77
     1
 78
     3
140
16.0
141
0.0625
147
6.0
172
     1
173
     1
178
     0
179
     2
271
     5
272
     5
277
     4
340
11
341
A5C
343
A5C
344
A5C
371
     9
372
     9
1001
ACAD_DSTYLE_DIMJOGGED_JOGANGLE_SYMBOL
1070
   384
1040
0.7853981633974483
  0
DIMSTYLE
105
94CF
330
A
100
AcDbSymbolTableRecord
100
AcDbDimStyleTableRecord
  2
16$4
 70
     0
 41
1.5
 42
2.0
 43
0.375
 44
2.0
 49
0.0625
 73
     0
 74
     0
 77
     1
 78
     3
140
1.5
141
0.0625
147
1.0
172
     1
173
     1
178
     0
179
     3
271
     5
272
     5
277
     4
340
11
343
A5C
344
92BD
371
     9
372
     9
1001
ACAD_DSTYLE_DIMJOGGED_JOGANGLE_SYMBOL
1070
   384
1040
0.7853981633974483
1001
ACAD_DSTYLE_DIMJAG
1070
   388
1040
1.5
1001
ACAD_DSTYLE_DIMTALN
1070
   392
1070
     0
  0
ENDTAB
  0
TABLE
  2
BLOCK_RECORD
  5
1
330
0
100
AcDbSymbolTable
 70
    33
  0
BLOCK_RECORD
  5
1F
102
{ACAD_XDICTIONARY
360
15D
102
}
330
1
100
AcDbSymbolTableRecord
100
AcDbBlockTableRecord
  2
*Model_Space
340
22
 70
     0
280
     1
281
     0
  0
BLOCK_RECORD
  5
58
330
1
100
AcDbSymbolTableRecord
100
AcDbBlockTableRecord
  2
*Paper_Space
340
59
 70
     0
280
     1
281
     0
  0
BLOCK_RECORD
  5
5D
330
1
100
AcDbSymbolTableRecord
100
AcDbBlockTableRecord
  2
*Paper_Space0
340
5E
 70
     0
280
     1
281
     0
  0
BLOCK_RECORD
  5
A5C
330
1
100
AcDbSymbolTableRecord
100
AcDbBlockTableRecord
  2
_OBLIQUE
340
0
102
{BLKREFS
331
2EAE0
331
2EAE1
331
2EAEE
331
2EAEF
331
2EAFB
331
2EAFC
331
2EB09
331
2EB0A
331
2EB16
331
2EB17
331
2EB22
331
2EB23
331
2EB2E
331
2EB2F
331
2EB3A
331
2EB3B
331
2EB46
331
2EB47
331
2EB52
331
2EB53
331
2EB5E
331
2EB5F
331
2EB6A
331
2EB6B
331
2EB76
331
2EB77
331
2EB82
331
2EB83
331
2EB8E
331
2EB8F
331
2EB9A
331
2EB9B
331
2EBA6
331
2EBA7
331
2EBB2
331
2EBB3
331
2EBBE
331
2EBBF
331
2EBCA
331
2EBCB
331
2EBD6
331
2EBD7
331
2EBE2
331
2EBE3
331
2EBEF
331
2EBF0
331
2EBFD
331
2EBFE
331
2EC0B
331
2EC0C
331
2EC19
331
2EC1A
331
2EC26
331
2EC27
102
}
 70
     0
280
     1
281
     0
  0
BLOCK_RECORD
  5
A60
330
1
100
AcDbSymbolTableRecord
100
AcDbBlockTableRecord
  2
$2$_DotSmall
340
0
 70
     0
280
     1
281
     0
  0
BLOCK_RECORD
  5
12B6
330
1
100
AcDbSymbolTableRecord
100
AcDbBlockTableRecord
  2
_ClosedBlank
340
0
 70
     0
280
     1
281
     0
  0
BLOCK_RECORD
  5
92BD
330
1
100
AcDbSymbolTableRecord
100
AcDbBlockTableRecord
  2
_Open90
340
0
 70
     0
280
     1
281
     0
  0
BLOCK_RECORD
  5
2EADA
330
1
100
AcDbSymbolTableRecord
100
AcDbBlockTableRecord
  2
*D547
340
0
 70
     0
280
     1
281
     0
  0
BLOCK_RECORD
  5
2EAE8
330
1
100
AcDbSymbolTableRecord
100
AcDbBlockTableRecord
  2
*D548
340
0
 70
     0
280
     1
281
     0
  0
BLOCK_RECORD
  5
2EAF5
330
1
100
AcDbSymbolTableRecord
100
AcDbBlockTableRecord
  2
*D549
340
0
 70
     0
280
     1
281
     0
  0
BLOCK_RECORD
  5
2EB03
330
1
100
AcDbSymbolTableRecord
100
AcDbBlockTableRecord
  2
*D550
340
0
 70
     0
280
     1
281
     0
  0
BLOCK_RECORD
  5
2EB11
330
1
100
AcDbSymbolTableRecord
100
AcDbBlockTableRecord
  2
*D551
340
0
 70
     0
280
     1
281
     0
  0
BLOCK_RECORD
  5
2EB1D
330
1
100
AcDbSymbolTableRecord
100
AcDbBlockTableRecord
  2
*D552
340
0
 70
     0
280
     1
281
     0
  0
BLOCK_RECORD
  5
2EB29
330
1
100
AcDbSymbolTableRecord
100
AcDbBlockTableRecord
  2
*D553
340
0
 70
     0
280
     1
281
     0
  0
BLOCK_RECORD
  5
2EB35
330
1
100
AcDbSymbolTableRecord
100
AcDbBlockTableRecord
  2
*D554
340
0
 70
     0
280
     1
281
     0
  0
BLOCK_RECORD
  5
2EB41
330
1
100
AcDbSymbolTableRecord
100
AcDbBlockTableRecord
  2
*D555
340
0
 70
     0
280
     1
281
     0
  0
BLOCK_RECORD
  5
2EB4D
330
1
100
AcDbSymbolTableRecord
100
AcDbBlockTableRecord
  2
*D556
340
0
 70
     0
280
     1
281
     0
  0
BLOCK_RECORD
  5
2EB59
330
1
100
AcDbSymbolTableRecord
100
AcDbBlockTableRecord
  2
*D557
340
0
 70
     0
280
     1
281
     0
  0
BLOCK_RECORD
  5
2EB65
330
1
100
AcDbSymbolTableRecord
100
AcDbBlockTableRecord
  2
*D558
340
0
 70
     0
280
     1
281
     0
  0
BLOCK_RECORD
  5
2EB71
330
1
100
AcDbSymbolTableRecord
100
AcDbBlockTableRecord
  2
*D559
340
0
 70
     0
280
     1
281
     0
  0
BLOCK_RECORD
  5
2EB7D
330
1
100
AcDbSymbolTableRecord
100
AcDbBlockTableRecord
  2
*D560
340
0
 70
     0
280
     1
281
     0
  0
BLOCK_RECORD
  5
2EB89
330
1
100
AcDbSymbolTableRecord
100
AcDbBlockTableRecord
  2
*D561
340
0
 70
     0
280
     1
281
     0
  0
BLOCK_RECORD
  5
2EB95
330
1
100
AcDbSymbolTableRecord
100
AcDbBlockTableRecord
  2
*D562
340
0
 70
     0
280
     1
281
     0
  0
BLOCK_RECORD
  5
2EBA1
330
1
100
AcDbSymbolTableRecord
100
AcDbBlockTableRecord
  2
*D563
340
0
 70
     0
280
     1
281
     0
  0
BLOCK_RECORD
  5
2EBAD
330
1
100
AcDbSymbolTableRecord
100
AcDbBlockTableRecord
  2
*D564
340
0
 70
     0
280
     1
281
     0
  0
BLOCK_RECORD
  5
2EBB9
330
1
100
AcDbSymbolTableRecord
100
AcDbBlockTableRecord
  2
*D565
340
0
 70
     0
280
     1
281
     0
  0
BLOCK_RECORD
  5
2EBC5
330
1
100
AcDbSymbolTableRecord
100
AcDbBlockTableRecord
  2
*D566
340
0
 70
     0
280
     1
281
     0
  0
BLOCK_RECORD
  5
2EBD1
330
1
100
AcDbSymbolTableRecord
100
AcDbBlockTableRecord
  2
*D567
340
0
 70
     0
280
     1
281
     0
  0
BLOCK_RECORD
  5
2EBDD
330
1
100
AcDbSymbolTableRecord
100
AcDbBlockTableRecord
  2
*D568
340
0
 70
     0
280
     1
281
     0
  0
BLOCK_RECORD
  5
2EBE9
330
1
100
AcDbSymbolTableRecord
100
AcDbBlockTableRecord
  2
*D569
340
0
 70
     0
280
     1
281
     0
  0
BLOCK_RECORD
  5
2EBF7
330
1
100
AcDbSymbolTableRecord
100
AcDbBlockTableRecord
  2
*D570
340
0
 70
     0
280
     1
281
     0
  0
BLOCK_RECORD
  5
2EC05
330
1
100
AcDbSymbolTableRecord
100
AcDbBlockTableRecord
  2
*D571
340
0
 70
     0
280
     1
281
     0
  0
BLOCK_RECORD
  5
2EC13
330
1
100
AcDbSymbolTableRecord
100
AcDbBlockTableRecord
  2
*D572
340
0
 70
     0
280
     1
281
     0
  0
BLOCK_RECORD
  5
2EC21
330
1
100
AcDbSymbolTableRecord
100
AcDbBlockTableRecord
  2
*D573
340
0
 70
     0
280
     1
281
     0
  0
BLOCK_RECORD
  5
2EC2D
102
{ACAD_XDICTIONARY
360
2ED1C
102
}
330
1
100
AcDbSymbolTableRecord
100
AcDbBlockTableRecord
  2
A$C2a48e972
340
0
 70
     0
280
     1
281
     0
  0
ENDTAB
  0
ENDSEC
  0
SECTION
  2
BLOCKS
  0
BLOCK
  5
20
330
1F
100
AcDbEntity
  8
0
100
AcDbBlockBegin
  2
*Model_Space
 70
     0
 10
0.0
 20
0.0
 30
0.0
  3
*Model_Space
  1

  0
ENDBLK
  5
21
330
1F
100
AcDbEntity
  8
0
100
AcDbBlockEnd
  0
BLOCK
  5
5A
330
58
100
AcDbEntity
 67
     1
  8
0
100
AcDbBlockBegin
  2
*Paper_Space
 70
     0
 10
0.0
 20
0.0
 30
0.0
  3
*Paper_Space
  1

  0
ENDBLK
  5
5B
330
58
100
AcDbEntity
 67
     1
  8
0
100
AcDbBlockEnd
  0
BLOCK
  5
5F
330
5D
100
AcDbEntity
  8
0
100
AcDbBlockBegin
  2
*Paper_Space0
 70
     0
 10
0.0
 20
0.0
 30
0.0
  3
*Paper_Space0
  1

  0
ENDBLK
  5
60
330
5D
100
AcDbEntity
  8
0
100
AcDbBlockEnd
  0
BLOCK
  5
A5D
330
A5C
100
AcDbEntity
  8
0
 48
0.25
370
    -1
100
AcDbBlockBegin
  2
_OBLIQUE
 70
     0
 10
0.0
 20
0.0
 30
0.0
  3
_OBLIQUE
  1

  0
LINE
  5
A5E
330
A5C
100
AcDbEntity
  8
0
  6
ByBlock
 62
     0
 48
0.25
370
    -1
100
AcDbLine
 10
-0.5
 20
-0.5
 30
0.0
 11
0.5
 21
0.5
 31
0.0
  0
ENDBLK
  5
A5F
330
A5C
100
AcDbEntity
  8
0
 48
0.25
370
    -1
100
AcDbBlockEnd
  0
BLOCK
  5
A61
330
A60
100
AcDbEntity
  8
0
 62
    40
420
 16308017
100
AcDbBlockBegin
  2
$2$_DotSmall
 70
     0
 10
0.0
 20
0.0
 30
0.0
  3
$2$_DotSmall
  1

  0
LWPOLYLINE
  5
A62
330
A60
100
AcDbEntity
  8
0
  6
ByBlock
 62
     0
100
AcDbPolyline
 90
        2
 70
     1
 43
0.5
 10
-0.0625
 20
0.0
 42
1.0
 10
0.0625
 20
0.0
 42
1.0
  0
ENDBLK
  5
A63
330
A60
100
AcDbEntity
  8
0
 62
    40
420
 16308017
100
AcDbBlockEnd
  0
BLOCK
  5
12B7
330
12B6
100
AcDbEntity
  8
0
 48
0.25
100
AcDbBlockBegin
  2
_ClosedBlank
 70
     0
 10
0.0
 20
0.0
 30
0.0
  3
_ClosedBlank
  1

  0
LINE
  5
12B8
330
12B6
100
AcDbEntity
  8
0
  6
ByBlock
 62
     0
370
    -2
100
AcDbLine
 10
-1.0
 20
0.1666666666666667
 30
0.0
 11
0.0
 21
0.0
 31
0.0
  0
LINE
  5
12B9
330
12B6
100
AcDbEntity
  8
0
  6
ByBlock
 62
     0
370
    -2
100
AcDbLine
 10
0.0
 20
0.0
 30
0.0
 11
-1.0
 21
-0.1666666666666667
 31
0.0
  0
LINE
  5
12BA
330
12B6
100
AcDbEntity
  8
0
  6
ByBlock
 62
     0
370
    -2
100
AcDbLine
 10
-1.0
 20
0.1666666666666667
 30
0.0
 11
-1.0
 21
-0.1666666666666667
 31
0.0
  0
ENDBLK
  5
12BB
330
12B6
100
AcDbEntity
  8
0
 48
0.25
100
AcDbBlockEnd
  0
BLOCK
  5
92BE
330
92BD
100
AcDbEntity
  8
0
 48
0.25
100
AcDbBlockBegin
  2
_Open90
 70
     0
 10
0.0
 20
0.0
 30
0.0
  3
_Open90
  1

  0
LINE
  5
92BF
330
92BD
100
AcDbEntity
  8
0
  6
ByBlock
 62
     0
370
    -2
100
AcDbLine
 10
-0.5
 20
0.5
 30
0.0
 11
0.0
 21
0.0
 31
0.0
  0
LINE
  5
92C0
330
92BD
100
AcDbEntity
  8
0
  6
ByBlock
 62
     0
370
    -2
100
AcDbLine
 10
0.0
 20
0.0
 30
0.0
 11
-0.5
 21
-0.5
 31
0.0
  0
LINE
  5
92C1
330
92BD
100
AcDbEntity
  8
0
  6
ByBlock
 62
     0
370
    -2
100
AcDbLine
 10
0.0
 20
0.0
 30
0.0
 11
-1.0
 21
0.0
 31
0.0
  0
ENDBLK
  5
92C2
330
92BD
100
AcDbEntity
  8
0
 48
0.25
100
AcDbBlockEnd
  0
BLOCK
  5
2EADB
330
2EADA
100
AcDbEntity
  8
0
 48
0.25
100
AcDbBlockBegin
  2
*D547
 70
     1
 10
0.0
 20
0.0
 30
0.0
  3
*D547
  1

  0
LINE
  5
2EADC
330
2EADA
100
AcDbEntity
  8
DIMS
 62
     0
440
 16777216
 48
0.25
370
     9
100
AcDbLine
 10
38766.2572988784
 20
-212.1402559591077
 30
0.0
 11
38766.2572988784
 21
-225.5562881937262
 31
0.0
  0
LINE
  5
2EADD
330
2EADA
100
AcDbEntity
  8
DIMS
 62
     0
440
 16777216
 48
0.25
370
     9
100
AcDbLine
 10
38764.0697988784
 20
-211.6727359591075
 30
0.0
 11
38764.0697988784
 21
-225.5562881937262
 31
0.0
  0
LINE
  5
2EADE
330
2EADA
100
AcDbEntity
  8
DIMS
 62
     0
440
 16777216
 48
0.25
370
     9
100
AcDbLine
 10
38766.2572988784
 20
-223.5562881937262
 30
0.0
 11
38764.0697988784
 21
-223.5562881937262
 31
0.0
  0
LINE
  5
2EADF
330
2EADA
100
AcDbEntity
  8
DIMS
 62
     0
440
 16777216
 48
0.25
370
     9
100
AcDbLine
 10
38764.0697988784
 20
-223.5562881937262
 30
0.0
 11
38752.34122744983
 21
-223.5562881937262
 31
0.0
  0
INSERT
  5
2EAE0
330
2EADA
100
AcDbEntity
  8
DIMS
 62
     0
440
 16777216
 48
0.25
370
     9
100
AcDbBlockReference
  2
_OBLIQUE
 10
38766.2572988784
 20
-223.5562881937262
 30
0.0
 41
1.5
 42
1.5
 43
1.5
  0
INSERT
  5
2EAE1
330
2EADA
100
AcDbEntity
  8
DIMS
 62
     0
440
 16777216
 48
0.25
370
     9
100
AcDbBlockReference
  2
_OBLIQUE
 10
38764.0697988784
 20
-223.5562881937262
 30
0.0
 41
1.5
 42
1.5
 43
1.5
 50
180.0
  0
MTEXT
  5
2EAE2
330
2EADA
100
AcDbEntity
  8
DIMS
 62
     0
440
 16777216
 48
0.25
100
AcDbMText
 10
38757.45551316411
 20
-220.8062881937262
 30
0.0
 40
1.5
 41
0.0
 46
0.0
 71
     5
 72
     1
  1
\A1;2{\H1x;\S3/16;}" TO
 73
     1
 44
1.0
  0
MTEXT
  5
2EAE3
330
2EADA
100
AcDbEntity
  8
DIMS
 62
     0
440
 16777216
 48
0.25
100
AcDbMText
 10
38757.45551316411
 20
-225.3062881937262
 30
0.0
 40
1.5
 41
0.0
 46
0.0
 71
     5
 72
     1
  1
\A1;B.O. CLIP
 73
     1
 44
1.0
  0
POINT
  5
2EAE4
330
2EADA
100
AcDbEntity
  8
Defpoints
 62
     0
440
 16777216
 48
0.25
100
AcDbPoint
 10
38766.2572988784
 20
-210.1402559591077
 30
0.0
  0
POINT
  5
2EAE5
330
2EADA
100
AcDbEntity
  8
Defpoints
 62
     0
440
 16777216
 48
0.25
100
AcDbPoint
 10
38764.0697988784
 20
-209.6727359591075
 30
0.0
  0
POINT
  5
2EAE6
330
2EADA
100
AcDbEntity
  8
Defpoints
 62
     0
440
 16777216
 48
0.25
100
AcDbPoint
 10
38764.0697988784
 20
-223.5562881937262
 30
0.0
  0
ENDBLK
  5
2EAE7
330
2EADA
100
AcDbEntity
  8
0
 48
0.25
100
AcDbBlockEnd
  0
BLOCK
  5
2EAE9
330
2EAE8
100
AcDbEntity
  8
0
 48
0.25
100
AcDbBlockBegin
  2
*D548
 70
     1
 10
0.0
 20
0.0
 30
0.0
  3
*D548
  1

  0
LINE
  5
2EAEA
330
2EAE8
100
AcDbEntity
  8
DIMS
 62
     0
440
 16777216
 48
0.25
370
     9
100
AcDbLine
 10
38766.2572988784
 20
-181.9634231585371
 30
0.0
 11
38766.2572988784
 21
-173.7146124302014
 31
0.0
  0
LINE
  5
2EAEB
330
2EAE8
100
AcDbEntity
  8
DIMS
 62
     0
440
 16777216
 48
0.25
370
     9
100
AcDbLine
 10
38764.0697988784
 20
-182.430943158537
 30
0.0
 11
38764.0697988784
 21
-173.7146124302014
 31
0.0
  0
LINE
  5
2EAEC
330
2EAE8
100
AcDbEntity
  8
DIMS
 62
     0
440
 16777216
 48
0.25
370
     9
100
AcDbLine
 10
38766.2572988784
 20
-175.7146124302014
 30
0.0
 11
38764.0697988784
 21
-175.7146124302014
 31
0.0
  0
LINE
  5
2EAED
330
2EAE8
100
AcDbEntity
  8
DIMS
 62
     0
440
 16777216
 48
0.25
370
     9
100
AcDbLine
 10
38764.0697988784
 20
-175.7146124302014
 30
0.0
 11
38756.9697988784
 21
-175.7146124302014
 31
0.0
  0
INSERT
  5
2EAEE
330
2EAE8
100
AcDbEntity
  8
DIMS
 62
     0
440
 16777216
 48
0.25
370
     9
100
AcDbBlockReference
  2
_OBLIQUE
 10
38766.2572988784
 20
-175.7146124302014
 30
0.0
 41
1.5
 42
1.5
 43
1.5
  0
INSERT
  5
2EAEF
330
2EAE8
100
AcDbEntity
  8
DIMS
 62
     0
440
 16777216
 48
0.25
370
     9
100
AcDbBlockReference
  2
_OBLIQUE
 10
38764.0697988784
 20
-175.7146124302014
 30
0.0
 41
1.5
 42
1.5
 43
1.5
 50
180.0
  0
MTEXT
  5
2EAF0
330
2EAE8
100
AcDbEntity
  8
DIMS
 62
     0
440
 16777216
 48
0.25
100
AcDbMText
 10
38759.76979887839
 20
-172.9646124302014
 30
0.0
 40
1.5
 41
0.0
 46
0.0
 71
     5
 72
     1
  1
\A1;2{\H1x;\S3/16;}"
 73
     1
 44
1.0
  0
POINT
  5
2EAF1
330
2EAE8
100
AcDbEntity
  8
Defpoints
 62
     0
440
 16777216
 48
0.25
100
AcDbPoint
 10
38766.2572988784
 20
-183.9634231585371
 30
0.0
  0
POINT
  5
2EAF2
330
2EAE8
100
AcDbEntity
  8
Defpoints
 62
     0
440
 16777216
 48
0.25
100
AcDbPoint
 10
38764.0697988784
 20
-184.430943158537
 30
0.0
  0
POINT
  5
2EAF3
330
2EAE8
100
AcDbEntity
  8
Defpoints
 62
     0
440
 16777216
 48
0.25
100
AcDbPoint
 10
38764.0697988784
 20
-175.7146124302014
 30
0.0
  0
ENDBLK
  5
2EAF4
330
2EAE8
100
AcDbEntity
  8
0
 48
0.25
100
AcDbBlockEnd
  0
BLOCK
  5
2EAF6
330
2EAF5
100
AcDbEntity
  8
0
 48
0.25
100
AcDbBlockBegin
  2
*D549
 70
     1
 10
0.0
 20
0.0
 30
0.0
  3
*D549
  1

  0
LINE
  5
2EAF7
330
2EAF5
100
AcDbEntity
  8
DIMS
 62
     0
440
 16777216
 48
0.25
370
     9
100
AcDbLine
 10
38736.53731887842
 20
-241.8602359591076
 30
0.0
 11
38745.92914017332
 21
-241.8602359591076
 31
0.0
  0
LINE
  5
2EAF8
330
2EAF5
100
AcDbEntity
  8
DIMS
 62
     0
440
 16777216
 48
0.25
370
     9
100
AcDbLine
 10
38736.06979887842
 20
-239.6727359591076
 30
0.0
 11
38745.92914017332
 21
-239.6727359591076
 31
0.0
  0
LINE
  5
2EAF9
330
2EAF5
100
AcDbEntity
  8
DIMS
 62
     0
440
 16777216
 48
0.25
370
     9
100
AcDbLine
 10
38743.92914017332
 20
-241.8602359591076
 30
0.0
 11
38743.92914017332
 21
-239.6727359591076
 31
0.0
  0
LINE
  5
2EAFA
330
2EAF5
100
AcDbEntity
  8
DIMS
 62
     0
440
 16777216
 48
0.25
370
     9
100
AcDbLine
 10
38743.92914017332
 20
-239.6727359591076
 30
0.0
 11
38743.92914017332
 21
-227.9441645305362
 31
0.0
  0
INSERT
  5
2EAFB
330
2EAF5
100
AcDbEntity
  8
DIMS
 62
     0
440
 16777216
 48
0.25
370
     9
100
AcDbBlockReference
  2
_OBLIQUE
 10
38743.92914017332
 20
-241.8602359591076
 30
0.0
 41
1.5
 42
1.5
 43
1.5
 50
270.0
  0
INSERT
  5
2EAFC
330
2EAF5
100
AcDbEntity
  8
DIMS
 62
     0
440
 16777216
 48
0.25
370
     9
100
AcDbBlockReference
  2
_OBLIQUE
 10
38743.92914017332
 20
-239.6727359591076
 30
0.0
 41
1.5
 42
1.5
 43
1.5
 50
90.0
  0
MTEXT
  5
2EAFD
330
2EAF5
100
AcDbEntity
  8
DIMS
 62
     0
440
 16777216
 48
0.25
100
AcDbMText
 10
38741.17914017331
 20
-233.0584502448328
 30
0.0
 40
1.5
 41
0.0
 46
0.0
 71
     5
 72
     1
  1
\A1;2{\H1x;\S3/16;}" TO
 11
6.123233995736766E-17
 21
1.0
 31
0.0
 73
     1
 44
1.0
  0
MTEXT
  5
2EAFE
330
2EAF5
100
AcDbEntity
  8
DIMS
 62
     0
440
 16777216
 48
0.25
100
AcDbMText
 10
38745.67914017331
 20
-233.0584502448328
 30
0.0
 40
1.5
 41
0.0
 46
0.0
 71
     5
 72
     1
  1
\A1;B.O. CLIP
 11
6.123233995736766E-17
 21
1.0
 31
0.0
 73
     1
 44
1.0
  0
POINT
  5
2EAFF
330
2EAF5
100
AcDbEntity
  8
Defpoints
 62
     0
440
 16777216
 48
0.25
100
AcDbPoint
 10
38734.53731887842
 20
-241.8602359591076
 30
0.0
  0
POINT
  5
2EB00
330
2EAF5
100
AcDbEntity
  8
Defpoints
 62
     0
440
 16777216
 48
0.25
100
AcDbPoint
 10
38734.06979887842
 20
-239.6727359591076
 30
0.0
  0
POINT
  5
2EB01
330
2EAF5
100
AcDbEntity
  8
Defpoints
 62
     0
440
 16777216
 48
0.25
100
AcDbPoint
 10
38743.92914017332
 20
-239.6727359591076
 30
0.0
  0
ENDBLK
  5
2EB02
330
2EAF5
100
AcDbEntity
  8
0
 48
0.25
100
AcDbBlockEnd
  0
BLOCK
  5
2EB04
330
2EB03
100
AcDbEntity
  8
0
 48
0.25
100
AcDbBlockBegin
  2
*D550
 70
     1
 10
0.0
 20
0.0
 30
0.0
  3
*D550
  1

  0
LINE
  5
2EB05
330
2EB03
100
AcDbEntity
  8
DIMS
 62
     0
440
 16777216
 48
0.25
370
     9
100
AcDbLine
 10
38682.71297571831
 20
-241.8602359591076
 30
0.0
 11
38671.24655904786
 21
-241.8602359591076
 31
0.0
  0
LINE
  5
2EB06
330
2EB03
100
AcDbEntity
  8
DIMS
 62
     0
440
 16777216
 48
0.25
370
     9
100
AcDbLine
 10
38683.18049571831
 20
-239.6727359591076
 30
0.0
 11
38671.24655904786
 21
-239.6727359591076
 31
0.0
  0
LINE
  5
2EB07
330
2EB03
100
AcDbEntity
  8
DIMS
 62
     0
440
 16777216
 48
0.25
370
     9
100
AcDbLine
 10
38673.24655904786
 20
-241.8602359591076
 30
0.0
 11
38673.24655904786
 21
-239.6727359591076
 31
0.0
  0
LINE
  5
2EB08
330
2EB03
100
AcDbEntity
  8
DIMS
 62
     0
440
 16777216
 48
0.25
370
     9
100
AcDbLine
 10
38673.24655904786
 20
-239.6727359591076
 30
0.0
 11
38673.24655904786
 21
-227.9441645305362
 31
0.0
  0
INSERT
  5
2EB09
330
2EB03
100
AcDbEntity
  8
DIMS
 62
     0
440
 16777216
 48
0.25
370
     9
100
AcDbBlockReference
  2
_OBLIQUE
 10
38673.24655904786
 20
-241.8602359591076
 30
0.0
 41
1.5
 42
1.5
 43
1.5
 50
270.0
  0
INSERT
  5
2EB0A
330
2EB03
100
AcDbEntity
  8
DIMS
 62
     0
440
 16777216
 48
0.25
370
     9
100
AcDbBlockReference
  2
_OBLIQUE
 10
38673.24655904786
 20
-239.6727359591076
 30
0.0
 41
1.5
 42
1.5
 43
1.5
 50
90.0
  0
MTEXT
  5
2EB0B
330
2EB03
100
AcDbEntity
  8
DIMS
 62
     0
440
 16777216
 48
0.25
100
AcDbMText
 10
38670.49655904786
 20
-233.0584502448328
 30
0.0
 40
1.5
 41
0.0
 46
0.0
 71
     5
 72
     1
  1
\A1;2{\H1x;\S3/16;}" TO
 11
6.123233995736766E-17
 21
1.0
 31
0.0
 73
     1
 44
1.0
  0
MTEXT
  5
2EB0C
330
2EB03
100
AcDbEntity
  8
DIMS
 62
     0
440
 16777216
 48
0.25
100
AcDbMText
 10
38674.99655904786
 20
-233.0584502448328
 30
0.0
 40
1.5
 41
0.0
 46
0.0
 71
     5
 72
     1
  1
\A1;B.O. CLIP
 11
6.123233995736766E-17
 21
1.0
 31
0.0
 73
     1
 44
1.0
  0
POINT
  5
2EB0D
330
2EB03
100
AcDbEntity
  8
Defpoints
 62
     0
440
 16777216
 48
0.25
100
AcDbPoint
 10
38684.71297571831
 20
-241.8602359591076
 30
0.0
  0
POINT
  5
2EB0E
330
2EB03
100
AcDbEntity
  8
Defpoints
 62
     0
440
 16777216
 48
0.25
100
AcDbPoint
 10
38685.18049571831
 20
-239.6727359591076
 30
0.0
  0
POINT
  5
2EB0F
330
2EB03
100
AcDbEntity
  8
Defpoints
 62
     0
440
 16777216
 48
0.25
100
AcDbPoint
 10
38673.24655904786
 20
-239.6727359591076
 30
0.0
  0
ENDBLK
  5
2EB10
330
2EB03
100
AcDbEntity
  8
0
 48
0.25
100
AcDbBlockEnd
  0
BLOCK
  5
2EB12
330
2EB11
100
AcDbEntity
  8
0
 48
0.25
100
AcDbBlockBegin
  2
*D551
 70
     1
 10
0.0
 20
0.0
 30
0.0
  3
*D551
  1

  0
LINE
  5
2EB13
330
2EB11
100
AcDbEntity
  8
DIMS
 62
     0
440
 16777216
 48
0.25
370
     9
100
AcDbLine
 10
38700.74643861624
 20
-187.0945808798297
 30
0.0
 11
38699.59175172173
 21
-178.8785567117548
 31
0.0
  0
LINE
  5
2EB14
330
2EB11
100
AcDbEntity
  8
DIMS
 62
     0
440
 16777216
 48
0.25
370
     9
100
AcDbLine
 10
38712.62965544114
 20
-185.4245036683114
 30
0.0
 11
38711.47496854663
 21
-177.2084795002356
 31
0.0
  0
LINE
  5
2EB15
330
2EB11
100
AcDbEntity
  8
DIMS
 62
     0
440
 16777216
 48
0.25
370
     9
100
AcDbLine
 10
38699.87009792365
 20
-180.8590928492376
 30
0.0
 11
38711.75331474855
 21
-179.1890156377185
 31
0.0
  0
INSERT
  5
2EB16
330
2EB11
100
AcDbEntity
  8
DIMS
 62
     0
440
 16777216
 48
0.25
370
     9
100
AcDbBlockReference
  2
_OBLIQUE
 10
38699.87009792365
 20
-180.8590928492376
 30
0.0
 41
1.5
 42
1.5
 43
1.5
 50
187.9999999999921
  0
INSERT
  5
2EB17
330
2EB11
100
AcDbEntity
  8
DIMS
 62
     0
440
 16777216
 48
0.25
370
     9
100
AcDbBlockReference
  2
_OBLIQUE
 10
38711.75331474855
 20
-179.1890156377185
 30
0.0
 41
1.5
 42
1.5
 43
1.5
 50
7.99999999999211
  0
MTEXT
  5
2EB18
330
2EB11
100
AcDbEntity
  8
DIMS
 62
     0
440
 16777216
 48
0.25
100
AcDbMText
 10
38705.54827153786
 20
-178.1496182562178
 30
0.0
 40
1.5
 41
0.0
 46
0.0
 71
     5
 72
     1
  1
\A1;12"
 11
0.9902680687415895
 21
0.1391731009599291
 31
0.0
 73
     1
 44
1.0
  0
POINT
  5
2EB19
330
2EB11
100
AcDbEntity
  8
Defpoints
 62
     0
440
 16777216
 48
0.25
100
AcDbPoint
 10
38701.02478481816
 20
-189.0751170173135
 30
0.0
  0
POINT
  5
2EB1A
330
2EB11
100
AcDbEntity
  8
Defpoints
 62
     0
440
 16777216
 48
0.25
100
AcDbPoint
 10
38712.90800164306
 20
-187.4050398057952
 30
0.0
  0
POINT
  5
2EB1B
330
2EB11
100
AcDbEntity
  8
Defpoints
 62
     0
440
 16777216
 48
0.25
100
AcDbPoint
 10
38711.75331474855
 20
-179.1890156377185
 30
0.0
  0
ENDBLK
  5
2EB1C
330
2EB11
100
AcDbEntity
  8
0
 48
0.25
100
AcDbBlockEnd
  0
BLOCK
  5
2EB1E
330
2EB1D
100
AcDbEntity
  8
0
 48
0.25
100
AcDbBlockBegin
  2
*D552
 70
     1
 10
0.0
 20
0.0
 30
0.0
  3
*D552
  1

  0
LINE
  5
2EB1F
330
2EB1D
100
AcDbEntity
  8
DIMS
 62
     0
440
 16777216
 48
0.25
370
     9
100
AcDbLine
 10
38700.74643861625
 20
-187.0945808798297
 30
0.0
 11
38699.59175172173
 21
-178.8785567117602
 31
0.0
  0
LINE
  5
2EB20
330
2EB1D
100
AcDbEntity
  8
DIMS
 62
     0
440
 16777216
 48
0.25
370
     9
100
AcDbLine
 10
38688.86322179135
 20
-188.7646580913497
 30
0.0
 11
38687.70853489683
 21
-180.5486339232793
 31
0.0
  0
LINE
  5
2EB21
330
2EB1D
100
AcDbEntity
  8
DIMS
 62
     0
440
 16777216
 48
0.25
370
     9
100
AcDbLine
 10
38699.87009792366
 20
-180.8590928492431
 30
0.0
 11
38687.98688109876
 21
-182.5291700607622
 31
0.0
  0
INSERT
  5
2EB22
330
2EB1D
100
AcDbEntity
  8
DIMS
 62
     0
440
 16777216
 48
0.25
370
     9
100
AcDbBlockReference
  2
_OBLIQUE
 10
38699.87009792366
 20
-180.8590928492431
 30
0.0
 41
1.5
 42
1.5
 43
1.5
 50
7.999999999992058
  0
INSERT
  5
2EB23
330
2EB1D
100
AcDbEntity
  8
DIMS
 62
     0
440
 16777216
 48
0.25
370
     9
100
AcDbBlockReference
  2
_OBLIQUE
 10
38687.98688109876
 20
-182.5291700607622
 30
0.0
 41
1.5
 42
1.5
 43
1.5
 50
187.9999999999921
  0
MTEXT
  5
2EB24
330
2EB1D
100
AcDbEntity
  8
DIMS
 62
     0
440
 16777216
 48
0.25
100
AcDbMText
 10
38693.66505471296
 20
-179.8196954677414
 30
0.0
 40
1.5
 41
0.0
 46
0.0
 71
     5
 72
     1
  1
\A1;12"
 11
0.9902680687415896
 21
0.1391731009599284
 31
0.0
 73
     1
 44
1.0
  0
POINT
  5
2EB25
330
2EB1D
100
AcDbEntity
  8
Defpoints
 62
     0
440
 16777216
 48
0.25
100
AcDbPoint
 10
38701.02478481817
 20
-189.0751170173135
 30
0.0
  0
POINT
  5
2EB26
330
2EB1D
100
AcDbEntity
  8
Defpoints
 62
     0
440
 16777216
 48
0.25
100
AcDbPoint
 10
38689.14156799327
 20
-190.7451942288335
 30
0.0
  0
POINT
  5
2EB27
330
2EB1D
100
AcDbEntity
  8
Defpoints
 62
     0
440
 16777216
 48
0.25
100
AcDbPoint
 10
38687.98688109876
 20
-182.5291700607622
 30
0.0
  0
ENDBLK
  5
2EB28
330
2EB1D
100
AcDbEntity
  8
0
 48
0.25
100
AcDbBlockEnd
  0
BLOCK
  5
2EB2A
330
2EB29
100
AcDbEntity
  8
0
 48
0.25
100
AcDbBlockBegin
  2
*D553
 70
     1
 10
0.0
 20
0.0
 30
0.0
  3
*D553
  1

  0
LINE
  5
2EB2B
330
2EB29
100
AcDbEntity
  8
DIMS
 62
     0
440
 16777216
 48
0.25
370
     9
100
AcDbLine
 10
38688.86322179134
 20
-188.7646580913506
 30
0.0
 11
38687.70853489683
 21
-180.5486339232821
 31
0.0
  0
LINE
  5
2EB2C
330
2EB29
100
AcDbEntity
  8
DIMS
 62
     0
440
 16777216
 48
0.25
370
     9
100
AcDbLine
 10
38684.90214951638
 20
-189.3213504951891
 30
0.0
 11
38683.74746262186
 21
-181.1053263271206
 31
0.0
  0
LINE
  5
2EB2D
330
2EB29
100
AcDbEntity
  8
DIMS
 62
     0
440
 16777216
 48
0.25
370
     9
100
AcDbLine
 10
38687.98688109874
 20
-182.529170060765
 30
0.0
 11
38684.02580882378
 21
-183.0858624646035
 31
0.0
  0
INSERT
  5
2EB2E
330
2EB29
100
AcDbEntity
  8
DIMS
 62
     0
440
 16777216
 48
0.25
370
     9
100
AcDbBlockReference
  2
_OBLIQUE
 10
38687.98688109874
 20
-182.529170060765
 30
0.0
 41
1.5
 42
1.5
 43
1.5
 50
7.999999999992458
  0
INSERT
  5
2EB2F
330
2EB29
100
AcDbEntity
  8
DIMS
 62
     0
440
 16777216
 48
0.25
370
     9
100
AcDbBlockReference
  2
_OBLIQUE
 10
38684.02580882378
 20
-183.0858624646035
 30
0.0
 41
1.5
 42
1.5
 43
1.5
 50
187.9999999999925
  0
MTEXT
  5
2EB30
330
2EB29
100
AcDbEntity
  8
DIMS
 62
     0
440
 16777216
 48
0.25
100
AcDbMText
 10
38685.74291016301
 20
-180.933080275423
 30
0.0
 40
1.5
 41
0.0
 46
0.0
 71
     5
 72
     1
  1
\A1;4"
 11
0.9902680687415886
 21
0.1391731009599355
 31
0.0
 73
     1
 44
1.0
  0
POINT
  5
2EB31
330
2EB29
100
AcDbEntity
  8
Defpoints
 62
     0
440
 16777216
 48
0.25
100
AcDbPoint
 10
38689.14156799326
 20
-190.7451942288344
 30
0.0
  0
POINT
  5
2EB32
330
2EB29
100
AcDbEntity
  8
Defpoints
 62
     0
440
 16777216
 48
0.25
100
AcDbPoint
 10
38685.18049571829
 20
-191.3018866326729
 30
0.0
  0
POINT
  5
2EB33
330
2EB29
100
AcDbEntity
  8
Defpoints
 62
     0
440
 16777216
 48
0.25
100
AcDbPoint
 10
38684.02580882378
 20
-183.0858624646035
 30
0.0
  0
ENDBLK
  5
2EB34
330
2EB29
100
AcDbEntity
  8
0
 48
0.25
100
AcDbBlockEnd
  0
BLOCK
  5
2EB36
330
2EB35
100
AcDbEntity
  8
0
 48
0.25
100
AcDbBlockBegin
  2
*D554
 70
     1
 10
0.0
 20
0.0
 30
0.0
  3
*D554
  1

  0
LINE
  5
2EB37
330
2EB35
100
AcDbEntity
  8
DIMS
 62
     0
440
 16777216
 48
0.25
370
     9
100
AcDbLine
 10
38712.62965544113
 20
-185.4245036683114
 30
0.0
 11
38711.47496854662
 21
-177.2084795002393
 31
0.0
  0
LINE
  5
2EB38
330
2EB35
100
AcDbEntity
  8
DIMS
 62
     0
440
 16777216
 48
0.25
370
     9
100
AcDbLine
 10
38725.86930812654
 20
-183.563791828733
 30
0.0
 11
38724.71462123202
 21
-175.3477676606608
 31
0.0
  0
LINE
  5
2EB39
330
2EB35
100
AcDbEntity
  8
DIMS
 62
     0
440
 16777216
 48
0.25
370
     9
100
AcDbLine
 10
38711.75331474854
 20
-179.1890156377231
 30
0.0
 11
38724.99296743395
 21
-177.3283037981446
 31
0.0
  0
INSERT
  5
2EB3A
330
2EB35
100
AcDbEntity
  8
DIMS
 62
     0
440
 16777216
 48
0.25
370
     9
100
AcDbBlockReference
  2
_OBLIQUE
 10
38711.75331474854
 20
-179.1890156377231
 30
0.0
 41
1.5
 42
1.5
 43
1.5
 50
188.0000000000112
  0
INSERT
  5
2EB3B
330
2EB35
100
AcDbEntity
  8
DIMS
 62
     0
440
 16777216
 48
0.25
370
     9
100
AcDbBlockReference
  2
_OBLIQUE
 10
38724.99296743395
 20
-177.3283037981446
 30
0.0
 41
1.5
 42
1.5
 43
1.5
 50
8.00000000001122
  0
MTEXT
  5
2EB3C
330
2EB35
100
AcDbEntity
  8
DIMS
 62
     0
440
 16777216
 48
0.25
100
AcDbMText
 10
38717.99041506359
 20
-175.5354225288957
 30
0.0
 40
1.5
 41
0.0
 46
0.0
 71
     5
 72
     1
  1
\A1;13{\H1x;\S3/8;}"
 11
0.9902680687415431
 21
0.1391731009602593
 31
0.0
 73
     1
 44
1.0
  0
POINT
  5
2EB3D
330
2EB35
100
AcDbEntity
  8
Defpoints
 62
     0
440
 16777216
 48
0.25
100
AcDbPoint
 10
38712.90800164306
 20
-187.4050398057952
 30
0.0
  0
POINT
  5
2EB3E
330
2EB35
100
AcDbEntity
  8
Defpoints
 62
     0
440
 16777216
 48
0.25
100
AcDbPoint
 10
38726.14765432846
 20
-185.5443279662168
 30
0.0
  0
POINT
  5
2EB3F
330
2EB35
100
AcDbEntity
  8
Defpoints
 62
     0
440
 16777216
 48
0.25
100
AcDbPoint
 10
38724.99296743395
 20
-177.3283037981446
 30
0.0
  0
ENDBLK
  5
2EB40
330
2EB35
100
AcDbEntity
  8
0
 48
0.25
100
AcDbBlockEnd
  0
BLOCK
  5
2EB42
330
2EB41
100
AcDbEntity
  8
0
 48
0.25
100
AcDbBlockBegin
  2
*D555
 70
     1
 10
0.0
 20
0.0
 30
0.0
  3
*D555
  1

  0
LINE
  5
2EB43
330
2EB41
100
AcDbEntity
  8
DIMS
 62
     0
440
 16777216
 48
0.25
370
     9
100
AcDbLine
 10
38725.86930812655
 20
-183.5637918287321
 30
0.0
 11
38724.71462123203
 21
-175.3477676606599
 31
0.0
  0
LINE
  5
2EB44
330
2EB41
100
AcDbEntity
  8
DIMS
 62
     0
440
 16777216
 48
0.25
370
     9
100
AcDbLine
 10
38733.79145267647
 20
-182.4504070210523
 30
0.0
 11
38732.63676578195
 21
-174.2343828529802
 31
0.0
  0
LINE
  5
2EB45
330
2EB41
100
AcDbEntity
  8
DIMS
 62
     0
440
 16777216
 48
0.25
370
     9
100
AcDbLine
 10
38724.99296743395
 20
-177.3283037981428
 30
0.0
 11
38732.91511198387
 21
-176.214918990463
 31
0.0
  0
INSERT
  5
2EB46
330
2EB41
100
AcDbEntity
  8
DIMS
 62
     0
440
 16777216
 48
0.25
370
     9
100
AcDbBlockReference
  2
_OBLIQUE
 10
38724.99296743395
 20
-177.3283037981428
 30
0.0
 41
1.5
 42
1.5
 43
1.5
 50
187.9999999999991
  0
INSERT
  5
2EB47
330
2EB41
100
AcDbEntity
  8
DIMS
 62
     0
440
 16777216
 48
0.25
370
     9
100
AcDbBlockReference
  2
_OBLIQUE
 10
38732.91511198387
 20
-176.214918990463
 30
0.0
 41
1.5
 42
1.5
 43
1.5
 50
7.999999999999159
  0
MTEXT
  5
2EB48
330
2EB41
100
AcDbEntity
  8
DIMS
 62
     0
440
 16777216
 48
0.25
100
AcDbMText
 10
38728.69060491067
 20
-174.8971754070417
 30
0.0
 40
1.5
 41
0.0
 46
0.0
 71
     5
 72
     1
  1
\A1;8"
 11
0.9902680687415724
 21
0.1391731009600509
 31
0.0
 73
     1
 44
1.0
  0
POINT
  5
2EB49
330
2EB41
100
AcDbEntity
  8
Defpoints
 62
     0
440
 16777216
 48
0.25
100
AcDbPoint
 10
38726.14765432847
 20
-185.5443279662159
 30
0.0
  0
POINT
  5
2EB4A
330
2EB41
100
AcDbEntity
  8
Defpoints
 62
     0
440
 16777216
 48
0.25
100
AcDbPoint
 10
38734.06979887839
 20
-184.4309431585361
 30
0.0
  0
POINT
  5
2EB4B
330
2EB41
100
AcDbEntity
  8
Defpoints
 62
     0
440
 16777216
 48
0.25
100
AcDbPoint
 10
38732.91511198387
 20
-176.214918990463
 30
0.0
  0
ENDBLK
  5
2EB4C
330
2EB41
100
AcDbEntity
  8
0
 48
0.25
100
AcDbBlockEnd
  0
BLOCK
  5
2EB4E
330
2EB4D
100
AcDbEntity
  8
0
 48
0.25
100
AcDbBlockBegin
  2
*D556
 70
     1
 10
0.0
 20
0.0
 30
0.0
  3
*D556
  1

  0
LINE
  5
2EB4F
330
2EB4D
100
AcDbEntity
  8
DIMS
 62
     0
440
 16777216
 48
0.25
370
     9
100
AcDbLine
 10
38733.79145267647
 20
-182.4504070210551
 30
0.0
 11
38731.71595749179
 21
-167.6824914250374
 31
0.0
  0
LINE
  5
2EB50
330
2EB4D
100
AcDbEntity
  8
DIMS
 62
     0
440
 16777216
 48
0.25
370
     9
100
AcDbLine
 10
38684.90214951638
 20
-189.32135049519
 30
0.0
 11
38682.8266543317
 21
-174.5534348991723
 31
0.0
  0
LINE
  5
2EB51
330
2EB4D
100
AcDbEntity
  8
DIMS
 62
     0
440
 16777216
 48
0.25
370
     9
100
AcDbLine
 10
38731.99430369371
 20
-169.6630275625203
 30
0.0
 11
38683.10500053362
 21
-176.5339710366552
 31
0.0
  0
INSERT
  5
2EB52
330
2EB4D
100
AcDbEntity
  8
DIMS
 62
     0
440
 16777216
 48
0.25
370
     9
100
AcDbBlockReference
  2
_OBLIQUE
 10
38731.99430369371
 20
-169.6630275625203
 30
0.0
 41
1.5
 42
1.5
 43
1.5
 50
7.999999999997254
  0
INSERT
  5
2EB53
330
2EB4D
100
AcDbEntity
  8
DIMS
 62
     0
440
 16777216
 48
0.25
370
     9
100
AcDbBlockReference
  2
_OBLIQUE
 10
38683.10500053362
 20
-176.5339710366552
 30
0.0
 41
1.5
 42
1.5
 43
1.5
 50
187.9999999999972
  0
MTEXT
  5
2EB54
330
2EB4D
100
AcDbEntity
  8
DIMS
 62
     0
440
 16777216
 48
0.25
100
AcDbMText
 10
38707.16692608602
 20
-170.3752621105486
 30
0.0
 40
1.5
 41
0.0
 46
0.0
 71
     5
 72
     1
  1
\A1;49{\H1x;\S3/8;}"
 11
0.9902680687415769
 21
0.1391731009600181
 31
0.0
 73
     1
 44
1.0
  0
POINT
  5
2EB55
330
2EB4D
100
AcDbEntity
  8
Defpoints
 62
     0
440
 16777216
 48
0.25
100
AcDbPoint
 10
38734.06979887839
 20
-184.430943158538
 30
0.0
  0
POINT
  5
2EB56
330
2EB4D
100
AcDbEntity
  8
Defpoints
 62
     0
440
 16777216
 48
0.25
100
AcDbPoint
 10
38685.1804957183
 20
-191.3018866326729
 30
0.0
  0
POINT
  5
2EB57
330
2EB4D
100
AcDbEntity
  8
Defpoints
 62
     0
440
 16777216
 48
0.25
100
AcDbPoint
 10
38683.10500053362
 20
-176.5339710366552
 30
0.0
  0
ENDBLK
  5
2EB58
330
2EB4D
100
AcDbEntity
  8
0
 48
0.25
100
AcDbBlockEnd
  0
BLOCK
  5
2EB5A
330
2EB59
100
AcDbEntity
  8
0
 48
0.25
100
AcDbBlockBegin
  2
*D557
 70
     1
 10
0.0
 20
0.0
 30
0.0
  3
*D557
  1

  0
LINE
  5
2EB5B
330
2EB59
100
AcDbEntity
  8
DIMS
 62
     0
440
 16777216
 48
0.25
370
     9
100
AcDbLine
 10
38683.18049571831
 20
-205.676886632673
 30
0.0
 11
38674.08177138944
 21
-205.676886632673
 31
0.0
  0
LINE
  5
2EB5C
330
2EB59
100
AcDbEntity
  8
DIMS
 62
     0
440
 16777216
 48
0.25
370
     9
100
AcDbLine
 10
38683.18049571831
 20
-191.301886632673
 30
0.0
 11
38674.08177138944
 21
-191.301886632673
 31
0.0
  0
LINE
  5
2EB5D
330
2EB59
100
AcDbEntity
  8
DIMS
 62
     0
440
 16777216
 48
0.25
370
     9
100
AcDbLine
 10
38676.08177138944
 20
-205.676886632673
 30
0.0
 11
38676.08177138944
 21
-191.301886632673
 31
0.0
  0
INSERT
  5
2EB5E
330
2EB59
100
AcDbEntity
  8
DIMS
 62
     0
440
 16777216
 48
0.25
370
     9
100
AcDbBlockReference
  2
_OBLIQUE
 10
38676.08177138944
 20
-205.676886632673
 30
0.0
 41
1.5
 42
1.5
 43
1.5
 50
270.0
  0
INSERT
  5
2EB5F
330
2EB59
100
AcDbEntity
  8
DIMS
 62
     0
440
 16777216
 48
0.25
370
     9
100
AcDbBlockReference
  2
_OBLIQUE
 10
38676.08177138944
 20
-191.301886632673
 30
0.0
 41
1.5
 42
1.5
 43
1.5
 50
90.0
  0
MTEXT
  5
2EB60
330
2EB59
100
AcDbEntity
  8
DIMS
 62
     0
440
 16777216
 48
0.25
100
AcDbMText
 10
38673.33177138943
 20
-198.4893866326839
 30
0.0
 40
1.5
 41
0.0
 46
0.0
 71
     5
 72
     1
  1
\A1;14{\H1x;\S3/8;}"
 11
6.123233995736766E-17
 21
1.0
 31
0.0
 73
     1
 44
1.0
  0
POINT
  5
2EB61
330
2EB59
100
AcDbEntity
  8
Defpoints
 62
     0
440
 16777216
 48
0.25
100
AcDbPoint
 10
38685.18049571831
 20
-205.676886632673
 30
0.0
  0
POINT
  5
2EB62
330
2EB59
100
AcDbEntity
  8
Defpoints
 62
     0
440
 16777216
 48
0.25
100
AcDbPoint
 10
38685.18049571831
 20
-191.301886632673
 30
0.0
  0
POINT
  5
2EB63
330
2EB59
100
AcDbEntity
  8
Defpoints
 62
     0
440
 16777216
 48
0.25
100
AcDbPoint
 10
38676.08177138944
 20
-191.301886632673
 30
0.0
  0
ENDBLK
  5
2EB64
330
2EB59
100
AcDbEntity
  8
0
 48
0.25
100
AcDbBlockEnd
  0
BLOCK
  5
2EB66
330
2EB65
100
AcDbEntity
  8
0
 48
0.25
100
AcDbBlockBegin
  2
*D558
 70
     1
 10
0.0
 20
0.0
 30
0.0
  3
*D558
  1

  0
LINE
  5
2EB67
330
2EB65
100
AcDbEntity
  8
DIMS
 62
     0
440
 16777216
 48
0.25
370
     9
100
AcDbLine
 10
38682.71297571835
 20
-205.6768866326436
 30
0.0
 11
38674.08177138951
 21
-205.6768866326436
 31
0.0
  0
LINE
  5
2EB68
330
2EB65
100
AcDbEntity
  8
DIMS
 62
     0
440
 16777216
 48
0.25
370
     9
100
AcDbLine
 10
38683.18049571831
 20
-209.6727359591076
 30
0.0
 11
38674.08177138951
 21
-209.6727359591076
 31
0.0
  0
LINE
  5
2EB69
330
2EB65
100
AcDbEntity
  8
DIMS
 62
     0
440
 16777216
 48
0.25
370
     9
100
AcDbLine
 10
38676.08177138951
 20
-205.6768866326436
 30
0.0
 11
38676.08177138951
 21
-209.6727359591076
 31
0.0
  0
INSERT
  5
2EB6A
330
2EB65
100
AcDbEntity
  8
DIMS
 62
     0
440
 16777216
 48
0.25
370
     9
100
AcDbBlockReference
  2
_OBLIQUE
 10
38676.08177138951
 20
-205.6768866326436
 30
0.0
 41
1.5
 42
1.5
 43
1.5
 50
90.0
  0
INSERT
  5
2EB6B
330
2EB65
100
AcDbEntity
  8
DIMS
 62
     0
440
 16777216
 48
0.25
370
     9
100
AcDbBlockReference
  2
_OBLIQUE
 10
38676.08177138951
 20
-209.6727359591076
 30
0.0
 41
1.5
 42
1.5
 43
1.5
 50
270.0
  0
MTEXT
  5
2EB6C
330
2EB65
100
AcDbEntity
  8
DIMS
 62
     0
440
 16777216
 48
0.25
100
AcDbMText
 10
38674.18891424665
 20
-207.6748112958865
 30
0.0
 40
1.5
 41
0.0
 46
0.0
 71
     5
 72
     1
  1
\A1;4"
 11
6.123233995736766E-17
 21
1.0
 31
0.0
 73
     1
 44
1.0
  0
POINT
  5
2EB6D
330
2EB65
100
AcDbEntity
  8
Defpoints
 62
     0
440
 16777216
 48
0.25
100
AcDbPoint
 10
38684.71297571835
 20
-205.6768866326436
 30
0.0
  0
POINT
  5
2EB6E
330
2EB65
100
AcDbEntity
  8
Defpoints
 62
     0
440
 16777216
 48
0.25
100
AcDbPoint
 10
38685.18049571831
 20
-209.6727359591076
 30
0.0
  0
POINT
  5
2EB6F
330
2EB65
100
AcDbEntity
  8
Defpoints
 62
     0
440
 16777216
 48
0.25
100
AcDbPoint
 10
38676.08177138951
 20
-209.6727359591076
 30
0.0
  0
ENDBLK
  5
2EB70
330
2EB65
100
AcDbEntity
  8
0
 48
0.25
100
AcDbBlockEnd
  0
BLOCK
  5
2EB72
330
2EB71
100
AcDbEntity
  8
0
 48
0.25
100
AcDbBlockBegin
  2
*D559
 70
     1
 10
0.0
 20
0.0
 30
0.0
  3
*D559
  1

  0
LINE
  5
2EB73
330
2EB71
100
AcDbEntity
  8
DIMS
 62
     0
440
 16777216
 48
0.25
370
     9
100
AcDbLine
 10
38683.18049571831
 20
-209.6727359591076
 30
0.0
 11
38667.75046355659
 21
-209.6727359591076
 31
0.0
  0
LINE
  5
2EB74
330
2EB71
100
AcDbEntity
  8
DIMS
 62
     0
440
 16777216
 48
0.25
370
     9
100
AcDbLine
 10
38683.18049571831
 20
-191.301886632673
 30
0.0
 11
38667.75046355659
 21
-191.301886632673
 31
0.0
  0
LINE
  5
2EB75
330
2EB71
100
AcDbEntity
  8
DIMS
 62
     0
440
 16777216
 48
0.25
370
     9
100
AcDbLine
 10
38669.75046355659
 20
-209.6727359591076
 30
0.0
 11
38669.75046355659
 21
-191.301886632673
 31
0.0
  0
INSERT
  5
2EB76
330
2EB71
100
AcDbEntity
  8
DIMS
 62
     0
440
 16777216
 48
0.25
370
     9
100
AcDbBlockReference
  2
_OBLIQUE
 10
38669.75046355659
 20
-209.6727359591076
 30
0.0
 41
1.5
 42
1.5
 43
1.5
 50
270.0
  0
INSERT
  5
2EB77
330
2EB71
100
AcDbEntity
  8
DIMS
 62
     0
440
 16777216
 48
0.25
370
     9
100
AcDbBlockReference
  2
_OBLIQUE
 10
38669.75046355659
 20
-191.301886632673
 30
0.0
 41
1.5
 42
1.5
 43
1.5
 50
90.0
  0
MTEXT
  5
2EB78
330
2EB71
100
AcDbEntity
  8
DIMS
 62
     0
440
 16777216
 48
0.25
100
AcDbMText
 10
38667.00046355658
 20
-200.4873112959012
 30
0.0
 40
1.5
 41
0.0
 46
0.0
 71
     5
 72
     1
  1
\A1;18{\H1x;\S3/8;}"
 11
6.123233995736766E-17
 21
1.0
 31
0.0
 73
     1
 44
1.0
  0
POINT
  5
2EB79
330
2EB71
100
AcDbEntity
  8
Defpoints
 62
     0
440
 16777216
 48
0.25
100
AcDbPoint
 10
38685.18049571831
 20
-209.6727359591076
 30
0.0
  0
POINT
  5
2EB7A
330
2EB71
100
AcDbEntity
  8
Defpoints
 62
     0
440
 16777216
 48
0.25
100
AcDbPoint
 10
38685.18049571831
 20
-191.301886632673
 30
0.0
  0
POINT
  5
2EB7B
330
2EB71
100
AcDbEntity
  8
Defpoints
 62
     0
440
 16777216
 48
0.25
100
AcDbPoint
 10
38669.75046355659
 20
-191.301886632673
 30
0.0
  0
ENDBLK
  5
2EB7C
330
2EB71
100
AcDbEntity
  8
0
 48
0.25
100
AcDbBlockEnd
  0
BLOCK
  5
2EB7E
330
2EB7D
100
AcDbEntity
  8
0
 48
0.25
100
AcDbBlockBegin
  2
*D560
 70
     1
 10
0.0
 20
0.0
 30
0.0
  3
*D560
  1

  0
LINE
  5
2EB7F
330
2EB7D
100
AcDbEntity
  8
DIMS
 62
     0
440
 16777216
 48
0.25
370
     9
100
AcDbLine
 10
38736.06979887841
 20
-188.4309431585371
 30
0.0
 11
38749.16703377894
 21
-188.4309431585371
 31
0.0
  0
LINE
  5
2EB80
330
2EB7D
100
AcDbEntity
  8
DIMS
 62
     0
440
 16777216
 48
0.25
370
     9
100
AcDbLine
 10
38736.06979887841
 20
-184.4309431585371
 30
0.0
 11
38749.16703377894
 21
-184.4309431585371
 31
0.0
  0
LINE
  5
2EB81
330
2EB7D
100
AcDbEntity
  8
DIMS
 62
     0
440
 16777216
 48
0.25
370
     9
100
AcDbLine
 10
38747.16703377894
 20
-188.4309431585371
 30
0.0
 11
38747.16703377894
 21
-184.4309431585371
 31
0.0
  0
INSERT
  5
2EB82
330
2EB7D
100
AcDbEntity
  8
DIMS
 62
     0
440
 16777216
 48
0.25
370
     9
100
AcDbBlockReference
  2
_OBLIQUE
 10
38747.16703377894
 20
-188.4309431585371
 30
0.0
 41
1.5
 42
1.5
 43
1.5
 50
270.0
  0
INSERT
  5
2EB83
330
2EB7D
100
AcDbEntity
  8
DIMS
 62
     0
440
 16777216
 48
0.25
370
     9
100
AcDbBlockReference
  2
_OBLIQUE
 10
38747.16703377894
 20
-184.4309431585371
 30
0.0
 41
1.5
 42
1.5
 43
1.5
 50
90.0
  0
MTEXT
  5
2EB84
330
2EB7D
100
AcDbEntity
  8
DIMS
 62
     0
440
 16777216
 48
0.25
100
AcDbMText
 10
38745.27417663608
 20
-186.430943158548
 30
0.0
 40
1.5
 41
0.0
 46
0.0
 71
     5
 72
     1
  1
\A1;4"
 11
6.123233995736766E-17
 21
1.0
 31
0.0
 73
     1
 44
1.0
  0
POINT
  5
2EB85
330
2EB7D
100
AcDbEntity
  8
Defpoints
 62
     0
440
 16777216
 48
0.25
100
AcDbPoint
 10
38734.06979887841
 20
-188.4309431585371
 30
0.0
  0
POINT
  5
2EB86
330
2EB7D
100
AcDbEntity
  8
Defpoints
 62
     0
440
 16777216
 48
0.25
100
AcDbPoint
 10
38734.06979887841
 20
-184.4309431585371
 30
0.0
  0
POINT
  5
2EB87
330
2EB7D
100
AcDbEntity
  8
Defpoints
 62
     0
440
 16777216
 48
0.25
100
AcDbPoint
 10
38747.16703377894
 20
-184.4309431585371
 30
0.0
  0
ENDBLK
  5
2EB88
330
2EB7D
100
AcDbEntity
  8
0
 48
0.25
100
AcDbBlockEnd
  0
BLOCK
  5
2EB8A
330
2EB89
100
AcDbEntity
  8
0
 48
0.25
100
AcDbBlockBegin
  2
*D561
 70
     1
 10
0.0
 20
0.0
 30
0.0
  3
*D561
  1

  0
LINE
  5
2EB8B
330
2EB89
100
AcDbEntity
  8
DIMS
 62
     0
440
 16777216
 48
0.25
370
     9
100
AcDbLine
 10
38736.06979887842
 20
-201.6727359591076
 30
0.0
 11
38749.16703377896
 21
-201.6727359591076
 31
0.0
  0
LINE
  5
2EB8C
330
2EB89
100
AcDbEntity
  8
DIMS
 62
     0
440
 16777216
 48
0.25
370
     9
100
AcDbLine
 10
38736.06979887842
 20
-209.6727359591076
 30
0.0
 11
38749.16703377896
 21
-209.6727359591076
 31
0.0
  0
LINE
  5
2EB8D
330
2EB89
100
AcDbEntity
  8
DIMS
 62
     0
440
 16777216
 48
0.25
370
     9
100
AcDbLine
 10
38747.16703377896
 20
-201.6727359591076
 30
0.0
 11
38747.16703377896
 21
-209.6727359591076
 31
0.0
  0
INSERT
  5
2EB8E
330
2EB89
100
AcDbEntity
  8
DIMS
 62
     0
440
 16777216
 48
0.25
370
     9
100
AcDbBlockReference
  2
_OBLIQUE
 10
38747.16703377896
 20
-201.6727359591076
 30
0.0
 41
1.5
 42
1.5
 43
1.5
 50
90.0
  0
INSERT
  5
2EB8F
330
2EB89
100
AcDbEntity
  8
DIMS
 62
     0
440
 16777216
 48
0.25
370
     9
100
AcDbBlockReference
  2
_OBLIQUE
 10
38747.16703377896
 20
-209.6727359591076
 30
0.0
 41
1.5
 42
1.5
 43
1.5
 50
270.0
  0
MTEXT
  5
2EB90
330
2EB89
100
AcDbEntity
  8
DIMS
 62
     0
440
 16777216
 48
0.25
100
AcDbMText
 10
38745.27417663609
 20
-205.6727359591185
 30
0.0
 40
1.5
 41
0.0
 46
0.0
 71
     5
 72
     1
  1
\A1;8"
 11
6.123233995736766E-17
 21
1.0
 31
0.0
 73
     1
 44
1.0
  0
POINT
  5
2EB91
330
2EB89
100
AcDbEntity
  8
Defpoints
 62
     0
440
 16777216
 48
0.25
100
AcDbPoint
 10
38734.06979887842
 20
-201.6727359591076
 30
0.0
  0
POINT
  5
2EB92
330
2EB89
100
AcDbEntity
  8
Defpoints
 62
     0
440
 16777216
 48
0.25
100
AcDbPoint
 10
38734.06979887842
 20
-209.6727359591076
 30
0.0
  0
POINT
  5
2EB93
330
2EB89
100
AcDbEntity
  8
Defpoints
 62
     0
440
 16777216
 48
0.25
100
AcDbPoint
 10
38747.16703377896
 20
-209.6727359591076
 30
0.0
  0
ENDBLK
  5
2EB94
330
2EB89
100
AcDbEntity
  8
0
 48
0.25
100
AcDbBlockEnd
  0
BLOCK
  5
2EB96
330
2EB95
100
AcDbEntity
  8
0
 48
0.25
100
AcDbBlockBegin
  2
*D562
 70
     1
 10
0.0
 20
0.0
 30
0.0
  3
*D562
  1

  0
LINE
  5
2EB97
330
2EB95
100
AcDbEntity
  8
DIMS
 62
     0
440
 16777216
 48
0.25
370
     9
100
AcDbLine
 10
38736.06979887842
 20
-209.6727359591076
 30
0.0
 11
38757.33428239479
 21
-209.6727359591076
 31
0.0
  0
LINE
  5
2EB98
330
2EB95
100
AcDbEntity
  8
DIMS
 62
     0
440
 16777216
 48
0.25
370
     9
100
AcDbLine
 10
38736.06979887842
 20
-184.4309431585372
 30
0.0
 11
38757.33428239479
 21
-184.4309431585372
 31
0.0
  0
LINE
  5
2EB99
330
2EB95
100
AcDbEntity
  8
DIMS
 62
     0
440
 16777216
 48
0.25
370
     9
100
AcDbLine
 10
38755.33428239479
 20
-209.6727359591076
 30
0.0
 11
38755.33428239479
 21
-184.4309431585372
 31
0.0
  0
INSERT
  5
2EB9A
330
2EB95
100
AcDbEntity
  8
DIMS
 62
     0
440
 16777216
 48
0.25
370
     9
100
AcDbBlockReference
  2
_OBLIQUE
 10
38755.33428239479
 20
-209.6727359591076
 30
0.0
 41
1.5
 42
1.5
 43
1.5
 50
270.0
  0
INSERT
  5
2EB9B
330
2EB95
100
AcDbEntity
  8
DIMS
 62
     0
440
 16777216
 48
0.25
370
     9
100
AcDbBlockReference
  2
_OBLIQUE
 10
38755.33428239479
 20
-184.4309431585372
 30
0.0
 41
1.5
 42
1.5
 43
1.5
 50
90.0
  0
MTEXT
  5
2EB9C
330
2EB95
100
AcDbEntity
  8
DIMS
 62
     0
440
 16777216
 48
0.25
100
AcDbMText
 10
38752.58428239478
 20
-197.0518395588333
 30
0.0
 40
1.5
 41
0.0
 46
0.0
 71
     5
 72
     1
  1
\A1;25{\H1x;\S1/4;}"
 11
6.123233995736766E-17
 21
1.0
 31
0.0
 73
     1
 44
1.0
  0
POINT
  5
2EB9D
330
2EB95
100
AcDbEntity
  8
Defpoints
 62
     0
440
 16777216
 48
0.25
100
AcDbPoint
 10
38734.06979887842
 20
-209.6727359591076
 30
0.0
  0
POINT
  5
2EB9E
330
2EB95
100
AcDbEntity
  8
Defpoints
 62
     0
440
 16777216
 48
0.25
100
AcDbPoint
 10
38734.06979887842
 20
-184.4309431585372
 30
0.0
  0
POINT
  5
2EB9F
330
2EB95
100
AcDbEntity
  8
Defpoints
 62
     0
440
 16777216
 48
0.25
100
AcDbPoint
 10
38755.33428239479
 20
-184.4309431585372
 30
0.0
  0
ENDBLK
  5
2EBA0
330
2EB95
100
AcDbEntity
  8
0
 48
0.25
100
AcDbBlockEnd
  0
BLOCK
  5
2EBA2
330
2EBA1
100
AcDbEntity
  8
0
 48
0.25
100
AcDbBlockBegin
  2
*D563
 70
     1
 10
0.0
 20
0.0
 30
0.0
  3
*D563
  1

  0
LINE
  5
2EBA3
330
2EBA1
100
AcDbEntity
  8
DIMS
 62
     0
440
 16777216
 48
0.25
370
     9
100
AcDbLine
 10
38705.18049571829
 20
-211.6727359591075
 30
0.0
 11
38705.18049571829
 21
-223.0584503099726
 31
0.0
  0
LINE
  5
2EBA4
330
2EBA1
100
AcDbEntity
  8
DIMS
 62
     0
440
 16777216
 48
0.25
370
     9
100
AcDbLine
 10
38717.18049571829
 20
-211.6727359591075
 30
0.0
 11
38717.18049571829
 21
-223.0584503099726
 31
0.0
  0
LINE
  5
2EBA5
330
2EBA1
100
AcDbEntity
  8
DIMS
 62
     0
440
 16777216
 48
0.25
370
     9
100
AcDbLine
 10
38705.18049571829
 20
-221.0584503099726
 30
0.0
 11
38717.18049571829
 21
-221.0584503099726
 31
0.0
  0
INSERT
  5
2EBA6
330
2EBA1
100
AcDbEntity
  8
DIMS
 62
     0
440
 16777216
 48
0.25
370
     9
100
AcDbBlockReference
  2
_OBLIQUE
 10
38705.18049571829
 20
-221.0584503099726
 30
0.0
 41
1.5
 42
1.5
 43
1.5
 50
180.0
  0
INSERT
  5
2EBA7
330
2EBA1
100
AcDbEntity
  8
DIMS
 62
     0
440
 16777216
 48
0.25
370
     9
100
AcDbBlockReference
  2
_OBLIQUE
 10
38717.18049571829
 20
-221.0584503099726
 30
0.0
 41
1.5
 42
1.5
 43
1.5
  0
MTEXT
  5
2EBA8
330
2EBA1
100
AcDbEntity
  8
DIMS
 62
     0
440
 16777216
 48
0.25
100
AcDbMText
 10
38711.18049571829
 20
-219.1655931671155
 30
0.0
 40
1.5
 41
0.0
 46
0.0
 71
     5
 72
     1
  1
\A1;12"
 73
     1
 44
1.0
  0
POINT
  5
2EBA9
330
2EBA1
100
AcDbEntity
  8
Defpoints
 62
     0
440
 16777216
 48
0.25
100
AcDbPoint
 10
38705.18049571829
 20
-209.6727359591075
 30
0.0
  0
POINT
  5
2EBAA
330
2EBA1
100
AcDbEntity
  8
Defpoints
 62
     0
440
 16777216
 48
0.25
100
AcDbPoint
 10
38717.18049571829
 20
-209.6727359591075
 30
0.0
  0
POINT
  5
2EBAB
330
2EBA1
100
AcDbEntity
  8
Defpoints
 62
     0
440
 16777216
 48
0.25
100
AcDbPoint
 10
38717.18049571829
 20
-221.0584503099726
 30
0.0
  0
ENDBLK
  5
2EBAC
330
2EBA1
100
AcDbEntity
  8
0
 48
0.25
100
AcDbBlockEnd
  0
BLOCK
  5
2EBAE
330
2EBAD
100
AcDbEntity
  8
0
 48
0.25
100
AcDbBlockBegin
  2
*D564
 70
     1
 10
0.0
 20
0.0
 30
0.0
  3
*D564
  1

  0
LINE
  5
2EBAF
330
2EBAD
100
AcDbEntity
  8
DIMS
 62
     0
440
 16777216
 48
0.25
370
     9
100
AcDbLine
 10
38705.18049571829
 20
-211.6727359591075
 30
0.0
 11
38705.18049571829
 21
-223.0584503099726
 31
0.0
  0
LINE
  5
2EBB0
330
2EBAD
100
AcDbEntity
  8
DIMS
 62
     0
440
 16777216
 48
0.25
370
     9
100
AcDbLine
 10
38693.18049571829
 20
-211.6727359591075
 30
0.0
 11
38693.18049571829
 21
-223.0584503099726
 31
0.0
  0
LINE
  5
2EBB1
330
2EBAD
100
AcDbEntity
  8
DIMS
 62
     0
440
 16777216
 48
0.25
370
     9
100
AcDbLine
 10
38705.18049571829
 20
-221.0584503099726
 30
0.0
 11
38693.18049571829
 21
-221.0584503099726
 31
0.0
  0
INSERT
  5
2EBB2
330
2EBAD
100
AcDbEntity
  8
DIMS
 62
     0
440
 16777216
 48
0.25
370
     9
100
AcDbBlockReference
  2
_OBLIQUE
 10
38705.18049571829
 20
-221.0584503099726
 30
0.0
 41
1.5
 42
1.5
 43
1.5
  0
INSERT
  5
2EBB3
330
2EBAD
100
AcDbEntity
  8
DIMS
 62
     0
440
 16777216
 48
0.25
370
     9
100
AcDbBlockReference
  2
_OBLIQUE
 10
38693.18049571829
 20
-221.0584503099726
 30
0.0
 41
1.5
 42
1.5
 43
1.5
 50
180.0
  0
MTEXT
  5
2EBB4
330
2EBAD
100
AcDbEntity
  8
DIMS
 62
     0
440
 16777216
 48
0.25
100
AcDbMText
 10
38699.18049571829
 20
-219.1655931671155
 30
0.0
 40
1.5
 41
0.0
 46
0.0
 71
     5
 72
     1
  1
\A1;12"
 73
     1
 44
1.0
  0
POINT
  5
2EBB5
330
2EBAD
100
AcDbEntity
  8
Defpoints
 62
     0
440
 16777216
 48
0.25
100
AcDbPoint
 10
38705.18049571829
 20
-209.6727359591075
 30
0.0
  0
POINT
  5
2EBB6
330
2EBAD
100
AcDbEntity
  8
Defpoints
 62
     0
440
 16777216
 48
0.25
100
AcDbPoint
 10
38693.18049571829
 20
-209.6727359591075
 30
0.0
  0
POINT
  5
2EBB7
330
2EBAD
100
AcDbEntity
  8
Defpoints
 62
     0
440
 16777216
 48
0.25
100
AcDbPoint
 10
38693.18049571829
 20
-221.0584503099726
 30
0.0
  0
ENDBLK
  5
2EBB8
330
2EBAD
100
AcDbEntity
  8
0
 48
0.25
100
AcDbBlockEnd
  0
BLOCK
  5
2EBBA
330
2EBB9
100
AcDbEntity
  8
0
 48
0.25
100
AcDbBlockBegin
  2
*D565
 70
     1
 10
0.0
 20
0.0
 30
0.0
  3
*D565
  1

  0
LINE
  5
2EBBB
330
2EBB9
100
AcDbEntity
  8
DIMS
 62
     0
440
 16777216
 48
0.25
370
     9
100
AcDbLine
 10
38717.18049571829
 20
-211.6727359591075
 30
0.0
 11
38717.18049571829
 21
-223.0584503099726
 31
0.0
  0
LINE
  5
2EBBC
330
2EBB9
100
AcDbEntity
  8
DIMS
 62
     0
440
 16777216
 48
0.25
370
     9
100
AcDbLine
 10
38730.0697988784
 20
-211.6727359591075
 30
0.0
 11
38730.0697988784
 21
-223.0584503099726
 31
0.0
  0
LINE
  5
2EBBD
330
2EBB9
100
AcDbEntity
  8
DIMS
 62
     0
440
 16777216
 48
0.25
370
     9
100
AcDbLine
 10
38717.18049571829
 20
-221.0584503099726
 30
0.0
 11
38730.0697988784
 21
-221.0584503099726
 31
0.0
  0
INSERT
  5
2EBBE
330
2EBB9
100
AcDbEntity
  8
DIMS
 62
     0
440
 16777216
 48
0.25
370
     9
100
AcDbBlockReference
  2
_OBLIQUE
 10
38717.18049571829
 20
-221.0584503099726
 30
0.0
 41
1.5
 42
1.5
 43
1.5
 50
180.0
  0
INSERT
  5
2EBBF
330
2EBB9
100
AcDbEntity
  8
DIMS
 62
     0
440
 16777216
 48
0.25
370
     9
100
AcDbBlockReference
  2
_OBLIQUE
 10
38730.0697988784
 20
-221.0584503099726
 30
0.0
 41
1.5
 42
1.5
 43
1.5
  0
MTEXT
  5
2EBC0
330
2EBB9
100
AcDbEntity
  8
DIMS
 62
     0
440
 16777216
 48
0.25
100
AcDbMText
 10
38723.62514729834
 20
-218.3084503099726
 30
0.0
 40
1.5
 41
0.0
 46
0.0
 71
     5
 72
     1
  1
\A1;12{\H1x;\S7/8;}"
 73
     1
 44
1.0
  0
POINT
  5
2EBC1
330
2EBB9
100
AcDbEntity
  8
Defpoints
 62
     0
440
 16777216
 48
0.25
100
AcDbPoint
 10
38717.18049571829
 20
-209.6727359591075
 30
0.0
  0
POINT
  5
2EBC2
330
2EBB9
100
AcDbEntity
  8
Defpoints
 62
     0
440
 16777216
 48
0.25
100
AcDbPoint
 10
38730.0697988784
 20
-209.6727359591075
 30
0.0
  0
POINT
  5
2EBC3
330
2EBB9
100
AcDbEntity
  8
Defpoints
 62
     0
440
 16777216
 48
0.25
100
AcDbPoint
 10
38730.0697988784
 20
-221.0584503099726
 30
0.0
  0
ENDBLK
  5
2EBC4
330
2EBB9
100
AcDbEntity
  8
0
 48
0.25
100
AcDbBlockEnd
  0
BLOCK
  5
2EBC6
330
2EBC5
100
AcDbEntity
  8
0
 48
0.25
100
AcDbBlockBegin
  2
*D566
 70
     1
 10
0.0
 20
0.0
 30
0.0
  3
*D566
  1

  0
LINE
  5
2EBC7
330
2EBC5
100
AcDbEntity
  8
DIMS
 62
     0
440
 16777216
 48
0.25
370
     9
100
AcDbLine
 10
38693.18049571829
 20
-211.6727359591075
 30
0.0
 11
38693.18049571829
 21
-223.0584503099726
 31
0.0
  0
LINE
  5
2EBC8
330
2EBC5
100
AcDbEntity
  8
DIMS
 62
     0
440
 16777216
 48
0.25
370
     9
100
AcDbLine
 10
38685.18049571829
 20
-211.6727359591075
 30
0.0
 11
38685.18049571829
 21
-223.0584503099726
 31
0.0
  0
LINE
  5
2EBC9
330
2EBC5
100
AcDbEntity
  8
DIMS
 62
     0
440
 16777216
 48
0.25
370
     9
100
AcDbLine
 10
38693.18049571829
 20
-221.0584503099726
 30
0.0
 11
38685.18049571829
 21
-221.0584503099726
 31
0.0
  0
INSERT
  5
2EBCA
330
2EBC5
100
AcDbEntity
  8
DIMS
 62
     0
440
 16777216
 48
0.25
370
     9
100
AcDbBlockReference
  2
_OBLIQUE
 10
38693.18049571829
 20
-221.0584503099726
 30
0.0
 41
1.5
 42
1.5
 43
1.5
  0
INSERT
  5
2EBCB
330
2EBC5
100
AcDbEntity
  8
DIMS
 62
     0
440
 16777216
 48
0.25
370
     9
100
AcDbBlockReference
  2
_OBLIQUE
 10
38685.18049571829
 20
-221.0584503099726
 30
0.0
 41
1.5
 42
1.5
 43
1.5
 50
180.0
  0
MTEXT
  5
2EBCC
330
2EBC5
100
AcDbEntity
  8
DIMS
 62
     0
440
 16777216
 48
0.25
100
AcDbMText
 10
38689.18049571829
 20
-219.1655931671155
 30
0.0
 40
1.5
 41
0.0
 46
0.0
 71
     5
 72
     1
  1
\A1;8"
 73
     1
 44
1.0
  0
POINT
  5
2EBCD
330
2EBC5
100
AcDbEntity
  8
Defpoints
 62
     0
440
 16777216
 48
0.25
100
AcDbPoint
 10
38693.18049571829
 20
-209.6727359591075
 30
0.0
  0
POINT
  5
2EBCE
330
2EBC5
100
AcDbEntity
  8
Defpoints
 62
     0
440
 16777216
 48
0.25
100
AcDbPoint
 10
38685.18049571829
 20
-209.6727359591075
 30
0.0
  0
POINT
  5
2EBCF
330
2EBC5
100
AcDbEntity
  8
Defpoints
 62
     0
440
 16777216
 48
0.25
100
AcDbPoint
 10
38685.18049571829
 20
-221.0584503099726
 30
0.0
  0
ENDBLK
  5
2EBD0
330
2EBC5
100
AcDbEntity
  8
0
 48
0.25
100
AcDbBlockEnd
  0
BLOCK
  5
2EBD2
330
2EBD1
100
AcDbEntity
  8
0
 48
0.25
100
AcDbBlockBegin
  2
*D567
 70
     1
 10
0.0
 20
0.0
 30
0.0
  3
*D567
  1

  0
LINE
  5
2EBD3
330
2EBD1
100
AcDbEntity
  8
DIMS
 62
     0
440
 16777216
 48
0.25
370
     9
100
AcDbLine
 10
38730.0697988784
 20
-211.6727359591075
 30
0.0
 11
38730.0697988784
 21
-223.0584503099726
 31
0.0
  0
LINE
  5
2EBD4
330
2EBD1
100
AcDbEntity
  8
DIMS
 62
     0
440
 16777216
 48
0.25
370
     9
100
AcDbLine
 10
38734.0697988784
 20
-211.6727359591075
 30
0.0
 11
38734.0697988784
 21
-223.0584503099726
 31
0.0
  0
LINE
  5
2EBD5
330
2EBD1
100
AcDbEntity
  8
DIMS
 62
     0
440
 16777216
 48
0.25
370
     9
100
AcDbLine
 10
38730.0697988784
 20
-221.0584503099726
 30
0.0
 11
38734.0697988784
 21
-221.0584503099726
 31
0.0
  0
INSERT
  5
2EBD6
330
2EBD1
100
AcDbEntity
  8
DIMS
 62
     0
440
 16777216
 48
0.25
370
     9
100
AcDbBlockReference
  2
_OBLIQUE
 10
38730.0697988784
 20
-221.0584503099726
 30
0.0
 41
1.5
 42
1.5
 43
1.5
 50
180.0
  0
INSERT
  5
2EBD7
330
2EBD1
100
AcDbEntity
  8
DIMS
 62
     0
440
 16777216
 48
0.25
370
     9
100
AcDbBlockReference
  2
_OBLIQUE
 10
38734.0697988784
 20
-221.0584503099726
 30
0.0
 41
1.5
 42
1.5
 43
1.5
  0
MTEXT
  5
2EBD8
330
2EBD1
100
AcDbEntity
  8
DIMS
 62
     0
440
 16777216
 48
0.25
100
AcDbMText
 10
38732.0697988784
 20
-219.1655931671155
 30
0.0
 40
1.5
 41
0.0
 46
0.0
 71
     5
 72
     1
  1
\A1;4"
 73
     1
 44
1.0
  0
POINT
  5
2EBD9
330
2EBD1
100
AcDbEntity
  8
Defpoints
 62
     0
440
 16777216
 48
0.25
100
AcDbPoint
 10
38730.0697988784
 20
-209.6727359591075
 30
0.0
  0
POINT
  5
2EBDA
330
2EBD1
100
AcDbEntity
  8
Defpoints
 62
     0
440
 16777216
 48
0.25
100
AcDbPoint
 10
38734.0697988784
 20
-209.6727359591075
 30
0.0
  0
POINT
  5
2EBDB
330
2EBD1
100
AcDbEntity
  8
Defpoints
 62
     0
440
 16777216
 48
0.25
100
AcDbPoint
 10
38734.0697988784
 20
-221.0584503099726
 30
0.0
  0
ENDBLK
  5
2EBDC
330
2EBD1
100
AcDbEntity
  8
0
 48
0.25
100
AcDbBlockEnd
  0
BLOCK
  5
2EBDE
330
2EBDD
100
AcDbEntity
  8
0
 48
0.25
100
AcDbBlockBegin
  2
*D568
 70
     1
 10
0.0
 20
0.0
 30
0.0
  3
*D568
  1

  0
LINE
  5
2EBDF
330
2EBDD
100
AcDbEntity
  8
DIMS
 62
     0
440
 16777216
 48
0.25
370
     9
100
AcDbLine
 10
38685.18049571829
 20
-211.6727359591075
 30
0.0
 11
38685.18049571829
 21
-230.1088892878233
 31
0.0
  0
LINE
  5
2EBE0
330
2EBDD
100
AcDbEntity
  8
DIMS
 62
     0
440
 16777216
 48
0.25
370
     9
100
AcDbLine
 10
38734.0697988784
 20
-211.6727359591075
 30
0.0
 11
38734.0697988784
 21
-230.1088892878233
 31
0.0
  0
LINE
  5
2EBE1
330
2EBDD
100
AcDbEntity
  8
DIMS
 62
     0
440
 16777216
 48
0.25
370
     9
100
AcDbLine
 10
38685.18049571829
 20
-228.1088892878233
 30
0.0
 11
38734.0697988784
 21
-228.1088892878233
 31
0.0
  0
INSERT
  5
2EBE2
330
2EBDD
100
AcDbEntity
  8
DIMS
 62
     0
440
 16777216
 48
0.25
370
     9
100
AcDbBlockReference
  2
_OBLIQUE
 10
38685.18049571829
 20
-228.1088892878233
 30
0.0
 41
1.5
 42
1.5
 43
1.5
 50
180.0
  0
INSERT
  5
2EBE3
330
2EBDD
100
AcDbEntity
  8
DIMS
 62
     0
440
 16777216
 48
0.25
370
     9
100
AcDbBlockReference
  2
_OBLIQUE
 10
38734.0697988784
 20
-228.1088892878233
 30
0.0
 41
1.5
 42
1.5
 43
1.5
  0
MTEXT
  5
2EBE4
330
2EBDD
100
AcDbEntity
  8
DIMS
 62
     0
440
 16777216
 48
0.25
100
AcDbMText
 10
38709.62514729834
 20
-225.3588892878233
 30
0.0
 40
1.5
 41
0.0
 46
0.0
 71
     5
 72
     1
  1
\A1;48{\H1x;\S7/8;}"
 73
     1
 44
1.0
  0
POINT
  5
2EBE5
330
2EBDD
100
AcDbEntity
  8
Defpoints
 62
     0
440
 16777216
 48
0.25
100
AcDbPoint
 10
38685.18049571829
 20
-209.6727359591075
 30
0.0
  0
POINT
  5
2EBE6
330
2EBDD
100
AcDbEntity
  8
Defpoints
 62
     0
440
 16777216
 48
0.25
100
AcDbPoint
 10
38734.0697988784
 20
-209.6727359591075
 30
0.0
  0
POINT
  5
2EBE7
330
2EBDD
100
AcDbEntity
  8
Defpoints
 62
     0
440
 16777216
 48
0.25
100
AcDbPoint
 10
38734.0697988784
 20
-228.1088892878233
 30
0.0
  0
ENDBLK
  5
2EBE8
330
2EBDD
100
AcDbEntity
  8
0
 48
0.25
100
AcDbBlockEnd
  0
BLOCK
  5
2EBEA
330
2EBE9
100
AcDbEntity
  8
0
 48
0.25
100
AcDbBlockBegin
  2
*D569
 70
     1
 10
0.0
 20
0.0
 30
0.0
  3
*D569
  1

  0
LINE
  5
2EBEB
330
2EBE9
100
AcDbEntity
  8
DIMS
 62
     0
440
 16777216
 48
0.25
370
     9
100
AcDbLine
 10
38732.03367095622
 20
-152.2132772858367
 30
0.0
 11
38741.33409169177
 21
-150.9061883925806
 31
0.0
  0
LINE
  5
2EBEC
330
2EBE9
100
AcDbEntity
  8
DIMS
 62
     0
440
 16777216
 48
0.25
370
     9
100
AcDbLine
 10
38731.87514198708
 20
-154.4445548943704
 30
0.0
 11
38741.63853285012
 21
-153.0723997929545
 31
0.0
  0
LINE
  5
2EBED
330
2EBE9
100
AcDbEntity
  8
DIMS
 62
     0
440
 16777216
 48
0.25
370
     9
100
AcDbLine
 10
38739.35355555429
 20
-151.1845345945003
 30
0.0
 11
38739.65799671264
 21
-153.3507459948742
 31
0.0
  0
LINE
  5
2EBEE
330
2EBE9
100
AcDbEntity
  8
DIMS
 62
     0
440
 16777216
 48
0.25
370
     9
100
AcDbLine
 10
38739.65799671264
 20
-153.3507459948742
 30
0.0
 11
38741.29029836818
 21
-164.9651757725433
 31
0.0
  0
INSERT
  5
2EBEF
330
2EBE9
100
AcDbEntity
  8
DIMS
 62
     0
440
 16777216
 48
0.25
370
     9
100
AcDbBlockReference
  2
_OBLIQUE
 10
38739.35355555429
 20
-151.1845345945003
 30
0.0
 41
1.5
 42
1.5
 43
1.5
 50
97.99999999999422
  0
INSERT
  5
2EBF0
330
2EBE9
100
AcDbEntity
  8
DIMS
 62
     0
440
 16777216
 48
0.25
370
     9
100
AcDbBlockReference
  2
_OBLIQUE
 10
38739.65799671264
 20
-153.3507459948742
 30
0.0
 41
1.5
 42
1.5
 43
1.5
 50
277.9999999999942
  0
MTEXT
  5
2EBF1
330
2EBE9
100
AcDbEntity
  8
DIMS
 62
     0
440
 16777216
 48
0.25
100
AcDbMText
 10
38743.30176455518
 20
-159.5179359076268
 30
0.0
 40
1.5
 41
0.0
 46
0.0
 71
     5
 72
     1
  1
\A1;2{\H1x;\S3/16;}" TO
 11
0.1391731009599654
 21
-0.9902680687415844
 31
0.0
 73
     1
 44
1.0
  0
MTEXT
  5
2EBF2
330
2EBE9
100
AcDbEntity
  8
DIMS
 62
     0
440
 16777216
 48
0.25
100
AcDbMText
 10
38738.84555824584
 20
-160.1442148619467
 30
0.0
 40
1.5
 41
0.0
 46
0.0
 71
     5
 72
     1
  1
\A1;B.O. CLIP
 11
0.1391731009599654
 21
-0.9902680687415844
 31
0.0
 73
     1
 44
1.0
  0
POINT
  5
2EBF3
330
2EBE9
100
AcDbEntity
  8
Defpoints
 62
     0
440
 16777216
 48
0.25
100
AcDbPoint
 10
38730.05313481874
 20
-152.4916234877574
 30
0.0
  0
POINT
  5
2EBF4
330
2EBE9
100
AcDbEntity
  8
Defpoints
 62
     0
440
 16777216
 48
0.25
100
AcDbPoint
 10
38729.8946058496
 20
-154.7229010962901
 30
0.0
  0
POINT
  5
2EBF5
330
2EBE9
100
AcDbEntity
  8
Defpoints
 62
     0
440
 16777216
 48
0.25
100
AcDbPoint
 10
38739.65799671264
 20
-153.3507459948742
 30
0.0
  0
ENDBLK
  5
2EBF6
330
2EBE9
100
AcDbEntity
  8
0
 48
0.25
100
AcDbBlockEnd
  0
BLOCK
  5
2EBF8
330
2EBF7
100
AcDbEntity
  8
0
 48
0.25
100
AcDbBlockBegin
  2
*D570
 70
     1
 10
0.0
 20
0.0
 30
0.0
  3
*D570
  1

  0
LINE
  5
2EBF9
330
2EBF7
100
AcDbEntity
  8
DIMS
 62
     0
440
 16777216
 48
0.25
370
     9
100
AcDbLine
 10
38678.25735526616
 20
-159.7710455801343
 30
0.0
 11
38666.90252897446
 21
-161.3668623450694
 31
0.0
  0
LINE
  5
2EBFA
330
2EBF7
100
AcDbEntity
  8
DIMS
 62
     0
440
 16777216
 48
0.25
370
     9
100
AcDbLine
 10
38679.02476655201
 20
-161.8721907723466
 30
0.0
 11
38667.20697013282
 21
-163.5330737454424
 31
0.0
  0
LINE
  5
2EBFB
330
2EBF7
100
AcDbEntity
  8
DIMS
 62
     0
440
 16777216
 48
0.25
370
     9
100
AcDbLine
 10
38668.88306511194
 20
-161.0885161431497
 30
0.0
 11
38669.1875062703
 21
-163.2547275435227
 31
0.0
  0
LINE
  5
2EBFC
330
2EBF7
100
AcDbEntity
  8
DIMS
 62
     0
440
 16777216
 48
0.25
370
     9
100
AcDbLine
 10
38669.1875062703
 20
-163.2547275435227
 30
0.0
 11
38670.81980792585
 21
-174.8691573211918
 31
0.0
  0
INSERT
  5
2EBFD
330
2EBF7
100
AcDbEntity
  8
DIMS
 62
     0
440
 16777216
 48
0.25
370
     9
100
AcDbBlockReference
  2
_OBLIQUE
 10
38668.88306511194
 20
-161.0885161431497
 30
0.0
 41
1.5
 42
1.5
 43
1.5
 50
97.99999999999422
  0
INSERT
  5
2EBFE
330
2EBF7
100
AcDbEntity
  8
DIMS
 62
     0
440
 16777216
 48
0.25
370
     9
100
AcDbBlockReference
  2
_OBLIQUE
 10
38669.1875062703
 20
-163.2547275435227
 30
0.0
 41
1.5
 42
1.5
 43
1.5
 50
277.9999999999942
  0
MTEXT
  5
2EBFF
330
2EBF7
100
AcDbEntity
  8
DIMS
 62
     0
440
 16777216
 48
0.25
100
AcDbMText
 10
38672.83127411283
 20
-169.4219174562753
 30
0.0
 40
1.5
 41
0.0
 46
0.0
 71
     5
 72
     1
  1
\A1;2{\H1x;\S3/16;}" TO
 11
0.1391731009599654
 21
-0.9902680687415844
 31
0.0
 73
     1
 44
1.0
  0
MTEXT
  5
2EC00
330
2EBF7
100
AcDbEntity
  8
DIMS
 62
     0
440
 16777216
 48
0.25
100
AcDbMText
 10
38668.37506780349
 20
-170.0481964105952
 30
0.0
 40
1.5
 41
0.0
 46
0.0
 71
     5
 72
     1
  1
\A1;B.O. CLIP
 11
0.1391731009599654
 21
-0.9902680687415844
 31
0.0
 73
     1
 44
1.0
  0
POINT
  5
2EC01
330
2EBF7
100
AcDbEntity
  8
Defpoints
 62
     0
440
 16777216
 48
0.25
100
AcDbPoint
 10
38680.23789140364
 20
-159.4926993782146
 30
0.0
  0
POINT
  5
2EC02
330
2EBF7
100
AcDbEntity
  8
Defpoints
 62
     0
440
 16777216
 48
0.25
100
AcDbPoint
 10
38681.00530268949
 20
-161.5938445704269
 30
0.0
  0
POINT
  5
2EC03
330
2EBF7
100
AcDbEntity
  8
Defpoints
 62
     0
440
 16777216
 48
0.25
100
AcDbPoint
 10
38669.1875062703
 20
-163.2547275435227
 30
0.0
  0
ENDBLK
  5
2EC04
330
2EBF7
100
AcDbEntity
  8
0
 48
0.25
100
AcDbBlockEnd
  0
BLOCK
  5
2EC06
330
2EC05
100
AcDbEntity
  8
0
 48
0.25
100
AcDbBlockBegin
  2
*D571
 70
     1
 10
0.0
 20
0.0
 30
0.0
  3
*D571
  1

  0
LINE
  5
2EC07
330
2EC05
100
AcDbEntity
  8
DIMS
 62
     0
440
 16777216
 48
0.25
370
     9
100
AcDbLine
 10
38652.9929957183
 20
-212.1402559591077
 30
0.0
 11
38652.9929957183
 21
-221.5320772535199
 31
0.0
  0
LINE
  5
2EC08
330
2EC05
100
AcDbEntity
  8
DIMS
 62
     0
440
 16777216
 48
0.25
370
     9
100
AcDbLine
 10
38655.1804957183
 20
-211.6727359591075
 30
0.0
 11
38655.1804957183
 21
-221.5320772535199
 31
0.0
  0
LINE
  5
2EC09
330
2EC05
100
AcDbEntity
  8
DIMS
 62
     0
440
 16777216
 48
0.25
370
     9
100
AcDbLine
 10
38652.9929957183
 20
-219.5320772535199
 30
0.0
 11
38655.1804957183
 21
-219.5320772535199
 31
0.0
  0
LINE
  5
2EC0A
330
2EC05
100
AcDbEntity
  8
DIMS
 62
     0
440
 16777216
 48
0.25
370
     9
100
AcDbLine
 10
38655.1804957183
 20
-219.5320772535199
 30
0.0
 11
38666.90906714687
 21
-219.5320772535199
 31
0.0
  0
INSERT
  5
2EC0B
330
2EC05
100
AcDbEntity
  8
DIMS
 62
     0
440
 16777216
 48
0.25
370
     9
100
AcDbBlockReference
  2
_OBLIQUE
 10
38652.9929957183
 20
-219.5320772535199
 30
0.0
 41
1.5
 42
1.5
 43
1.5
 50
180.0
  0
INSERT
  5
2EC0C
330
2EC05
100
AcDbEntity
  8
DIMS
 62
     0
440
 16777216
 48
0.25
370
     9
100
AcDbBlockReference
  2
_OBLIQUE
 10
38655.1804957183
 20
-219.5320772535199
 30
0.0
 41
1.5
 42
1.5
 43
1.5
  0
MTEXT
  5
2EC0D
330
2EC05
100
AcDbEntity
  8
DIMS
 62
     0
440
 16777216
 48
0.25
100
AcDbMText
 10
38661.79478143258
 20
-216.7820772535199
 30
0.0
 40
1.5
 41
0.0
 46
0.0
 71
     5
 72
     1
  1
\A1;2{\H1x;\S3/16;}" TO
 73
     1
 44
1.0
  0
MTEXT
  5
2EC0E
330
2EC05
100
AcDbEntity
  8
DIMS
 62
     0
440
 16777216
 48
0.25
100
AcDbMText
 10
38661.79478143258
 20
-221.2820772535199
 30
0.0
 40
1.5
 41
0.0
 46
0.0
 71
     5
 72
     1
  1
\A1;B.O. CLIP
 73
     1
 44
1.0
  0
POINT
  5
2EC0F
330
2EC05
100
AcDbEntity
  8
Defpoints
 62
     0
440
 16777216
 48
0.25
100
AcDbPoint
 10
38652.9929957183
 20
-210.1402559591077
 30
0.0
  0
POINT
  5
2EC10
330
2EC05
100
AcDbEntity
  8
Defpoints
 62
     0
440
 16777216
 48
0.25
100
AcDbPoint
 10
38655.1804957183
 20
-209.6727359591075
 30
0.0
  0
POINT
  5
2EC11
330
2EC05
100
AcDbEntity
  8
Defpoints
 62
     0
440
 16777216
 48
0.25
100
AcDbPoint
 10
38655.1804957183
 20
-219.5320772535199
 30
0.0
  0
ENDBLK
  5
2EC12
330
2EC05
100
AcDbEntity
  8
0
 48
0.25
100
AcDbBlockEnd
  0
BLOCK
  5
2EC14
330
2EC13
100
AcDbEntity
  8
0
 48
0.25
100
AcDbBlockBegin
  2
*D572
 70
     1
 10
0.0
 20
0.0
 30
0.0
  3
*D572
  1

  0
LINE
  5
2EC15
330
2EC13
100
AcDbEntity
  8
DIMS
 62
     0
440
 16777216
 48
0.25
370
     9
100
AcDbLine
 10
38652.9929957183
 20
-188.8343666326728
 30
0.0
 11
38652.9929957183
 21
-177.3679499618811
 31
0.0
  0
LINE
  5
2EC16
330
2EC13
100
AcDbEntity
  8
DIMS
 62
     0
440
 16777216
 48
0.25
370
     9
100
AcDbLine
 10
38655.1804957183
 20
-189.3018866326729
 30
0.0
 11
38655.1804957183
 21
-177.3679499618811
 31
0.0
  0
LINE
  5
2EC17
330
2EC13
100
AcDbEntity
  8
DIMS
 62
     0
440
 16777216
 48
0.25
370
     9
100
AcDbLine
 10
38652.9929957183
 20
-179.3679499618811
 30
0.0
 11
38655.1804957183
 21
-179.3679499618811
 31
0.0
  0
LINE
  5
2EC18
330
2EC13
100
AcDbEntity
  8
DIMS
 62
     0
440
 16777216
 48
0.25
370
     9
100
AcDbLine
 10
38655.1804957183
 20
-179.3679499618811
 30
0.0
 11
38666.90906714687
 21
-179.3679499618811
 31
0.0
  0
INSERT
  5
2EC19
330
2EC13
100
AcDbEntity
  8
DIMS
 62
     0
440
 16777216
 48
0.25
370
     9
100
AcDbBlockReference
  2
_OBLIQUE
 10
38652.9929957183
 20
-179.3679499618811
 30
0.0
 41
1.5
 42
1.5
 43
1.5
 50
180.0
  0
INSERT
  5
2EC1A
330
2EC13
100
AcDbEntity
  8
DIMS
 62
     0
440
 16777216
 48
0.25
370
     9
100
AcDbBlockReference
  2
_OBLIQUE
 10
38655.1804957183
 20
-179.3679499618811
 30
0.0
 41
1.5
 42
1.5
 43
1.5
  0
MTEXT
  5
2EC1B
330
2EC13
100
AcDbEntity
  8
DIMS
 62
     0
440
 16777216
 48
0.25
100
AcDbMText
 10
38661.79478143258
 20
-176.6179499618811
 30
0.0
 40
1.5
 41
0.0
 46
0.0
 71
     5
 72
     1
  1
\A1;2{\H1x;\S3/16;}" TO
 73
     1
 44
1.0
  0
MTEXT
  5
2EC1C
330
2EC13
100
AcDbEntity
  8
DIMS
 62
     0
440
 16777216
 48
0.25
100
AcDbMText
 10
38661.79478143258
 20
-181.1179499618811
 30
0.0
 40
1.5
 41
0.0
 46
0.0
 71
     5
 72
     1
  1
\A1;B.O. CLIP
 73
     1
 44
1.0
  0
POINT
  5
2EC1D
330
2EC13
100
AcDbEntity
  8
Defpoints
 62
     0
440
 16777216
 48
0.25
100
AcDbPoint
 10
38652.9929957183
 20
-190.8343666326728
 30
0.0
  0
POINT
  5
2EC1E
330
2EC13
100
AcDbEntity
  8
Defpoints
 62
     0
440
 16777216
 48
0.25
100
AcDbPoint
 10
38655.1804957183
 20
-191.3018866326729
 30
0.0
  0
POINT
  5
2EC1F
330
2EC13
100
AcDbEntity
  8
Defpoints
 62
     0
440
 16777216
 48
0.25
100
AcDbPoint
 10
38655.1804957183
 20
-179.3679499618811
 30
0.0
  0
ENDBLK
  5
2EC20
330
2EC13
100
AcDbEntity
  8
0
 48
0.25
100
AcDbBlockEnd
  0
BLOCK
  5
2EC22
330
2EC21
100
AcDbEntity
  8
0
 48
0.25
100
AcDbBlockBegin
  2
*D573
 70
     1
 10
0.0
 20
0.0
 30
0.0
  3
*D573
  1

  0
LINE
  5
2EC23
330
2EC21
100
AcDbEntity
  8
DIMS
 62
     0
440
 16777216
 48
0.25
370
     9
100
AcDbLine
 10
38736.06979887841
 20
-188.4309431585371
 30
0.0
 11
38749.16703377896
 21
-188.4309431585371
 31
0.0
  0
LINE
  5
2EC24
330
2EC21
100
AcDbEntity
  8
DIMS
 62
     0
440
 16777216
 48
0.25
370
     9
100
AcDbLine
 10
38736.06979887842
 20
-201.6727359591076
 30
0.0
 11
38749.16703377896
 21
-201.6727359591076
 31
0.0
  0
LINE
  5
2EC25
330
2EC21
100
AcDbEntity
  8
DIMS
 62
     0
440
 16777216
 48
0.25
370
     9
100
AcDbLine
 10
38747.16703377896
 20
-188.4309431585371
 30
0.0
 11
38747.16703377896
 21
-201.6727359591076
 31
0.0
  0
INSERT
  5
2EC26
330
2EC21
100
AcDbEntity
  8
DIMS
 62
     0
440
 16777216
 48
0.25
370
     9
100
AcDbBlockReference
  2
_OBLIQUE
 10
38747.16703377896
 20
-188.4309431585371
 30
0.0
 41
1.5
 42
1.5
 43
1.5
 50
90.0
  0
INSERT
  5
2EC27
330
2EC21
100
AcDbEntity
  8
DIMS
 62
     0
440
 16777216
 48
0.25
370
     9
100
AcDbBlockReference
  2
_OBLIQUE
 10
38747.16703377896
 20
-201.6727359591076
 30
0.0
 41
1.5
 42
1.5
 43
1.5
 50
270.0
  0
MTEXT
  5
2EC28
330
2EC21
100
AcDbEntity
  8
DIMS
 62
     0
440
 16777216
 48
0.25
100
AcDbMText
 10
38744.41703377895
 20
-195.0518395588333
 30
0.0
 40
1.5
 41
0.0
 46
0.0
 71
     5
 72
     1
  1
\A1;13{\H1x;\S1/4;}"
 11
6.123233995736766E-17
 21
1.0
 31
0.0
 73
     1
 44
1.0
  0
POINT
  5
2EC29
330
2EC21
100
AcDbEntity
  8
Defpoints
 62
     0
440
 16777216
 48
0.25
100
AcDbPoint
 10
38734.06979887841
 20
-188.4309431585371
 30
0.0
  0
POINT
  5
2EC2A
330
2EC21
100
AcDbEntity
  8
Defpoints
 62
     0
440
 16777216
 48
0.25
100
AcDbPoint
 10
38734.06979887842
 20
-201.6727359591076
 30
0.0
  0
POINT
  5
2EC2B
330
2EC21
100
AcDbEntity
  8
Defpoints
 62
     0
440
 16777216
 48
0.25
100
AcDbPoint
 10
38747.16703377896
 20
-201.6727359591076
 30
0.0
  0
ENDBLK
  5
2EC2C
330
2EC21
100
AcDbEntity
  8
0
 48
0.25
100
AcDbBlockEnd
  0
BLOCK
  5
2ED1E
330
2EC2D
100
AcDbEntity
  8
0
100
AcDbBlockBegin
  2
A$C2a48e972
 70
     0
 10
0.0
 20
0.0
 30
0.0
  3
A$C2a48e972
  1

  0
LWPOLYLINE
  5
2EC2E
330
2EC2D
100
AcDbEntity
  8
CUT
 48
0.25
100
AcDbPolyline
 90
        4
 70
     1
 43
0.0
 10
32.93749999999272
 20
32.93750000000011
 10
32.9375
 20
51.30834932643472
 10
81.82680316009646
 20
58.17929280057058
 10
81.82680316010374
 20
32.93750000000011
  0
LWPOLYLINE
  5
2EC2F
330
2EC2D
100
AcDbEntity
  8
HIDDEN
 48
0.25
100
AcDbPolyline
 90
        4
 70
     1
 43
0.0
 10
33.09497999999439
 20
33.09498000000011
 10
33.09498000000167
 20
51.1714540509634
 10
81.66932316009479
 20
57.99813278380142
 10
81.66932316010207
 20
33.09498000000011
  0
LINE
  5
2EC30
330
2EC2D
100
AcDbEntity
  8
HIDDEN
 48
0.25
100
AcDbLine
 10
38.42328799563256
 20
51.7940704576568
 30
0.0
 11
35.45248378940596
 21
51.37655115477634
 31
0.0
  0
LINE
  5
2EC31
330
2EC2D
100
AcDbEntity
  8
CUT
 48
0.25
100
AcDbLine
 10
38.31890816990926
 20
52.536771509213
 30
0.0
 11
35.34810396369721
 21
52.11925220633344
 31
0.0
  0
LINE
  5
2EC32
330
2EC2D
100
AcDbEntity
  8
HIDDEN
 48
0.25
100
AcDbLine
 10
38.42328799563256
 20
51.7940704576568
 30
0.0
 11
38.38397437806998
 21
52.07380138171408
 31
0.0
  0
LINE
  5
2EC33
330
2EC2D
100
AcDbEntity
  8
HIDDEN
 48
0.25
100
AcDbLine
 10
35.45248378940596
 20
51.37655115477634
 30
0.0
 11
35.41317017184338
 21
51.65628207883225
 31
0.0
  0
LINE
  5
2EC34
330
2EC2D
100
AcDbEntity
  8
CUT
 48
0.25
100
AcDbLine
 10
35.41317017184338
 20
51.65628207883225
 30
0.0
 11
35.34810396369721
 21
52.11925220633344
 31
0.0
  0
LINE
  5
2EC35
330
2EC2D
100
AcDbEntity
  8
CUT
 48
0.25
100
AcDbLine
 10
38.38397437806998
 20
52.07380138171408
 30
0.0
 11
38.31890816990926
 21
52.536771509213
 31
0.0
  0
LINE
  5
2EC36
330
2EC2D
100
AcDbEntity
  8
HIDDEN
 48
0.25
100
AcDbLine
 10
75.42937433082261
 20
56.99493672027293
 30
0.0
 11
72.45857012459601
 21
56.57741741739247
 31
0.0
  0
LINE
  5
2EC37
330
2EC2D
100
AcDbEntity
  8
CUT
 48
0.25
100
AcDbLine
 10
75.32499450509931
 20
57.73763777182913
 30
0.0
 11
72.35419029888726
 21
57.32011846894957
 31
0.0
  0
LINE
  5
2EC38
330
2EC2D
100
AcDbEntity
  8
HIDDEN
 48
0.25
100
AcDbLine
 10
75.42937433082261
 20
56.99493672027293
 30
0.0
 11
75.39006071326003
 21
57.27466764433021
 31
0.0
  0
LINE
  5
2EC39
330
2EC2D
100
AcDbEntity
  8
HIDDEN
 48
0.25
100
AcDbLine
 10
72.45857012459601
 20
56.57741741739247
 30
0.0
 11
72.41925650703342
 21
56.85714834144838
 31
0.0
  0
LINE
  5
2EC3A
330
2EC2D
100
AcDbEntity
  8
CUT
 48
0.25
100
AcDbLine
 10
72.41925650703342
 20
56.85714834144838
 30
0.0
 11
72.35419029888726
 21
57.32011846894957
 31
0.0
  0
LINE
  5
2EC3B
330
2EC2D
100
AcDbEntity
  8
CUT
 48
0.25
100
AcDbLine
 10
75.39006071326003
 20
57.27466764433021
 30
0.0
 11
75.32499450509931
 21
57.73763777182913
 31
0.0
  0
LINE
  5
2EC3C
330
2EC2D
100
AcDbEntity
  8
HIDDEN
 48
0.25
100
AcDbLine
 10
50.3065048205317
 20
53.46414766917596
 30
0.0
 11
47.3357006143051
 21
53.04662836629549
 31
0.0
  0
LINE
  5
2EC3D
330
2EC2D
100
AcDbEntity
  8
CUT
 48
0.25
100
AcDbLine
 10
50.2021249948084
 20
54.20684872073215
 30
0.0
 11
47.23132078859635
 21
53.7893294178526
 31
0.0
  0
LINE
  5
2EC3E
330
2EC2D
100
AcDbEntity
  8
HIDDEN
 48
0.25
100
AcDbLine
 10
50.3065048205317
 20
53.46414766917596
 30
0.0
 11
50.26719120296912
 21
53.74387859323323
 31
0.0
  0
LINE
  5
2EC3F
330
2EC2D
100
AcDbEntity
  8
HIDDEN
 48
0.25
100
AcDbLine
 10
47.3357006143051
 20
53.04662836629549
 30
0.0
 11
47.29638699674251
 21
53.32635929035141
 31
0.0
  0
LINE
  5
2EC40
330
2EC2D
100
AcDbEntity
  8
CUT
 48
0.25
100
AcDbLine
 10
47.29638699674251
 20
53.32635929035141
 30
0.0
 11
47.23132078859635
 21
53.7893294178526
 31
0.0
  0
LINE
  5
2EC41
330
2EC2D
100
AcDbEntity
  8
CUT
 48
0.25
100
AcDbLine
 10
50.26719120296912
 20
53.74387859323323
 30
0.0
 11
50.2021249948084
 21
54.20684872073215
 31
0.0
  0
LINE
  5
2EC42
330
2EC2D
100
AcDbEntity
  8
HIDDEN
 48
0.25
100
AcDbLine
 10
62.18972164543084
 20
55.13422488069511
 30
0.0
 11
59.21891743920423
 21
54.71670557781465
 31
0.0
  0
LINE
  5
2EC43
330
2EC2D
100
AcDbEntity
  8
CUT
 48
0.25
100
AcDbLine
 10
62.08534181970754
 20
55.87692593225131
 30
0.0
 11
59.11453761349549
 21
55.45940662937176
 31
0.0
  0
LINE
  5
2EC44
330
2EC2D
100
AcDbEntity
  8
HIDDEN
 48
0.25
100
AcDbLine
 10
62.18972164543084
 20
55.13422488069511
 30
0.0
 11
62.15040802786825
 21
55.41395580475239
 31
0.0
  0
LINE
  5
2EC45
330
2EC2D
100
AcDbEntity
  8
HIDDEN
 48
0.25
100
AcDbLine
 10
59.21891743920423
 20
54.71670557781465
 30
0.0
 11
59.17960382164165
 21
54.99643650187056
 31
0.0
  0
LINE
  5
2EC46
330
2EC2D
100
AcDbEntity
  8
CUT
 48
0.25
100
AcDbLine
 10
59.17960382164165
 20
54.99643650187056
 30
0.0
 11
59.11453761349549
 21
55.45940662937176
 31
0.0
  0
LINE
  5
2EC47
330
2EC2D
100
AcDbEntity
  8
CUT
 48
0.25
100
AcDbLine
 10
62.15040802786825
 20
55.41395580475239
 30
0.0
 11
62.08534181970754
 21
55.87692593225131
 31
0.0
  0
LINE
  5
2EC48
330
2EC2D
100
AcDbEntity
  8
HIDDEN
 48
0.25
100
AcDbLine
 10
33.21998000003077
 20
38.43334932646417
 30
0.0
 11
33.21998000003077
 21
35.43334932646417
 31
0.0
  0
LINE
  5
2EC49
330
2EC2D
100
AcDbEntity
  8
CUT
 48
0.25
100
AcDbLine
 10
32.46998000003077
 20
38.43334932646417
 30
0.0
 11
32.46998000003077
 21
35.43334932646417
 31
0.0
  0
LINE
  5
2EC4A
330
2EC2D
100
AcDbEntity
  8
HIDDEN
 48
0.25
100
AcDbLine
 10
33.21998000003077
 20
38.43334932646417
 30
0.0
 11
32.9375000000291
 21
38.43334932646417
 31
0.0
  0
LINE
  5
2EC4B
330
2EC2D
100
AcDbEntity
  8
HIDDEN
 48
0.25
100
AcDbLine
 10
33.21998000003077
 20
35.43334932646417
 30
0.0
 11
32.9375000000291
 21
35.43334932646417
 31
0.0
  0
LINE
  5
2EC4C
330
2EC2D
100
AcDbEntity
  8
CUT
 48
0.25
100
AcDbLine
 10
32.9375000000291
 20
35.43334932646417
 30
0.0
 11
32.46998000003077
 21
35.43334932646417
 31
0.0
  0
LINE
  5
2EC4D
330
2EC2D
100
AcDbEntity
  8
CUT
 48
0.25
100
AcDbLine
 10
32.9375000000291
 20
38.43334932646417
 30
0.0
 11
32.46998000003077
 21
38.43334932646417
 31
0.0
  0
LINE
  5
2EC4E
330
2EC2D
100
AcDbEntity
  8
HIDDEN
 48
0.25
100
AcDbLine
 10
81.54432316009479
 20
55.67929280057058
 30
0.0
 11
81.54432316009479
 21
52.67929280057058
 31
0.0
  0
LINE
  5
2EC4F
330
2EC2D
100
AcDbEntity
  8
CUT
 48
0.25
100
AcDbLine
 10
82.29432316009479
 20
55.67929280057058
 30
0.0
 11
82.29432316009479
 21
52.67929280057058
 31
0.0
  0
LINE
  5
2EC50
330
2EC2D
100
AcDbEntity
  8
HIDDEN
 48
0.25
100
AcDbLine
 10
81.54432316009479
 20
55.67929280057058
 30
0.0
 11
81.82680316009646
 21
55.67929280057058
 31
0.0
  0
LINE
  5
2EC51
330
2EC2D
100
AcDbEntity
  8
HIDDEN
 48
0.25
100
AcDbLine
 10
81.54432316009479
 20
52.67929280057058
 30
0.0
 11
81.82680316009646
 21
52.67929280057058
 31
0.0
  0
LINE
  5
2EC52
330
2EC2D
100
AcDbEntity
  8
CUT
 48
0.25
100
AcDbLine
 10
81.82680316009646
 20
52.67929280057058
 30
0.0
 11
82.29432316009479
 21
52.67929280057058
 31
0.0
  0
LINE
  5
2EC53
330
2EC2D
100
AcDbEntity
  8
CUT
 48
0.25
100
AcDbLine
 10
81.82680316009646
 20
55.67929280057058
 30
0.0
 11
82.29432316009479
 21
55.67929280057058
 31
0.0
  0
LINE
  5
2EC54
330
2EC2D
100
AcDbEntity
  8
HIDDEN
 48
0.25
100
AcDbLine
 10
81.54432316010207
 20
42.43750000000011
 30
0.0
 11
81.54432316010207
 21
39.43750000000011
 31
0.0
  0
LINE
  5
2EC55
330
2EC2D
100
AcDbEntity
  8
CUT
 48
0.25
100
AcDbLine
 10
82.29432316010207
 20
42.43750000000011
 30
0.0
 11
82.29432316010207
 21
39.43750000000011
 31
0.0
  0
LINE
  5
2EC56
330
2EC2D
100
AcDbEntity
  8
HIDDEN
 48
0.25
100
AcDbLine
 10
81.54432316010207
 20
42.43750000000011
 30
0.0
 11
81.82680316010374
 21
42.43750000000011
 31
0.0
  0
LINE
  5
2EC57
330
2EC2D
100
AcDbEntity
  8
HIDDEN
 48
0.25
100
AcDbLine
 10
81.54432316010207
 20
39.43750000000011
 30
0.0
 11
81.82680316010374
 21
39.43750000000011
 31
0.0
  0
LINE
  5
2EC58
330
2EC2D
100
AcDbEntity
  8
CUT
 48
0.25
100
AcDbLine
 10
81.82680316010374
 20
39.43750000000011
 30
0.0
 11
82.29432316010207
 21
39.43750000000011
 31
0.0
  0
LINE
  5
2EC59
330
2EC2D
100
AcDbEntity
  8
CUT
 48
0.25
100
AcDbLine
 10
81.82680316010374
 20
42.43750000000011
 30
0.0
 11
82.29432316010207
 21
42.43750000000011
 31
0.0
  0
LINE
  5
2EC5A
330
2EC2D
100
AcDbEntity
  8
HIDDEN
 48
0.25
100
AcDbLine
 10
39.43749999999272
 20
33.21998000000178
 30
0.0
 11
42.43749999999272
 21
33.21998000000178
 31
0.0
  0
LINE
  5
2EC5B
330
2EC2D
100
AcDbEntity
  8
CUT
 48
0.25
100
AcDbLine
 10
39.43749999999272
 20
32.46998000000178
 30
0.0
 11
42.43749999999272
 21
32.46998000000178
 31
0.0
  0
LINE
  5
2EC5C
330
2EC2D
100
AcDbEntity
  8
HIDDEN
 48
0.25
100
AcDbLine
 10
39.43749999999272
 20
33.21998000000178
 30
0.0
 11
39.43749999999272
 21
32.93750000000011
 31
0.0
  0
LINE
  5
2EC5D
330
2EC2D
100
AcDbEntity
  8
HIDDEN
 48
0.25
100
AcDbLine
 10
42.43749999999272
 20
33.21998000000178
 30
0.0
 11
42.43749999999272
 21
32.93750000000011
 31
0.0
  0
LINE
  5
2EC5E
330
2EC2D
100
AcDbEntity
  8
CUT
 48
0.25
100
AcDbLine
 10
42.43749999999272
 20
32.93750000000011
 30
0.0
 11
42.43749999999272
 21
32.46998000000178
 31
0.0
  0
LINE
  5
2EC5F
330
2EC2D
100
AcDbEntity
  8
CUT
 48
0.25
100
AcDbLine
 10
39.43749999999272
 20
32.93750000000011
 30
0.0
 11
39.43749999999272
 21
32.46998000000178
 31
0.0
  0
LINE
  5
2EC60
330
2EC2D
100
AcDbEntity
  8
HIDDEN
 48
0.25
100
AcDbLine
 10
76.32680316010374
 20
33.21998000000178
 30
0.0
 11
79.32680316010374
 21
33.21998000000178
 31
0.0
  0
LINE
  5
2EC61
330
2EC2D
100
AcDbEntity
  8
CUT
 48
0.25
100
AcDbLine
 10
76.32680316010374
 20
32.46998000000178
 30
0.0
 11
79.32680316010374
 21
32.46998000000178
 31
0.0
  0
LINE
  5
2EC62
330
2EC2D
100
AcDbEntity
  8
HIDDEN
 48
0.25
100
AcDbLine
 10
76.32680316010374
 20
33.21998000000178
 30
0.0
 11
76.32680316010374
 21
32.93750000000011
 31
0.0
  0
LINE
  5
2EC63
330
2EC2D
100
AcDbEntity
  8
HIDDEN
 48
0.25
100
AcDbLine
 10
79.32680316010374
 20
33.21998000000178
 30
0.0
 11
79.32680316010374
 21
32.93750000000011
 31
0.0
  0
LINE
  5
2EC64
330
2EC2D
100
AcDbEntity
  8
CUT
 48
0.25
100
AcDbLine
 10
79.32680316010374
 20
32.93750000000011
 30
0.0
 11
79.32680316010374
 21
32.46998000000178
 31
0.0
  0
LINE
  5
2EC65
330
2EC2D
100
AcDbEntity
  8
CUT
 48
0.25
100
AcDbLine
 10
76.32680316010374
 20
32.93750000000011
 30
0.0
 11
76.32680316010374
 21
32.46998000000178
 31
0.0
  0
LINE
  5
2EC66
330
2EC2D
100
AcDbEntity
  8
HIDDEN
 48
0.25
100
AcDbLine
 10
63.43749999999272
 20
33.21998000000175
 30
0.0
 11
66.43749999999272
 21
33.21998000000175
 31
0.0
  0
LINE
  5
2EC67
330
2EC2D
100
AcDbEntity
  8
CUT
 48
0.25
100
AcDbLine
 10
63.43749999999272
 20
32.46998000000175
 30
0.0
 11
66.43749999999272
 21
32.46998000000175
 31
0.0
  0
LINE
  5
2EC68
330
2EC2D
100
AcDbEntity
  8
HIDDEN
 48
0.25
100
AcDbLine
 10
63.43749999999272
 20
33.21998000000175
 30
0.0
 11
63.43749999999272
 21
32.93750000000009
 31
0.0
  0
LINE
  5
2EC69
330
2EC2D
100
AcDbEntity
  8
HIDDEN
 48
0.25
100
AcDbLine
 10
66.43749999999272
 20
33.21998000000175
 30
0.0
 11
66.43749999999272
 21
32.93750000000009
 31
0.0
  0
LINE
  5
2EC6A
330
2EC2D
100
AcDbEntity
  8
CUT
 48
0.25
100
AcDbLine
 10
66.43749999999272
 20
32.93750000000009
 30
0.0
 11
66.43749999999272
 21
32.46998000000175
 31
0.0
  0
LINE
  5
2EC6B
330
2EC2D
100
AcDbEntity
  8
CUT
 48
0.25
100
AcDbLine
 10
63.43749999999272
 20
32.93750000000009
 30
0.0
 11
63.43749999999272
 21
32.46998000000175
 31
0.0
  0
LINE
  5
2EC6C
330
2EC2D
100
AcDbEntity
  8
HIDDEN
 48
0.25
100
AcDbLine
 10
51.43749999999272
 20
33.21998000000175
 30
0.0
 11
54.43749999999272
 21
33.21998000000175
 31
0.0
  0
LINE
  5
2EC6D
330
2EC2D
100
AcDbEntity
  8
CUT
 48
0.25
100
AcDbLine
 10
51.43749999999272
 20
32.46998000000175
 30
0.0
 11
54.43749999999272
 21
32.46998000000175
 31
0.0
  0
LINE
  5
2EC6E
330
2EC2D
100
AcDbEntity
  8
HIDDEN
 48
0.25
100
AcDbLine
 10
51.43749999999272
 20
33.21998000000175
 30
0.0
 11
51.43749999999272
 21
32.93750000000009
 31
0.0
  0
LINE
  5
2EC6F
330
2EC2D
100
AcDbEntity
  8
HIDDEN
 48
0.25
100
AcDbLine
 10
54.43749999999272
 20
33.21998000000175
 30
0.0
 11
54.43749999999272
 21
32.93750000000009
 31
0.0
  0
LINE
  5
2EC70
330
2EC2D
100
AcDbEntity
  8
CUT
 48
0.25
100
AcDbLine
 10
54.43749999999272
 20
32.93750000000009
 30
0.0
 11
54.43749999999272
 21
32.46998000000175
 31
0.0
  0
LINE
  5
2EC71
330
2EC2D
100
AcDbEntity
  8
CUT
 48
0.25
100
AcDbLine
 10
51.43749999999272
 20
32.93750000000009
 30
0.0
 11
51.43749999999272
 21
32.46998000000175
 31
0.0
  0
LINE
  5
2EC72
330
2EC2D
100
AcDbEntity
  8
DIMS
 48
0.25
100
AcDbLine
 10
55.60750056483084
 20
56.33822087335193
 30
0.0
 11
56.25581038068776
 21
52.14679219364723
 31
0.0
  0
CIRCLE
  5
2EC73
330
2EC2D
100
AcDbEntity
  8
DIMS
 48
0.25
100
AcDbCircle
 10
55.12871889037342
 20
59.12066152236173
 30
0.0
 40
2.820469339404735
  0
MTEXT
  5
2EC74
330
2EC2D
100
AcDbEntity
  8
DIMS
 48
0.25
100
AcDbMText
 10
55.15123682554258
 20
60.10514641657016
 30
0.0
 40
2.0
 41
3.085879441932775
 46
0.0
 71
     2
 72
     5
  1
4
 73
     1
 44
1.0
101
Embedded Object
 70
     1
 10
1.0
 20
0.0
 30
0.0
 11
55.15123682554258
 21
60.10514641657016
 31
0.0
 40
3.085879441932775
 41
0.0
 42
1.383356070941337
 43
-1.0
 71
     2
 72
     1
 44
3.085879441932775
 45
10.0
 73
     0
 74
     0
 46
0.0
  0
CIRCLE
  5
2EC75
330
2EC2D
100
AcDbEntity
  8
DIMS
 48
0.25
100
AcDbCircle
 10
28.28937833072996
 20
47.45564010696933
 30
0.0
 40
2.820469339404735
  0
MTEXT
  5
2EC76
330
2EC2D
100
AcDbEntity
  8
DIMS
 48
0.25
100
AcDbMText
 10
28.31189626589912
 20
48.44012500117776
 30
0.0
 40
2.0
 41
3.085879441932775
 46
0.0
 71
     2
 72
     5
  1
4
 73
     1
 44
1.0
101
Embedded Object
 70
     1
 10
1.0
 20
0.0
 30
0.0
 11
28.31189626589912
 21
48.44012500117776
 31
0.0
 40
3.085879441932775
 41
0.0
 42
1.383356070941337
 43
-1.0
 71
     2
 72
     1
 44
3.085879441932775
 45
10.0
 73
     0
 74
     0
 46
0.0
  0
LINE
  5
2EC77
330
2EC2D
100
AcDbEntity
  8
DIMS
 48
0.25
100
AcDbLine
 10
31.10984767013724
 20
47.45564010696933
 30
0.0
 11
34.67277915339946
 21
47.45564010696933
 31
0.0
  0
CIRCLE
  5
2EC78
330
2EC2D
100
AcDbEntity
  8
DIMS
 48
0.25
100
AcDbCircle
 10
59.10870017900743
 20
28.3819268806036
 30
0.0
 40
2.820469339404735
  0
MTEXT
  5
2EC79
330
2EC2D
100
AcDbEntity
  8
DIMS
 48
0.25
100
AcDbMText
 10
59.13121811417659
 20
29.36641177481204
 30
0.0
 40
2.0
 41
3.085879441932775
 46
0.0
 71
     2
 72
     5
  1
4
 73
     1
 44
1.0
101
Embedded Object
 70
     1
 10
1.0
 20
0.0
 30
0.0
 11
59.13121811417659
 21
29.36641177481204
 31
0.0
 40
3.085879441932775
 41
0.0
 42
1.383356070941337
 43
-1.0
 71
     2
 72
     1
 44
3.085879441932775
 45
10.0
 73
     0
 74
     0
 46
0.0
  0
LINE
  5
2EC7A
330
2EC2D
100
AcDbEntity
  8
DIMS
 48
0.25
100
AcDbLine
 10
59.10870017900743
 20
31.20239622000832
 30
0.0
 11
59.10870017900743
 21
34.59192694084766
 31
0.0
  0
LINE
  5
2EC7B
330
2EC2D
100
AcDbEntity
  8
DIMS
 48
0.25
100
AcDbLine
 10
83.88422711543535
 20
48.55076688070938
 30
0.0
 11
79.83876681864058
 21
48.55076688070938
 31
0.0
  0
CIRCLE
  5
2EC7C
330
2EC2D
100
AcDbEntity
  8
DIMS
 48
0.25
100
AcDbCircle
 10
86.70469645484263
 20
48.55076688070938
 30
0.0
 40
2.820469339404735
  0
MTEXT
  5
2EC7D
330
2EC2D
100
AcDbEntity
  8
DIMS
 48
0.25
100
AcDbMText
 10
86.7272143900118
 20
49.53525177491781
 30
0.0
 40
2.0
 41
3.085879441932775
 46
0.0
 71
     2
 72
     5
  1
4
 73
     1
 44
1.0
101
Embedded Object
 70
     1
 10
1.0
 20
0.0
 30
0.0
 11
86.7272143900118
 21
49.53525177491781
 31
0.0
 40
3.085879441932775
 41
0.0
 42
1.383356070941337
 43
-1.0
 71
     2
 72
     1
 44
3.085879441932775
 45
10.0
 73
     0
 74
     0
 46
0.0
  0
DIMENSION
  5
2EC7E
330
2EC2D
100
AcDbEntity
  8
DIMS
 48
0.25
100
AcDbDimension
280
     0
  2
*D551
 10
59.51031903024705
 20
63.42122032138911
 30
0.0
 11
53.30527581955539
 21
64.46061770288986
 31
0.0
 12
-38652.2429957183
 22
242.6102359591076
 32
0.0
 70
     1
 71
     5
 42
12.0
 73
     0
 74
     0
 75
     0
  3
16$0
100
AcDbAlignedDimension
 13
48.78178909986309
 23
53.5351189417936
 33
0.0
 14
60.66500592476223
 24
55.20519615331276
 34
0.0
  0
DIMENSION
  5
2EC7F
330
2EC2D
100
AcDbEntity
  8
DIMS
 48
0.25
100
AcDbDimension
280
     0
  2
*D552
 10
35.74388538045605
 20
60.0810658983454
 30
0.0
 11
41.42205899465625
 21
62.79054049136619
 31
0.0
 12
-38652.2429957183
 22
242.6102359591076
 32
0.0
 70
     1
 71
     5
 42
12.0
 73
     0
 74
     0
 75
     0
  3
16$0
100
AcDbAlignedDimension
 13
48.78178909986309
 23
53.5351189417936
 33
0.0
 14
36.89857227496395
 24
51.86504173027444
 34
0.0
  0
DIMENSION
  5
2EC80
330
2EC2D
100
AcDbEntity
  8
DIMS
 48
0.25
100
AcDbDimension
280
     0
  2
*D553
 10
31.78281310547754
 20
59.52437349450418
 30
0.0
 11
33.4999144447138
 21
61.67715568368465
 31
0.0
 12
-38652.2429957183
 22
242.6102359591076
 32
0.0
 70
     1
 71
     5
 42
3.999999999992724
 73
     0
 74
     0
 75
     0
  3
16$0
100
AcDbAlignedDimension
 13
36.89857227496395
 23
51.86504173027444
 33
0.0
 14
32.9375
 24
51.30834932643504
 34
0.0
  0
DIMENSION
  5
2EC81
330
2EC2D
100
AcDbEntity
  8
DIMS
 48
0.25
100
AcDbDimension
280
     0
  2
*D554
 10
72.7499717156461
 20
65.28193216096304
 30
0.0
 11
65.74741934529447
 21
67.07481343021198
 31
0.0
 12
-38652.2429957183
 22
242.6102359591076
 32
0.0
 70
     1
 71
     5
 42
13.36976633228915
 73
     0
 74
     0
 75
     0
  3
16$0
100
AcDbAlignedDimension
 13
60.66500592476223
 23
55.20519615331276
 33
0.0
 14
73.90465861016128
 24
57.06590799289114
 34
0.0
  0
DIMENSION
  5
2EC82
330
2EC2D
100
AcDbEntity
  8
DIMS
 48
0.25
100
AcDbDimension
280
     0
  2
*D555
 10
80.672116265574
 20
66.39531696864458
 30
0.0
 11
76.4476091923716
 21
67.71306055206594
 31
0.0
 12
-38652.2429957183
 22
242.6102359591076
 32
0.0
 70
     1
 71
     5
 42
7.999999999992724
 73
     0
 74
     0
 75
     0
  3
16$0
100
AcDbAlignedDimension
 13
73.90465861016128
 23
57.06590799289114
 33
0.0
 14
81.82680316008918
 24
58.17929280057089
 34
0.0
  0
DIMENSION
  5
2EC83
330
2EC2D
100
AcDbEntity
  8
DIMS
 48
0.25
100
AcDbDimension
280
     0
  2
*D556
 10
30.86200481531705
 20
66.07626492245242
 30
0.0
 11
54.9239303677241
 21
72.23497384855898
 31
0.0
 12
-38652.2429957183
 22
242.6102359591076
 32
0.0
 70
     1
 71
     5
 42
49.36976633228187
 73
     0
 74
     0
 75
     0
  3
16$0
100
AcDbAlignedDimension
 13
81.82680316009646
 23
58.17929280057058
 33
0.0
 14
32.9375
 24
51.30834932643472
 34
0.0
  0
DIMENSION
  5
2EC84
330
2EC2D
100
AcDbEntity
  8
DIMS
 48
0.25
100
AcDbDimension
280
     0
  2
*D557
 10
23.83877567113814
 20
51.30834932643467
 30
0.0
 11
21.08877567113086
 21
44.12084932642372
 31
0.0
 12
-38652.2429957183
 22
242.6102359591076
 32
0.0
 71
     5
 42
14.37500000000003
 73
     0
 74
     0
 75
     0
  3
16$0
100
AcDbAlignedDimension
 13
32.9375
 23
36.93334932643472
 33
0.0
 14
32.9375
 24
51.30834932643472
 34
0.0
 50
90.0
100
AcDbRotatedDimension
  0
DIMENSION
  5
2EC85
330
2EC2D
100
AcDbEntity
  8
DIMS
 48
0.25
100
AcDbDimension
280
     0
  2
*D558
 10
23.8387756712109
 20
32.9375
 30
0.0
 11
21.94591852834856
 21
34.93542466322114
 31
0.0
 12
-38652.2429957183
 22
242.6102359591076
 32
0.0
 71
     5
 42
3.995849326464054
 73
     0
 74
     0
 75
     0
  3
16$0
100
AcDbAlignedDimension
 13
32.46998000003077
 23
36.93334932646417
 33
0.0
 14
32.93749999999272
 24
32.93750000000011
 34
0.0
 50
90.0
100
AcDbRotatedDimension
  0
DIMENSION
  5
2EC86
330
2EC2D
100
AcDbEntity
  8
DIMS
 48
0.25
100
AcDbDimension
280
     0
  2
*D559
 10
17.50746783828799
 20
51.30834932643467
 30
0.0
 11
14.75746783828072
 21
42.12292466320642
 31
0.0
 12
-38652.2429957183
 22
242.6102359591076
 32
0.0
 71
     5
 42
18.37084932643464
 73
     0
 74
     0
 75
     0
  3
16$0
100
AcDbAlignedDimension
 13
32.93749999999272
 23
32.93750000000011
 33
0.0
 14
32.93749999999272
 24
51.30834932643472
 34
0.0
 50
90.0
100
AcDbRotatedDimension
  0
DIMENSION
  5
2EC87
330
2EC2D
100
AcDbEntity
  8
DIMS
 48
0.25
100
AcDbDimension
280
     0
  2
*D560
 10
94.92403806064249
 20
58.17929280057052
 30
0.0
 11
93.03118091778015
 21
56.17929280055958
 31
0.0
 12
-38652.2429957183
 22
242.6102359591076
 32
0.0
 71
     5
 42
4.0
 73
     0
 74
     0
 75
     0
  3
16$0
100
AcDbAlignedDimension
 13
81.82680316009646
 23
54.17929280057058
 33
0.0
 14
81.82680316009646
 24
58.17929280057058
 34
0.0
 50
90.0
100
AcDbRotatedDimension
  0
DIMENSION
  5
2EC88
330
2EC2D
100
AcDbEntity
  8
DIMS
 48
0.25
100
AcDbDimension
280
     0
  2
*D561
 10
94.92403806065704
 20
32.9375
 30
0.0
 11
93.0311809177947
 21
36.93749999998909
 31
0.0
 12
-38652.2429957183
 22
242.6102359591076
 32
0.0
 71
     5
 42
8.0
 73
     0
 74
     0
 75
     0
  3
16$0
100
AcDbAlignedDimension
 13
81.82680316010374
 23
40.93750000000011
 33
0.0
 14
81.82680316010374
 24
32.93750000000011
 34
0.0
 50
90.0
100
AcDbRotatedDimension
  0
DIMENSION
  5
2EC89
330
2EC2D
100
AcDbEntity
  8
DIMS
 48
0.25
100
AcDbDimension
280
     0
  2
*D562
 10
103.091286676492
 20
58.17929280057047
 30
0.0
 11
100.3412866764847
 21
45.55839640027429
 31
0.0
 12
-38652.2429957183
 22
242.6102359591076
 32
0.0
 71
     5
 42
25.24179280057044
 73
     0
 74
     0
 75
     0
  3
16$0
100
AcDbAlignedDimension
 13
81.82680316010374
 23
32.93750000000011
 33
0.0
 14
81.82680316010374
 24
58.17929280057052
 34
0.0
 50
90.0
100
AcDbRotatedDimension
  0
DIMENSION
  5
2EC8A
330
2EC2D
100
AcDbEntity
  8
DIMS
 48
0.25
100
AcDbDimension
280
     0
  2
*D563
 10
64.93749999999272
 20
21.55178564913501
 30
0.0
 11
58.93749999999272
 21
23.44464279199215
 31
0.0
 12
-38652.2429957183
 22
242.6102359591076
 32
0.0
 71
     5
 42
12.0
 73
     0
 74
     0
 75
     0
  3
16$0
100
AcDbAlignedDimension
 13
52.93749999999272
 23
32.93750000000011
 33
0.0
 14
64.93749999999272
 24
32.93750000000009
 34
0.0
100
AcDbRotatedDimension
  0
DIMENSION
  5
2EC8B
330
2EC2D
100
AcDbEntity
  8
DIMS
 48
0.25
100
AcDbDimension
280
     0
  2
*D564
 10
40.93749999999272
 20
21.55178564913501
 30
0.0
 11
46.93749999999272
 21
23.44464279199215
 31
0.0
 12
-38652.2429957183
 22
242.6102359591076
 32
0.0
 71
     5
 42
12.0
 73
     0
 74
     0
 75
     0
  3
16$0
100
AcDbAlignedDimension
 13
52.93749999999272
 23
32.93750000000011
 33
0.0
 14
40.93749999999272
 24
32.93750000000009
 34
0.0
100
AcDbRotatedDimension
  0
DIMENSION
  5
2EC8C
330
2EC2D
100
AcDbEntity
  8
DIMS
 48
0.25
100
AcDbDimension
280
     0
  2
*D565
 10
77.82680316010374
 20
21.55178564913501
 30
0.0
 11
71.38215158004459
 21
24.30178564913501
 31
0.0
 12
-38652.2429957183
 22
242.6102359591076
 32
0.0
 71
     5
 42
12.88930316011101
 73
     0
 74
     0
 75
     0
  3
16$0
100
AcDbAlignedDimension
 13
64.93749999999272
 23
32.93750000000009
 33
0.0
 14
77.82680316010374
 24
32.93750000000009
 34
0.0
100
AcDbRotatedDimension
  0
DIMENSION
  5
2EC8D
330
2EC2D
100
AcDbEntity
  8
DIMS
 48
0.25
100
AcDbDimension
280
     0
  2
*D566
 10
32.93749999999272
 20
21.55178564913501
 30
0.0
 11
36.93749999999272
 21
23.44464279199215
 31
0.0
 12
-38652.2429957183
 22
242.6102359591076
 32
0.0
 71
     5
 42
8.0
 73
     0
 74
     0
 75
     0
  3
16$0
100
AcDbAlignedDimension
 13
40.93749999999272
 23
32.93750000000011
 33
0.0
 14
32.93749999999272
 24
32.93750000000009
 34
0.0
100
AcDbRotatedDimension
  0
DIMENSION
  5
2EC8E
330
2EC2D
100
AcDbEntity
  8
DIMS
 48
0.25
100
AcDbDimension
280
     0
  2
*D567
 10
81.82680316010374
 20
21.55178564913501
 30
0.0
 11
79.82680316010374
 21
23.44464279199215
 31
0.0
 12
-38652.2429957183
 22
242.6102359591076
 32
0.0
 71
     5
 42
4.0
 73
     0
 74
     0
 75
     0
  3
16$0
100
AcDbAlignedDimension
 13
77.82680316010374
 23
32.93750000000009
 33
0.0
 14
81.82680316010374
 24
32.93750000000009
 34
0.0
100
AcDbRotatedDimension
  0
DIMENSION
  5
2EC8F
330
2EC2D
100
AcDbEntity
  8
DIMS
 48
0.25
100
AcDbDimension
280
     0
  2
*D568
 10
81.82680316010374
 20
14.5013466712843
 30
0.0
 11
57.38215158004459
 21
17.2513466712843
 31
0.0
 12
-38652.2429957183
 22
242.6102359591076
 32
0.0
 71
     5
 42
48.88930316011101
 73
     0
 74
     0
 75
     0
  3
16$0
100
AcDbAlignedDimension
 13
32.93749999999272
 23
32.93750000000011
 33
0.0
 14
81.82680316010374
 24
32.93750000000009
 34
0.0
100
AcDbRotatedDimension
  0
LINE
  5
2EC90
330
2EC2D
100
AcDbEntity
  8
CUT
 48
0.25
100
AcDbLine
 10
28.47526245046902
 20
83.05881928046213
 30
0.0
 11
28.762306971199
 21
81.01639138868225
 31
0.0
  0
LINE
  5
2EC91
330
2EC2D
100
AcDbEntity
  8
HIDDEN
 48
0.25
100
AcDbLine
 10
28.63120986593276
 20
83.08073626040144
 30
0.0
 11
28.89633740672434
 21
81.19425578408894
 31
0.0
  0
LINE
  5
2EC92
330
2EC2D
100
AcDbEntity
  8
CUT
 48
0.25
100
AcDbLine
 10
28.762306971199
 20
81.01639138868225
 30
0.0
 11
77.65161013129546
 21
87.88733486281691
 31
0.0
  0
LINE
  5
2EC93
330
2EC2D
100
AcDbEntity
  8
CUT
 48
0.25
100
AcDbLine
 10
28.47526245046902
 20
83.05881928046213
 30
0.0
 11
77.36456561056548
 21
89.9297627545968
 31
0.0
  0
LINE
  5
2EC94
330
2EC2D
100
AcDbEntity
  8
CUT
 48
0.25
100
AcDbLine
 10
42.81675280960917
 20
85.20061275297573
 30
0.0
 11
45.78755701583577
 21
85.61813205585528
 31
0.0
  0
LINE
  5
2EC95
330
2EC2D
100
AcDbEntity
  8
HIDDEN
 48
0.25
100
AcDbLine
 10
42.93852927294938
 20
84.33412819282691
 30
0.0
 11
45.90933347917598
 21
84.75164749570556
 31
0.0
  0
LINE
  5
2EC96
330
2EC2D
100
AcDbEntity
  8
HIDDEN
 48
0.25
100
AcDbLine
 10
28.89633740672434
 20
81.19425578408894
 30
0.0
 11
77.47374573589332
 21
88.02136529834499
 31
0.0
  0
LINE
  5
2EC97
330
2EC2D
100
AcDbEntity
  8
CUT
 48
0.25
100
AcDbLine
 10
77.65161013129546
 20
87.88733486281691
 30
0.0
 11
77.36456561056548
 21
89.9297627545968
 31
0.0
  0
LINE
  5
2EC98
330
2EC2D
100
AcDbEntity
  8
HIDDEN
 48
0.25
100
AcDbLine
 10
45.90933347917598
 20
84.75164749570556
 30
0.0
 11
45.80495365345996
 21
85.4943485472622
 31
0.0
  0
LINE
  5
2EC99
330
2EC2D
100
AcDbEntity
  8
HIDDEN
 48
0.25
100
AcDbLine
 10
77.47374573589332
 20
88.02136529834499
 30
0.0
 11
77.20861819510174
 21
89.90784577465749
 31
0.0
  0
LINE
  5
2EC9A
330
2EC2D
100
AcDbEntity
  8
CUT
 48
0.25
100
AcDbLine
 10
45.80495365345996
 20
85.4943485472622
 30
0.0
 11
45.78755701583577
 21
85.61813205585528
 31
0.0
  0
DIMENSION
  5
2EC9B
330
2EC2D
100
AcDbEntity
  8
DIMS
 48
0.25
100
AcDbDimension
280
     0
  2
*D569
 10
87.41500099434052
 20
89.25948996423347
 30
0.0
 11
88.3355316478337
 21
82.7095740238409
 31
0.0
 12
-38652.2429957183
 22
242.6102359591076
 32
0.0
  1
<> TO\XB.O. CLIP
 71
     5
 42
2.187500000001819
 73
     0
 74
     0
 75
     0
  3
16$0
100
AcDbAlignedDimension
 13
77.81013910043839
 23
90.11861247135059
 33
0.0
 14
77.65161013129546
 24
87.88733486281691
 34
0.0
 50
277.9999999998329
100
AcDbRotatedDimension
  0
DIMENSION
  5
2EC9C
330
2EC2D
100
AcDbEntity
  8
DIMS
 48
0.25
100
AcDbDimension
280
     0
  2
*D570
 10
16.94451055199897
 20
79.35550841558495
 30
0.0
 11
17.86504120549216
 21
72.80559247519238
 31
0.0
 12
-38652.2429957183
 22
242.6102359591076
 32
0.0
  1
<> TO\XB.O. CLIP
 71
     5
 42
2.187500000000909
 73
     0
 74
     0
 75
     0
  3
16$0
100
AcDbAlignedDimension
 13
27.99489568534773
 23
83.11753658089359
 33
0.0
 14
28.762306971199
 24
81.01639138868225
 34
0.0
 50
277.9999999998329
100
AcDbRotatedDimension
  0
LINE
  5
2EC9D
330
2EC2D
100
AcDbEntity
  8
HIDDEN
 48
0.25
100
AcDbLine
 10
42.93852927294938
 20
84.33412819282691
 30
0.0
 11
42.83414944723336
 21
85.07682924438265
 31
0.0
  0
LINE
  5
2EC9E
330
2EC2D
100
AcDbEntity
  8
CUT
 48
0.25
100
AcDbLine
 10
42.83414944723336
 20
85.07682924438265
 30
0.0
 11
42.81675280960917
 21
85.20061275297573
 31
0.0
  0
CIRCLE
  5
2EC9F
330
2EC2D
100
AcDbEntity
  8
HOLES
 48
0.25
100
AcDbCircle
 10
45.36200953194202
 20
85.05341147100441
 30
0.0
 40
0.0625
  0
CIRCLE
  5
2ECA0
330
2EC2D
100
AcDbEntity
  8
HOLES
 48
0.25
100
AcDbCircle
 10
43.38147339446004
 20
84.7750652690838
 30
0.0
 40
0.0625
  0
LINE
  5
2ECA1
330
2EC2D
100
AcDbEntity
  8
CUT
 48
0.25
100
AcDbLine
 10
30.93353598471003
 20
83.53053554145663
 30
0.0
 11
33.90434019092936
 21
83.94805484433527
 31
0.0
  0
LINE
  5
2ECA2
330
2EC2D
100
AcDbEntity
  8
HIDDEN
 48
0.25
100
AcDbLine
 10
31.05531244805024
 20
82.6640509813069
 30
0.0
 11
34.02611665426957
 21
83.08157028418645
 31
0.0
  0
LINE
  5
2ECA3
330
2EC2D
100
AcDbEntity
  8
HIDDEN
 48
0.25
100
AcDbLine
 10
34.02611665426957
 20
83.08157028418645
 30
0.0
 11
33.92173682855355
 21
83.8242713357431
 31
0.0
  0
LINE
  5
2ECA4
330
2EC2D
100
AcDbEntity
  8
CUT
 48
0.25
100
AcDbLine
 10
33.92173682855355
 20
83.8242713357431
 30
0.0
 11
33.90434019092936
 21
83.94805484433527
 31
0.0
  0
LINE
  5
2ECA5
330
2EC2D
100
AcDbEntity
  8
HIDDEN
 48
0.25
100
AcDbLine
 10
31.05531244805024
 20
82.6640509813069
 30
0.0
 11
30.95093262233422
 21
83.40675203286355
 31
0.0
  0
LINE
  5
2ECA6
330
2EC2D
100
AcDbEntity
  8
CUT
 48
0.25
100
AcDbLine
 10
30.95093262233422
 20
83.40675203286355
 30
0.0
 11
30.93353598471003
 21
83.53053554145663
 31
0.0
  0
CIRCLE
  5
2ECA7
330
2EC2D
100
AcDbEntity
  8
HOLES
 48
0.25
100
AcDbCircle
 10
33.47879270704289
 20
83.38333425948531
 30
0.0
 40
0.0625
  0
CIRCLE
  5
2ECA8
330
2EC2D
100
AcDbEntity
  8
HOLES
 48
0.25
100
AcDbCircle
 10
31.49825656956091
 20
83.1049880575647
 30
0.0
 40
0.0625
  0
LWPOLYLINE
  5
2ECA9
330
2EC2D
100
AcDbEntity
  8
CUT
 48
0.25
100
AcDbPolyline
 90
        6
 70
     1
 43
0.0
 10
77.31299802081776
 20
89.16514472310175
 10
77.18921451221831
 20
89.1477480854812
 10
77.0674380488781
 20
90.01423264563093
 10
77.81013910043839
 20
90.11861247135059
 10
77.82753573806258
 20
89.99482896275751
 10
77.20861819510174
 20
89.90784577465749
  0
LWPOLYLINE
  5
2ECAA
330
2EC2D
100
AcDbEntity
  8
CUT
 48
0.25
100
AcDbPolyline
 90
        6
 70
     1
 43
0.0
 10
28.73558969164878
 20
82.33803520884479
 10
28.85937320024095
 20
82.35543184646443
 10
28.73759673690074
 20
83.22191640661325
 10
27.99489568534773
 20
83.11753658089359
 10
28.01229232297192
 20
82.99375307230142
 10
28.63120986593276
 20
83.08073626040144
  0
LINE
  5
2ECAB
330
2EC2D
100
AcDbEntity
  8
CUT
 48
0.25
100
AcDbLine
 10
67.9396223198928
 20
88.7314018040716
 30
0.0
 11
70.91042652611941
 21
89.14892110695115
 31
0.0
  0
LINE
  5
2ECAC
330
2EC2D
100
AcDbEntity
  8
HIDDEN
 48
0.25
100
AcDbLine
 10
68.06139878323302
 20
87.86491724392278
 30
0.0
 11
71.03220298945962
 21
88.28243654680142
 31
0.0
  0
LINE
  5
2ECAD
330
2EC2D
100
AcDbEntity
  8
HIDDEN
 48
0.25
100
AcDbLine
 10
71.03220298945962
 20
88.28243654680142
 30
0.0
 11
70.9278231637436
 21
89.02513759835807
 31
0.0
  0
LINE
  5
2ECAE
330
2EC2D
100
AcDbEntity
  8
CUT
 48
0.25
100
AcDbLine
 10
70.9278231637436
 20
89.02513759835807
 30
0.0
 11
70.91042652611941
 21
89.14892110695115
 31
0.0
  0
LINE
  5
2ECAF
330
2EC2D
100
AcDbEntity
  8
HIDDEN
 48
0.25
100
AcDbLine
 10
68.06139878323302
 20
87.86491724392278
 30
0.0
 11
67.957018957517
 21
88.60761829547852
 31
0.0
  0
LINE
  5
2ECB0
330
2EC2D
100
AcDbEntity
  8
CUT
 48
0.25
100
AcDbLine
 10
67.957018957517
 20
88.60761829547852
 30
0.0
 11
67.9396223198928
 21
88.7314018040716
 31
0.0
  0
CIRCLE
  5
2ECB1
330
2EC2D
100
AcDbEntity
  8
HOLES
 48
0.25
100
AcDbCircle
 10
70.48487904222566
 20
88.58420052210028
 30
0.0
 40
0.0625
  0
CIRCLE
  5
2ECB2
330
2EC2D
100
AcDbEntity
  8
HOLES
 48
0.25
100
AcDbCircle
 10
68.50434290474368
 20
88.30585432017966
 30
0.0
 40
0.0625
  0
LINE
  5
2ECB3
330
2EC2D
100
AcDbEntity
  8
CUT
 48
0.25
100
AcDbLine
 10
54.69996963450103
 20
86.87068996449389
 30
0.0
 11
57.67077384072763
 21
87.28820926737345
 31
0.0
  0
LINE
  5
2ECB4
330
2EC2D
100
AcDbEntity
  8
HIDDEN
 48
0.25
100
AcDbLine
 10
54.82174609784124
 20
86.00420540434507
 30
0.0
 11
57.79255030406784
 21
86.42172470722372
 31
0.0
  0
LINE
  5
2ECB5
330
2EC2D
100
AcDbEntity
  8
HIDDEN
 48
0.25
100
AcDbLine
 10
57.79255030406784
 20
86.42172470722372
 30
0.0
 11
57.68817047835182
 21
87.16442575878037
 31
0.0
  0
LINE
  5
2ECB6
330
2EC2D
100
AcDbEntity
  8
CUT
 48
0.25
100
AcDbLine
 10
57.68817047835182
 20
87.16442575878037
 30
0.0
 11
57.67077384072763
 21
87.28820926737345
 31
0.0
  0
LINE
  5
2ECB7
330
2EC2D
100
AcDbEntity
  8
HIDDEN
 48
0.25
100
AcDbLine
 10
54.82174609784124
 20
86.00420540434507
 30
0.0
 11
54.71736627212522
 21
86.74690645590081
 31
0.0
  0
LINE
  5
2ECB8
330
2EC2D
100
AcDbEntity
  8
CUT
 48
0.25
100
AcDbLine
 10
54.71736627212522
 20
86.74690645590081
 30
0.0
 11
54.69996963450103
 21
86.87068996449389
 31
0.0
  0
CIRCLE
  5
2ECB9
330
2EC2D
100
AcDbEntity
  8
HOLES
 48
0.25
100
AcDbCircle
 10
57.24522635683388
 20
86.72348868252257
 30
0.0
 40
0.0625
  0
CIRCLE
  5
2ECBA
330
2EC2D
100
AcDbEntity
  8
HOLES
 48
0.25
100
AcDbCircle
 10
55.26469021935191
 20
86.44514248060196
 30
0.0
 40
0.0625
  0
LINE
  5
2ECBB
330
2EC2D
100
AcDbEntity
  8
CUT
 48
0.25
100
AcDbLine
 10
0.875
 20
51.30834932643427
 30
0.0
 11
2.9375
 21
51.30834932643472
 31
0.0
  0
LINE
  5
2ECBC
330
2EC2D
100
AcDbEntity
  8
HIDDEN
 48
0.25
100
AcDbLine
 10
0.875
 20
51.15086932643396
 30
0.0
 11
2.780019999998331
 21
51.15086932643487
 31
0.0
  0
LINE
  5
2ECBD
330
2EC2D
100
AcDbEntity
  8
CUT
 48
0.25
100
AcDbLine
 10
2.9375
 20
51.30834932643472
 30
0.0
 11
2.9375
 21
32.93750000000009
 31
0.0
  0
LINE
  5
2ECBE
330
2EC2D
100
AcDbEntity
  8
CUT
 48
0.25
100
AcDbLine
 10
0.875
 20
51.30834932643472
 30
0.0
 11
0.875
 21
32.93750000000009
 31
0.0
  0
LINE
  5
2ECBF
330
2EC2D
100
AcDbEntity
  8
HIDDEN
 48
0.25
100
AcDbLine
 10
2.780019999998331
 20
51.15086932643487
 30
0.0
 11
2.780019999998331
 21
33.09497999999994
 31
0.0
  0
LINE
  5
2ECC0
330
2EC2D
100
AcDbEntity
  8
CUT
 48
0.25
100
AcDbLine
 10
2.9375
 20
32.93750000000009
 30
0.0
 11
0.875
 21
32.93750000000009
 31
0.0
  0
LINE
  5
2ECC1
330
2EC2D
100
AcDbEntity
  8
HIDDEN
 48
0.25
100
AcDbLine
 10
2.780019999998331
 20
33.09497999999994
 30
0.0
 11
0.875
 21
33.09498000000039
 31
0.0
  0
DIMENSION
  5
2ECC2
330
2EC2D
100
AcDbEntity
  8
DIMS
 48
0.25
100
AcDbDimension
280
     0
  2
*D571
 10
2.9375
 20
23.0781587055877
 30
0.0
 11
9.551785714284051
 21
23.0781587055877
 31
0.0
 12
-38652.2429957183
 22
242.6102359591076
 32
0.0
  1
<> TO\XB.O. CLIP
 71
     5
 42
2.1875
 73
     0
 74
     0
 75
     0
  3
16$0
100
AcDbAlignedDimension
 13
0.75
 23
32.46997999999994
 33
0.0
 14
2.9375
 24
32.93750000000009
 34
0.0
100
AcDbRotatedDimension
  0
DIMENSION
  5
2ECC3
330
2EC2D
100
AcDbEntity
  8
DIMS
 48
0.25
100
AcDbDimension
280
     0
  2
*D572
 10
2.9375
 20
63.24228599722653
 30
0.0
 11
9.551785714284051
 21
63.24228599722653
 31
0.0
 12
-38652.2429957183
 22
242.6102359591076
 32
0.0
  1
<> TO\XB.O. CLIP
 71
     5
 42
2.1875
 73
     0
 74
     0
 75
     0
  3
16$0
100
AcDbAlignedDimension
 13
0.75
 23
51.77586932643487
 33
0.0
 14
2.9375
 24
51.30834932643472
 34
0.0
100
AcDbRotatedDimension
  0
LWPOLYLINE
  5
2ECC4
330
2EC2D
100
AcDbEntity
  8
CUT
 48
0.25
100
AcDbPolyline
 90
        6
 70
     1
 43
0.0
 10
1.625
 20
33.09497999999994
 10
1.625
 20
33.21997999999994
 10
0.75
 20
33.21997999999994
 10
0.75
 20
32.46997999999994
 10
0.875
 20
32.46997999999994
 10
0.875
 20
33.09498000000039
  0
LWPOLYLINE
  5
2ECC5
330
2EC2D
100
AcDbEntity
  8
CUT
 48
0.25
100
AcDbPolyline
 90
        6
 70
     1
 43
0.0
 10
1.625
 20
51.15086932643487
 10
1.625
 20
51.02586932643487
 10
0.75
 20
51.02586932643487
 10
0.75
 20
51.77586932643487
 10
0.875
 20
51.77586932643487
 10
0.875
 20
51.15086932643487
  0
CIRCLE
  5
2ECC6
330
2EC2D
100
AcDbEntity
  8
WEEPS
 48
0.25
100
AcDbCircle
 10
2.530019999998331
 20
49.30834932643472
 30
0.0
 40
0.1875
  0
CIRCLE
  5
2ECC7
330
2EC2D
100
AcDbEntity
  8
WEEPS
 48
0.25
100
AcDbCircle
 10
2.530019999998331
 20
34.93750000000009
 30
0.0
 40
0.1875
  0
LINE
  5
2ECC8
330
2EC2D
100
AcDbEntity
  8
CUT
 48
0.25
100
AcDbLine
 10
113.8893031600965
 20
58.17929280057012
 30
0.0
 11
111.8268031600965
 21
58.17929280057058
 31
0.0
  0
LINE
  5
2ECC9
330
2EC2D
100
AcDbEntity
  8
HIDDEN
 48
0.25
100
AcDbLine
 10
113.8893031600965
 20
58.02181280056982
 30
0.0
 11
111.9842831600981
 21
58.02181280057073
 31
0.0
  0
LINE
  5
2ECCA
330
2EC2D
100
AcDbEntity
  8
CUT
 48
0.25
100
AcDbLine
 10
111.8268031600965
 20
58.17929280057058
 30
0.0
 11
111.8268031600965
 21
32.93750000000011
 31
0.0
  0
LINE
  5
2ECCB
330
2EC2D
100
AcDbEntity
  8
CUT
 48
0.25
100
AcDbLine
 10
113.8893031600965
 20
58.17929280057058
 30
0.0
 11
113.8893031600965
 21
32.93750000000011
 31
0.0
  0
LINE
  5
2ECCC
330
2EC2D
100
AcDbEntity
  8
CUT
 48
0.25
100
AcDbLine
 10
114.0143031600965
 20
42.43750000000009
 30
0.0
 11
114.0143031600965
 21
39.43750000000009
 31
0.0
  0
LINE
  5
2ECCD
330
2EC2D
100
AcDbEntity
  8
HIDDEN
 48
0.25
100
AcDbLine
 10
113.1393031600965
 20
42.43750000000009
 30
0.0
 11
113.1393031600965
 21
39.43750000000009
 31
0.0
  0
LINE
  5
2ECCE
330
2EC2D
100
AcDbEntity
  8
HIDDEN
 48
0.25
100
AcDbLine
 10
111.9842831600981
 20
58.02181280057073
 30
0.0
 11
111.9842831600981
 21
33.09497999999996
 31
0.0
  0
LINE
  5
2ECCF
330
2EC2D
100
AcDbEntity
  8
CUT
 48
0.25
100
AcDbLine
 10
111.8268031600965
 20
32.93750000000011
 30
0.0
 11
113.8893031600965
 21
32.93750000000011
 31
0.0
  0
LINE
  5
2ECD0
330
2EC2D
100
AcDbEntity
  8
HIDDEN
 48
0.25
100
AcDbLine
 10
113.1393031600965
 20
39.43750000000009
 30
0.0
 11
113.8893031600965
 21
39.43750000000009
 31
0.0
  0
LINE
  5
2ECD1
330
2EC2D
100
AcDbEntity
  8
HIDDEN
 48
0.25
100
AcDbLine
 10
111.9842831600981
 20
33.09497999999996
 30
0.0
 11
113.8893031600965
 21
33.09498000000042
 31
0.0
  0
LINE
  5
2ECD2
330
2EC2D
100
AcDbEntity
  8
CUT
 48
0.25
100
AcDbLine
 10
113.8893031600965
 20
39.43750000000009
 30
0.0
 11
114.0143031600965
 21
39.43750000000009
 31
0.0
  0
DIMENSION
  5
2ECD3
330
2EC2D
100
AcDbEntity
  8
DIMS
 48
0.25
100
AcDbDimension
280
     0
  2
*D547
 10
111.8268031600965
 20
19.05394776538145
 30
0.0
 11
105.2125174458124
 21
19.05394776538145
 31
0.0
 12
-38652.2429957183
 22
242.6102359591076
 32
0.0
  1
<> TO\XB.O. CLIP
 71
     5
 42
2.1875
 73
     0
 74
     0
 75
     0
  3
16$0
100
AcDbAlignedDimension
 13
114.0143031600965
 23
32.46997999999996
 33
0.0
 14
111.8268031600965
 24
32.93750000000011
 34
0.0
 50
180.0
100
AcDbRotatedDimension
  0
LINE
  5
2ECD4
330
2EC2D
100
AcDbEntity
  8
HIDDEN
 48
0.25
100
AcDbLine
 10
113.1393031600965
 20
42.43750000000009
 30
0.0
 11
113.8893031600965
 21
42.43750000000009
 31
0.0
  0
LINE
  5
2ECD5
330
2EC2D
100
AcDbEntity
  8
CUT
 48
0.25
100
AcDbLine
 10
113.8893031600965
 20
42.43750000000009
 30
0.0
 11
114.0143031600965
 21
42.43750000000009
 31
0.0
  0
CIRCLE
  5
2ECD6
330
2EC2D
100
AcDbEntity
  8
HOLES
 48
0.25
100
AcDbCircle
 10
113.5143031600965
 20
39.93750000000009
 30
0.0
 40
0.0625
  0
CIRCLE
  5
2ECD7
330
2EC2D
100
AcDbEntity
  8
HOLES
 48
0.25
100
AcDbCircle
 10
113.5143031600965
 20
41.93750000000009
 30
0.0
 40
0.0625
  0
LWPOLYLINE
  5
2ECD8
330
2EC2D
100
AcDbEntity
  8
CUT
 48
0.25
100
AcDbPolyline
 90
        6
 70
     1
 43
0.0
 10
113.1393031600965
 20
33.09497999999996
 10
113.1393031600965
 20
33.21997999999996
 10
114.0143031600965
 20
33.21997999999996
 10
114.0143031600965
 20
32.46997999999996
 10
113.8893031600965
 20
32.46997999999996
 10
113.8893031600965
 20
33.09498000000042
  0
CIRCLE
  5
2ECD9
330
2EC2D
100
AcDbEntity
  8
WEEPS
 48
0.25
100
AcDbCircle
 10
112.2342831600981
 20
56.17929280057058
 30
0.0
 40
0.1875
  0
CIRCLE
  5
2ECDA
330
2EC2D
100
AcDbEntity
  8
WEEPS
 48
0.25
100
AcDbCircle
 10
112.2342831600981
 20
34.93750000000011
 30
0.0
 40
0.1875
  0
LINE
  5
2ECDB
330
2EC2D
100
AcDbEntity
  8
CUT
 48
0.25
100
AcDbLine
 10
114.0143031600965
 20
55.6792928006
 30
0.0
 11
114.0143031600965
 21
52.6792928006
 31
0.0
  0
LINE
  5
2ECDC
330
2EC2D
100
AcDbEntity
  8
HIDDEN
 48
0.25
100
AcDbLine
 10
113.1393031600965
 20
55.6792928006
 30
0.0
 11
113.1393031600965
 21
52.6792928006
 31
0.0
  0
LINE
  5
2ECDD
330
2EC2D
100
AcDbEntity
  8
HIDDEN
 48
0.25
100
AcDbLine
 10
113.1393031600965
 20
52.6792928006
 30
0.0
 11
113.8893031600965
 21
52.6792928006
 31
0.0
  0
LINE
  5
2ECDE
330
2EC2D
100
AcDbEntity
  8
CUT
 48
0.25
100
AcDbLine
 10
113.8893031600965
 20
52.6792928006
 30
0.0
 11
114.0143031600965
 21
52.6792928006
 31
0.0
  0
LINE
  5
2ECDF
330
2EC2D
100
AcDbEntity
  8
HIDDEN
 48
0.25
100
AcDbLine
 10
113.1393031600965
 20
55.6792928006
 30
0.0
 11
113.8893031600965
 21
55.6792928006
 31
0.0
  0
LINE
  5
2ECE0
330
2EC2D
100
AcDbEntity
  8
CUT
 48
0.25
100
AcDbLine
 10
113.8893031600965
 20
55.6792928006
 30
0.0
 11
114.0143031600965
 21
55.6792928006
 31
0.0
  0
CIRCLE
  5
2ECE1
330
2EC2D
100
AcDbEntity
  8
HOLES
 48
0.25
100
AcDbCircle
 10
113.5143031600965
 20
53.1792928006
 30
0.0
 40
0.0625
  0
CIRCLE
  5
2ECE2
330
2EC2D
100
AcDbEntity
  8
HOLES
 48
0.25
100
AcDbCircle
 10
113.5143031600965
 20
55.1792928006
 30
0.0
 40
0.0625
  0
LWPOLYLINE
  5
2ECE3
330
2EC2D
100
AcDbEntity
  8
CUT
 48
0.25
100
AcDbPolyline
 90
        6
 70
     1
 43
0.0
 10
113.1393031600965
 20
58.02181280057056
 10
113.1393031600965
 20
57.89681280057056
 10
114.0143031600965
 20
57.89681280057056
 10
114.0143031600965
 20
58.64681280057056
 10
113.8893031600965
 20
58.64681280057056
 10
113.8893031600965
 20
58.0218128005701
  0
DIMENSION
  5
2ECE4
330
2EC2D
100
AcDbEntity
  8
DIMS
 48
0.25
100
AcDbDimension
280
     0
  2
*D548
 10
111.8268031600965
 20
66.89562352890619
 30
0.0
 11
107.5268031600936
 21
69.64562352890619
 31
0.0
 12
-38652.2429957183
 22
242.6102359591076
 32
0.0
 71
     5
 42
2.1875
 73
     0
 74
     0
 75
     0
  3
16$0
100
AcDbAlignedDimension
 13
114.0143031600965
 23
58.64681280057056
 33
0.0
 14
111.8268031600965
 24
58.17929280057058
 34
0.0
100
AcDbRotatedDimension
  0
LINE
  5
2ECE5
330
2EC2D
100
AcDbEntity
  8
CUT
 48
0.25
100
AcDbLine
 10
32.93749999999272
 20
0.8750000000001137
 30
0.0
 11
32.93749999999272
 21
2.937500000000114
 31
0.0
  0
LINE
  5
2ECE6
330
2EC2D
100
AcDbEntity
  8
HIDDEN
 48
0.25
100
AcDbLine
 10
33.09497999999439
 20
0.8750000000001137
 30
0.0
 11
33.09497999999439
 21
2.780019999998444
 31
0.0
  0
LINE
  5
2ECE7
330
2EC2D
100
AcDbEntity
  8
CUT
 48
0.25
100
AcDbLine
 10
32.93749999999272
 20
2.937500000000114
 30
0.0
 11
81.82680316010374
 21
2.937500000000114
 31
0.0
  0
LINE
  5
2ECE8
330
2EC2D
100
AcDbEntity
  8
CUT
 48
0.25
100
AcDbLine
 10
32.93749999999272
 20
0.8750000000001137
 30
0.0
 11
81.82680316010374
 21
0.8750000000001137
 31
0.0
  0
LINE
  5
2ECE9
330
2EC2D
100
AcDbEntity
  8
CUT
 48
0.25
100
AcDbLine
 10
76.32680316010374
 20
0.7500000000001137
 30
0.0
 11
79.32680316010374
 21
0.7500000000001137
 31
0.0
  0
LINE
  5
2ECEA
330
2EC2D
100
AcDbEntity
  8
HIDDEN
 48
0.25
100
AcDbLine
 10
76.32680316010374
 20
1.625000000000114
 30
0.0
 11
79.32680316010374
 21
1.625000000000114
 31
0.0
  0
LINE
  5
2ECEB
330
2EC2D
100
AcDbEntity
  8
HIDDEN
 48
0.25
100
AcDbLine
 10
33.09497999999439
 20
2.780019999998444
 30
0.0
 11
81.66932316010934
 21
2.780019999998444
 31
0.0
  0
LINE
  5
2ECEC
330
2EC2D
100
AcDbEntity
  8
CUT
 48
0.25
100
AcDbLine
 10
81.82680316010374
 20
2.937500000000114
 30
0.0
 11
81.82680316010374
 21
0.8750000000001137
 31
0.0
  0
LINE
  5
2ECED
330
2EC2D
100
AcDbEntity
  8
HIDDEN
 48
0.25
100
AcDbLine
 10
79.32680316010374
 20
1.625000000000114
 30
0.0
 11
79.32680316010374
 21
0.8750000000001137
 31
0.0
  0
LINE
  5
2ECEE
330
2EC2D
100
AcDbEntity
  8
HIDDEN
 48
0.25
100
AcDbLine
 10
81.66932316010934
 20
2.780019999998444
 30
0.0
 11
81.66932316010934
 21
0.8750000000001137
 31
0.0
  0
LINE
  5
2ECEF
330
2EC2D
100
AcDbEntity
  8
CUT
 48
0.25
100
AcDbLine
 10
79.32680316010374
 20
0.8750000000001137
 30
0.0
 11
79.32680316010374
 21
0.7500000000001137
 31
0.0
  0
DIMENSION
  5
2ECF0
330
2EC2D
100
AcDbEntity
  8
DIMS
 48
0.25
100
AcDbDimension
280
     0
  2
*D549
 10
91.68614445501589
 20
2.9375
 30
0.0
 11
91.68614445500862
 21
9.551785714274814
 31
0.0
 12
-38652.2429957183
 22
242.6102359591076
 32
0.0
  1
<> TO\XB.O. CLIP
 71
     5
 42
2.1875
 73
     0
 74
     0
 75
     0
  3
16$0
100
AcDbAlignedDimension
 13
82.29432316010934
 23
0.7500000000001137
 33
0.0
 14
81.82680316010374
 24
2.937500000000114
 34
0.0
 50
90.0
100
AcDbRotatedDimension
  0
DIMENSION
  5
2ECF1
330
2EC2D
100
AcDbEntity
  8
DIMS
 48
0.25
100
AcDbDimension
280
     0
  2
*D550
 10
21.00356332956289
 20
2.9375
 30
0.0
 11
21.00356332955562
 21
9.551785714274843
 31
0.0
 12
-38652.2429957183
 22
242.6102359591076
 32
0.0
  1
<> TO\XB.O. CLIP
 71
     5
 42
2.1875
 73
     0
 74
     0
 75
     0
  3
16$0
100
AcDbAlignedDimension
 13
32.46997999999439
 23
0.7500000000001137
 33
0.0
 14
32.93749999999272
 24
2.937500000000114
 34
0.0
 50
90.0
100
AcDbRotatedDimension
  0
LINE
  5
2ECF2
330
2EC2D
100
AcDbEntity
  8
HIDDEN
 48
0.25
100
AcDbLine
 10
76.32680316010374
 20
1.625000000000114
 30
0.0
 11
76.32680316010374
 21
0.8750000000001137
 31
0.0
  0
LINE
  5
2ECF3
330
2EC2D
100
AcDbEntity
  8
CUT
 48
0.25
100
AcDbLine
 10
76.32680316010374
 20
0.8750000000001137
 30
0.0
 11
76.32680316010374
 21
0.7500000000001137
 31
0.0
  0
CIRCLE
  5
2ECF4
330
2EC2D
100
AcDbEntity
  8
HOLES
 48
0.25
100
AcDbCircle
 10
78.82680316010374
 20
1.250000000000114
 30
0.0
 40
0.0625
  0
CIRCLE
  5
2ECF5
330
2EC2D
100
AcDbEntity
  8
HOLES
 48
0.25
100
AcDbCircle
 10
76.82680316010374
 20
1.250000000000114
 30
0.0
 40
0.0625
  0
LINE
  5
2ECF6
330
2EC2D
100
AcDbEntity
  8
CUT
 48
0.25
100
AcDbLine
 10
39.43749999999272
 20
0.7500000000001137
 30
0.0
 11
42.43749999999272
 21
0.7500000000001137
 31
0.0
  0
LINE
  5
2ECF7
330
2EC2D
100
AcDbEntity
  8
HIDDEN
 48
0.25
100
AcDbLine
 10
39.43749999999272
 20
1.625000000000114
 30
0.0
 11
42.43749999999272
 21
1.625000000000114
 31
0.0
  0
LINE
  5
2ECF8
330
2EC2D
100
AcDbEntity
  8
HIDDEN
 48
0.25
100
AcDbLine
 10
42.43749999999272
 20
1.625000000000114
 30
0.0
 11
42.43749999999272
 21
0.8750000000001137
 31
0.0
  0
LINE
  5
2ECF9
330
2EC2D
100
AcDbEntity
  8
CUT
 48
0.25
100
AcDbLine
 10
42.43749999999272
 20
0.8750000000001137
 30
0.0
 11
42.43749999999272
 21
0.7500000000001137
 31
0.0
  0
LINE
  5
2ECFA
330
2EC2D
100
AcDbEntity
  8
HIDDEN
 48
0.25
100
AcDbLine
 10
39.43749999999272
 20
1.625000000000114
 30
0.0
 11
39.43749999999272
 21
0.8750000000001137
 31
0.0
  0
LINE
  5
2ECFB
330
2EC2D
100
AcDbEntity
  8
CUT
 48
0.25
100
AcDbLine
 10
39.43749999999272
 20
0.8750000000001137
 30
0.0
 11
39.43749999999272
 21
0.7500000000001137
 31
0.0
  0
CIRCLE
  5
2ECFC
330
2EC2D
100
AcDbEntity
  8
HOLES
 48
0.25
100
AcDbCircle
 10
41.93749999999272
 20
1.250000000000114
 30
0.0
 40
0.0625
  0
CIRCLE
  5
2ECFD
330
2EC2D
100
AcDbEntity
  8
HOLES
 48
0.25
100
AcDbCircle
 10
39.93749999999272
 20
1.250000000000114
 30
0.0
 40
0.0625
  0
LWPOLYLINE
  5
2ECFE
330
2EC2D
100
AcDbEntity
  8
CUT
 48
0.25
100
AcDbPolyline
 90
        6
 70
     1
 43
0.0
 10
81.66932316010934
 20
1.625000000000114
 10
81.54432316010934
 20
1.625000000000114
 10
81.54432316010934
 20
0.7500000000001137
 10
82.29432316010934
 20
0.7500000000001137
 10
82.29432316010934
 20
0.8750000000001137
 10
81.66932316010934
 20
0.8750000000001137
  0
LWPOLYLINE
  5
2ECFF
330
2EC2D
100
AcDbEntity
  8
CUT
 48
0.25
100
AcDbPolyline
 90
        6
 70
     1
 43
0.0
 10
33.09497999999439
 20
1.625000000000114
 10
33.21997999999439
 20
1.625000000000114
 10
33.21997999999439
 20
0.7500000000001137
 10
32.46997999999439
 20
0.7500000000001137
 10
32.46997999999439
 20
0.8750000000001137
 10
33.09497999999439
 20
0.8750000000001137
  0
LINE
  5
2ED00
330
2EC2D
100
AcDbEntity
  8
CUT
 48
0.25
100
AcDbLine
 10
51.43749999999272
 20
0.7500000000001137
 30
0.0
 11
54.43749999999272
 21
0.7500000000001137
 31
0.0
  0
LINE
  5
2ED01
330
2EC2D
100
AcDbEntity
  8
HIDDEN
 48
0.25
100
AcDbLine
 10
51.43749999999272
 20
1.625000000000114
 30
0.0
 11
54.43749999999272
 21
1.625000000000114
 31
0.0
  0
LINE
  5
2ED02
330
2EC2D
100
AcDbEntity
  8
HIDDEN
 48
0.25
100
AcDbLine
 10
54.43749999999272
 20
1.625000000000114
 30
0.0
 11
54.43749999999272
 21
0.8750000000001137
 31
0.0
  0
LINE
  5
2ED03
330
2EC2D
100
AcDbEntity
  8
CUT
 48
0.25
100
AcDbLine
 10
54.43749999999272
 20
0.8750000000001137
 30
0.0
 11
54.43749999999272
 21
0.7500000000001137
 31
0.0
  0
LINE
  5
2ED04
330
2EC2D
100
AcDbEntity
  8
HIDDEN
 48
0.25
100
AcDbLine
 10
51.43749999999272
 20
1.625000000000114
 30
0.0
 11
51.43749999999272
 21
0.8750000000001137
 31
0.0
  0
LINE
  5
2ED05
330
2EC2D
100
AcDbEntity
  8
CUT
 48
0.25
100
AcDbLine
 10
51.43749999999272
 20
0.8750000000001137
 30
0.0
 11
51.43749999999272
 21
0.7500000000001137
 31
0.0
  0
CIRCLE
  5
2ED06
330
2EC2D
100
AcDbEntity
  8
HOLES
 48
0.25
100
AcDbCircle
 10
53.93749999999272
 20
1.250000000000114
 30
0.0
 40
0.0625
  0
CIRCLE
  5
2ED07
330
2EC2D
100
AcDbEntity
  8
HOLES
 48
0.25
100
AcDbCircle
 10
51.93749999999272
 20
1.250000000000114
 30
0.0
 40
0.0625
  0
LINE
  5
2ED08
330
2EC2D
100
AcDbEntity
  8
CUT
 48
0.25
100
AcDbLine
 10
63.43749999999272
 20
0.7500000000001137
 30
0.0
 11
66.43749999999272
 21
0.7500000000001137
 31
0.0
  0
LINE
  5
2ED09
330
2EC2D
100
AcDbEntity
  8
HIDDEN
 48
0.25
100
AcDbLine
 10
63.43749999999272
 20
1.625000000000114
 30
0.0
 11
66.43749999999272
 21
1.625000000000114
 31
0.0
  0
LINE
  5
2ED0A
330
2EC2D
100
AcDbEntity
  8
HIDDEN
 48
0.25
100
AcDbLine
 10
66.43749999999272
 20
1.625000000000114
 30
0.0
 11
66.43749999999272
 21
0.8750000000001137
 31
0.0
  0
LINE
  5
2ED0B
330
2EC2D
100
AcDbEntity
  8
CUT
 48
0.25
100
AcDbLine
 10
66.43749999999272
 20
0.8750000000001137
 30
0.0
 11
66.43749999999272
 21
0.7500000000001137
 31
0.0
  0
LINE
  5
2ED0C
330
2EC2D
100
AcDbEntity
  8
HIDDEN
 48
0.25
100
AcDbLine
 10
63.43749999999272
 20
1.625000000000114
 30
0.0
 11
63.43749999999272
 21
0.8750000000001137
 31
0.0
  0
LINE
  5
2ED0D
330
2EC2D
100
AcDbEntity
  8
CUT
 48
0.25
100
AcDbLine
 10
63.43749999999272
 20
0.8750000000001137
 30
0.0
 11
63.43749999999272
 21
0.7500000000001137
 31
0.0
  0
CIRCLE
  5
2ED0E
330
2EC2D
100
AcDbEntity
  8
HOLES
 48
0.25
100
AcDbCircle
 10
65.93749999999272
 20
1.250000000000114
 30
0.0
 40
0.0625
  0
CIRCLE
  5
2ED0F
330
2EC2D
100
AcDbEntity
  8
HOLES
 48
0.25
100
AcDbCircle
 10
63.93749999999272
 20
1.250000000000114
 30
0.0
 40
0.0625
  0
MTEXT
  5
2ED10
330
2EC2D
100
AcDbEntity
  8
DIMS
 48
0.25
100
AcDbMText
 10
56.84398693542607
 20
47.3176788247855
 30
0.0
 40
2.0
 41
7.507285124796908
 46
0.0
 71
     2
 72
     5
  1
GRAIN
  7
DETAIL
 73
     1
 44
1.0
101
Embedded Object
 70
     1
 10
1.0
 20
0.0
 30
0.0
 11
56.84398693542607
 21
47.3176788247855
 31
0.0
 40
7.507285124796908
 41
0.0
 42
8.7239758226998
 43
-1.0
 71
     2
 72
     1
 44
7.507285124796908
 45
10.0
 73
     0
 74
     0
 46
0.0
  0
LWPOLYLINE
  5
2ED11
330
2EC2D
100
AcDbEntity
  8
DIMS
 48
0.25
100
AcDbPolyline
 90
        2
 70
     0
 43
0.0
 10
49.63512902111688
 20
44.43471412333554
 10
66.46408889690065
 20
44.43471412333554
  0
LINE
  5
2ED12
330
2EC2D
100
AcDbEntity
  8
DIMS
 48
0.25
100
AcDbLine
 10
62.59268500692269
 20
46.11373872062757
 30
0.0
 11
66.46408889690065
 21
44.43471412333554
 31
0.0
  0
LINE
  5
2ED13
330
2EC2D
100
AcDbEntity
  8
CUT
 48
0.25
100
AcDbLine
 10
0.75
 20
38.43334932643461
 30
0.0
 11
0.75
 21
35.43334932643461
 31
0.0
  0
LINE
  5
2ED14
330
2EC2D
100
AcDbEntity
  8
HIDDEN
 48
0.25
100
AcDbLine
 10
1.625
 20
38.43334932643461
 30
0.0
 11
1.625
 21
35.43334932643461
 31
0.0
  0
LINE
  5
2ED15
330
2EC2D
100
AcDbEntity
  8
HIDDEN
 48
0.25
100
AcDbLine
 10
1.625
 20
35.43334932643461
 30
0.0
 11
0.875
 21
35.43334932643461
 31
0.0
  0
LINE
  5
2ED16
330
2EC2D
100
AcDbEntity
  8
CUT
 48
0.25
100
AcDbLine
 10
0.875
 20
35.43334932643461
 30
0.0
 11
0.75
 21
35.43334932643461
 31
0.0
  0
LINE
  5
2ED17
330
2EC2D
100
AcDbEntity
  8
HIDDEN
 48
0.25
100
AcDbLine
 10
1.625
 20
38.43334932643461
 30
0.0
 11
0.875
 21
38.43334932643461
 31
0.0
  0
LINE
  5
2ED18
330
2EC2D
100
AcDbEntity
  8
CUT
 48
0.25
100
AcDbLine
 10
0.875
 20
38.43334932643461
 30
0.0
 11
0.75
 21
38.43334932643461
 31
0.0
  0
CIRCLE
  5
2ED19
330
2EC2D
100
AcDbEntity
  8
HOLES
 48
0.25
100
AcDbCircle
 10
1.25
 20
35.93334932643461
 30
0.0
 40
0.0625
  0
CIRCLE
  5
2ED1A
330
2EC2D
100
AcDbEntity
  8
HOLES
 48
0.25
100
AcDbCircle
 10
1.25
 20
37.93334932643461
 30
0.0
 40
0.0625
  0
DIMENSION
  5
2ED1B
330
2EC2D
100
AcDbEntity
  8
DIMS
 48
0.25
100
AcDbDimension
280
     0
  2
*D573
 10
94.92403806065704
 20
40.9375
 30
0.0
 11
92.17403806064976
 21
47.55839640027435
 31
0.0
 12
-38652.2429957183
 22
242.6102359591076
 32
0.0
 71
     5
 42
13.24179280057049
 73
     0
 74
     0
 75
     0
  3
16$0
100
AcDbAlignedDimension
 13
81.82680316009646
 23
54.17929280057058
 33
0.0
 14
81.82680316010374
 24
40.93750000000011
 34
0.0
 50
90.0
100
AcDbRotatedDimension
  0
ENDBLK
  5
2ED1F
330
2EC2D
100
AcDbEntity
  8
0
100
AcDbBlockEnd
  0
ENDSEC
  0
SECTION
  2
ENTITIES
  0
MTEXT
  5
1C1
330
1F
100
AcDbEntity
  8
TEXT
100
AcDbMText
 10
72.0526196464767
 20
-22.01114001893788
 30
0.0
 40
3.0
 41
199.7408867470693
 46
0.0
 71
     5
 72
     5
  1
\pxt44;PANEL MARKS:  SF-143\P\ptz;QUANTITY: 1 TOTAL\PFINISH: BRAZEN COPPER DARK
 73
     1
 44
1.0
101
Embedded Object
 70
     1
 10
1.0
 20
0.0
 30
0.0
 11
72.0526196464767
 21
-22.01114001893788
 31
0.0
 40
199.7408867470693
 41
0.0
 42
64.38540245566165
 43
-1.0
 71
     2
 72
     1
 44
199.7408867470693
 45
1.0
 73
     0
 74
     0
 46
0.0
  0
LWPOLYLINE
  5
23E
330
1F
100
AcDbEntity
  8
SHEET
100
AcDbPolyline
 90
        4
 70
     1
 43
0.0
 10
0.0
 20
61.99999999999999
 10
160.0
 20
61.99999999999999
 10
160.0
 20
0.0
 10
0.0
 20
0.0
  0
LWPOLYLINE
  5
2EE2A
330
1F
100
AcDbEntity
  8
ROUT
 48
0.25
100
AcDbPolyline
 90
        3
 70
     0
 43
0.0
 10
2.06249999999919
 20
22.38793919652406
 10
2.062500000007276
 20
8.9133713659146
 10
1.775455479277298
 20
6.87094347413472
  0
LWPOLYLINE
  5
2EE2B
330
1F
100
AcDbEntity
  8
ROUT
 48
0.25
100
AcDbPolyline
 90
        4
 70
     0
 43
0.0
 10
0.0
 20
8.913371365915054
 10
2.062500000007276
 20
8.9133713659146
 10
50.95180316010374
 20
2.042427891778743
 10
50.95180316011161
 20
22.38793919652406
  0
LINE
  5
2EE2C
330
1F
100
AcDbEntity
  8
ROUT
 48
0.25
100
AcDbLine
 10
53.01430316010374
 20
20.32543919652409
 30
0.0
 11
0.0
 21
20.32543919652406
 31
0.0
  0
CIRCLE
  5
2EE2D
330
1F
100
AcDbEntity
  8
WEEPS
 48
0.25
100
AcDbCircle
 10
1.655019999998331
 20
10.9133713659146
 30
0.0
 40
0.1875
  0
CIRCLE
  5
2EE2E
330
1F
100
AcDbEntity
  8
WEEPS
 48
0.25
100
AcDbCircle
 10
1.655019999998331
 20
18.32543919652406
 30
0.0
 40
0.1875
  0
CIRCLE
  5
2EE2F
330
1F
100
AcDbEntity
  8
HOLES
 48
0.25
100
AcDbCircle
 10
0.375
 20
17.32958987008956
 30
0.0
 40
0.0625
  0
CIRCLE
  5
2EE30
330
1F
100
AcDbEntity
  8
HOLES
 48
0.25
100
AcDbCircle
 10
0.375
 20
15.32958987008956
 30
0.0
 40
0.0625
  0
LWPOLYLINE
  5
2EE31
330
1F
100
AcDbEntity
  8
CUT
 48
0.25
100
AcDbPolyline
 90
       12
 70
     1
 43
0.0
 10
53.01430316010374
 20
2.042427891778743
 10
53.01430316010374
 20
20.32543919652409
 10
50.95180316011101
 20
20.32543919652468
 10
50.95180316011161
 20
22.38793919652406
 10
2.062500000000014
 20
22.38793919652406
 10
2.062500000000007
 20
20.32543919652488
 10
0.0
 20
20.32543919652406
 10
0.0
 20
8.913371365915054
 10
2.06250000000739
 20
8.913371365914571
 10
1.775455479277298
 20
6.87094347413472
 10
50.66475863937376
 20
0.0
 10
50.95180316010374
 20
2.042427891778743
  0
CIRCLE
  5
2EE32
330
1F
100
AcDbEntity
  8
HOLES
 48
0.25
100
AcDbCircle
 10
18.6622025607503
 20
4.876351283592385
 30
0.0
 40
0.0625
  0
CIRCLE
  5
2EE33
330
1F
100
AcDbEntity
  8
HOLES
 48
0.25
100
AcDbCircle
 10
16.68166642326833
 20
5.154697485512997
 30
0.0
 40
0.0625
  0
CIRCLE
  5
2EE34
330
1F
100
AcDbEntity
  8
HOLES
 48
0.25
100
AcDbCircle
 10
6.778985735851165
 20
6.546428495111513
 30
0.0
 40
0.0625
  0
CIRCLE
  5
2EE35
330
1F
100
AcDbEntity
  8
HOLES
 48
0.25
100
AcDbCircle
 10
4.798449598369189
 20
6.824774697032126
 30
0.0
 40
0.0625
  0
CIRCLE
  5
2EE36
330
1F
100
AcDbEntity
  8
HOLES
 48
0.25
100
AcDbCircle
 10
43.78507207103394
 20
1.345562232496547
 30
0.0
 40
0.0625
  0
CIRCLE
  5
2EE37
330
1F
100
AcDbEntity
  8
HOLES
 48
0.25
100
AcDbCircle
 10
41.80453593355196
 20
1.62390843441716
 30
0.0
 40
0.0625
  0
CIRCLE
  5
2EE38
330
1F
100
AcDbEntity
  8
HOLES
 48
0.25
100
AcDbCircle
 10
30.54541938564216
 20
3.20627407207428
 30
0.0
 40
0.0625
  0
CIRCLE
  5
2EE39
330
1F
100
AcDbEntity
  8
HOLES
 48
0.25
100
AcDbCircle
 10
28.56488324816019
 20
3.484620273994892
 30
0.0
 40
0.0625
  0
CIRCLE
  5
2EE3A
330
1F
100
AcDbEntity
  8
HOLES
 48
0.25
100
AcDbCircle
 10
47.95180316011101
 20
22.01293919652406
 30
0.0
 40
0.0625
  0
CIRCLE
  5
2EE3B
330
1F
100
AcDbEntity
  8
HOLES
 48
0.25
100
AcDbCircle
 10
45.95180316011101
 20
22.01293919652406
 30
0.0
 40
0.0625
  0
CIRCLE
  5
2EE3C
330
1F
100
AcDbEntity
  8
HOLES
 48
0.25
100
AcDbCircle
 10
11.0625
 20
22.01293919652406
 30
0.0
 40
0.0625
  0
CIRCLE
  5
2EE3D
330
1F
100
AcDbEntity
  8
HOLES
 48
0.25
100
AcDbCircle
 10
9.0625
 20
22.01293919652406
 30
0.0
 40
0.0625
  0
CIRCLE
  5
2EE3E
330
1F
100
AcDbEntity
  8
HOLES
 48
0.25
100
AcDbCircle
 10
23.0625
 20
22.01293919652406
 30
0.0
 40
0.0625
  0
CIRCLE
  5
2EE3F
330
1F
100
AcDbEntity
  8
HOLES
 48
0.25
100
AcDbCircle
 10
21.0625
 20
22.01293919652406
 30
0.0
 40
0.0625
  0
CIRCLE
  5
2EE40
330
1F
100
AcDbEntity
  8
HOLES
 48
0.25
100
AcDbCircle
 10
35.0625
 20
22.01293919652406
 30
0.0
 40
0.0625
  0
CIRCLE
  5
2EE41
330
1F
100
AcDbEntity
  8
HOLES
 48
0.25
100
AcDbCircle
 10
33.0625
 20
22.01293919652406
 30
0.0
 40
0.0625
  0
LWPOLYLINE
  5
2EE42
330
1F
100
AcDbEntity
  8
V135
 48
0.25
100
AcDbPolyline
 90
        3
 70
     0
 43
0.0
 10
53.01430316010374
 20
2.042427891779198
 10
50.95180316010374
 20
2.042427891778743
 10
50.66475863937376
 20
0.0
  0
CIRCLE
  5
2EE43
330
1F
100
AcDbEntity
  8
HOLES
 48
0.25
100
AcDbCircle
 10
52.63930316010374
 20
7.042427891778743
 30
0.0
 40
0.0625
  0
CIRCLE
  5
2EE44
330
1F
100
AcDbEntity
  8
HOLES
 48
0.25
100
AcDbCircle
 10
52.63930316010374
 20
5.042427891778743
 30
0.0
 40
0.0625
  0
CIRCLE
  5
2EE45
330
1F
100
AcDbEntity
  8
WEEPS
 48
0.25
100
AcDbCircle
 10
51.35928316010541
 20
4.042427891778743
 30
0.0
 40
0.1875
  0
CIRCLE
  5
2EE46
330
1F
100
AcDbEntity
  8
WEEPS
 48
0.25
100
AcDbCircle
 10
51.35928316010541
 20
18.32543919652406
 30
0.0
 40
0.1875
  0
CIRCLE
  5
2EE49
330
1F
100
AcDbEntity
  8
HOLES
 48
0.25
100
AcDbCircle
 10
2.594434354870863
 20
8.207470634851063
 30
0.0
 40
0.0625
  0
CIRCLE
  5
2EE4A
330
1F
100
AcDbEntity
  8
HOLES
 48
0.25
100
AcDbCircle
 10
1.437500000007034
 20
9.538371365914713
 30
0.0
 40
0.0625
  0
CIRCLE
  5
2EE4B
330
1F
100
AcDbEntity
  8
HOLES
 48
0.25
100
AcDbCircle
 10
1.437500000000256
 20
19.70043919652463
 30
0.0
 40
0.0625
  0
CIRCLE
  5
2EE4C
330
1F
100
AcDbEntity
  8
HOLES
 48
0.25
100
AcDbCircle
 10
2.687500000000007
 20
20.95043919652406
 30
0.0
 40
0.0625
  0
CIRCLE
  5
2EE4D
330
1F
100
AcDbEntity
  8
HOLES
 48
0.25
100
AcDbCircle
 10
50.32680316011101
 20
20.95043919652409
 30
0.0
 40
0.0625
  0
CIRCLE
  5
2EE4E
330
1F
100
AcDbEntity
  8
HOLES
 48
0.25
100
AcDbCircle
 10
51.57680316011083
 20
19.70043919652448
 30
0.0
 40
0.0625
  0
CIRCLE
  5
2EE4F
330
1F
100
AcDbEntity
  8
HOLES
 48
0.25
100
AcDbCircle
 10
51.57680316010391
 20
2.667427891778885
 30
0.0
 40
0.0625
  0
CIRCLE
  5
2EE50
330
1F
100
AcDbEntity
  8
HOLES
 48
0.25
100
AcDbCircle
 10
50.24590242904021
 20
1.510493536915277
 30
0.0
 40
0.0625
  0
MTEXT
  5
2EE51
330
1F
100
AcDbEntity
  8
DIMS
 48
0.25
100
AcDbMText
 10
8.004771405278007
 20
11.81252364274525
 30
0.0
 40
2.0
 41
3.085879441932775
 46
0.0
 71
     2
 72
     5
  1
SF-143
 73
     1
 44
1.0
101
Embedded Object
 70
     1
 10
1.0
 20
0.0
 30
0.0
 11
8.004771405278007
 21
11.81252364274525
 31
0.0
 40
3.085879441932775
 41
0.0
 42
8.909959072305593
 43
2.068212824010914
 71
     2
 72
     1
 44
3.085879441932775
 45
10.0
 73
     0
 74
     0
 46
2.068212824010914
  0
VIEWPORT
  5
1CBFF
102
{ACAD_XDICTIONARY
360
1CC00
102
}
330
58
100
AcDbEntity
 67
     1
  8
0
100
AcDbViewport
 10
5.602653948412962
 20
3.999999883606678
 30
0.0
 40
18.58488207675321
 41
9.7165008476676
 68
     1
 69
     1
 12
5.602653948412962
 22
3.999999883606678
 13
0.0
 23
0.0
 14
0.5
 24
0.5
 15
0.5
 25
0.5
 16
0.0
 26
0.0
 36
1.0
 17
0.0
 27
0.0
 37
0.0
 42
50.0
 43
0.0
 44
0.0
 45
9.7165008476676
 50
0.0
 51
0.0
 72
  1000
 90
   819232
  1

281
     0
 71
     1
 74
     0
110
0.0
120
0.0
130
0.0
111
1.0
121
0.0
131
0.0
112
0.0
122
1.0
132
0.0
 79
     0
146
0.0
170
     0
 61
     5
348
9F
292
     1
282
     1
141
0.0
142
0.0
 63
   250
421
  3355443
  0
VIEWPORT
  5
1CC03
102
{ACAD_XDICTIONARY
360
1CC04
102
}
330
58
100
AcDbEntity
 67
     1
  8
CUT
100
AcDbViewport
 10
5.249999761581422
 20
3.999999761581421
 30
0.0
 40
8.399999618530275
 41
6.399999618530274
 68
     2
 69
     2
 12
183.0157387144568
 22
233.1318244308935
 13
0.0
 23
0.0
 14
0.5
 24
0.5
 15
0.5
 25
0.5
 16
0.0
 26
0.0
 36
1.0
 17
0.0
 27
0.0
 37
0.0
 42
50.0
 43
0.0
 44
0.0
 45
529.5389379561701
 50
0.0
 51
0.0
 72
  1000
 90
   819296
  1

281
     0
 71
     1
 74
     0
110
0.0
120
0.0
130
0.0
111
1.0
121
0.0
131
0.0
112
0.0
122
1.0
132
0.0
 79
     0
146
0.0
170
     0
 61
     5
348
9F
292
     1
282
     1
141
0.0
142
0.0
 63
   250
421
  3355443
  0
ENDSEC
  0
SECTION
  2
OBJECTS
  0
DICTIONARY
  5
C
330
0
100
AcDbDictionary
281
     1
  3
ACAD_CIP_PREVIOUS_PRODUCT_INFO
350
1A5
  3
ACAD_COLOR
350
73
  3
ACAD_DETAILVIEWSTYLE
350
31A
  3
ACAD_GROUP
350
D
  3
ACAD_LAYOUT
350
1A
  3
ACAD_MATERIAL
350
72
  3
ACAD_MLEADERSTYLE
350
D7
  3
ACAD_MLINESTYLE
350
17
  3
ACAD_PLOTSETTINGS
350
19
  3
ACAD_PLOTSTYLENAME
350
E
  3
ACAD_RENDER_ACTIVE_RAPIDRT_SETTINGS
350
5C3
  3
ACAD_RENDER_ACTIVE_SETTINGS
350
8D4
  3
ACAD_SCALELIST
350
B6
  3
ACAD_SECTIONVIEWSTYLE
350
318
  3
ACAD_TABLESTYLE
350
86
  3
ACAD_VISUALSTYLE
350
99
  3
AcDbVariableDictionary
350
66
  3
ACDB_RECOMPOSE_DATA
350
2F42E
  3
AEC_PROPERTY_SET_DEFS
350
2B2F
  0
DICTIONARY
  5
18E
330
2
100
AcDbDictionary
280
     1
281
     1
  3
ACAD_LAYERSTATES
360
18F
  0
DICTIONARY
  5
15D
330
1F
100
AcDbDictionary
280
     1
281
     1
  3
ACAD_SORTENTS
360
1C7
  0
DICTIONARY
  5
2ED1C
330
2EC2D
100
AcDbDictionary
280
     1
281
     1
  3
ACAD_SORTENTS
360
2ED1D
  0
DICTIONARY
  5
1CC00
330
1CBFF
100
AcDbDictionary
280
     1
281
     1
  3
ASDK_XREC_ANNOTATION_SCALE_INFO
360
1CC01
  0
DICTIONARY
  5
1CC04
330
1CC03
100
AcDbDictionary
280
     1
281
     1
  3
ASDK_XREC_ANNOTATION_SCALE_INFO
360
1CC05
  0
XRECORD
  5
1A5
102
{ACAD_REACTORS
330
C
102
}
330
C
100
AcDbXrecord
280
     1
300
ACD
300
2023
300

  0
DICTIONARY
  5
73
102
{ACAD_REACTORS
330
C
102
}
330
C
100
AcDbDictionary
281
     1
  0
DICTIONARY
  5
31A
102
{ACAD_REACTORS
330
C
102
}
330
C
100
AcDbDictionary
281
     1
  3
Imperial24
350
31B
  0
DICTIONARY
  5
D
102
{ACAD_REACTORS
330
C
102
}
330
C
100
AcDbDictionary
281
     1
  0
DICTIONARY
  5
1A
102
{ACAD_REACTORS
330
C
102
}
330
C
100
AcDbDictionary
281
     1
  3
Layout1
350
59
  3
Layout2
350
5E
  3
Model
350
22
  0
DICTIONARY
  5
72
102
{ACAD_REACTORS
330
C
102
}
330
C
100
AcDbDictionary
281
     1
  3
ByBlock
350
97
  3
ByLayer
350
96
  3
Global
350
98
  0
DICTIONARY
  5
D7
102
{ACAD_REACTORS
330
C
102
}
330
C
100
AcDbDictionary
281
     1
  3
Annotative
350
E5
  3
Standard
350
D8
  0
DICTIONARY
  5
17
102
{ACAD_REACTORS
330
C
102
}
330
C
100
AcDbDictionary
281
     1
  3
Standard
350
18
  0
DICTIONARY
  5
19
102
{ACAD_REACTORS
330
C
102
}
330
C
100
AcDbDictionary
281
     1
  0
ACDBDICTIONARYWDFLT
  5
E
102
{ACAD_REACTORS
330
C
102
}
330
C
100
AcDbDictionary
281
     1
  3
Normal
350
F
100
AcDbDictionaryWithDefault
340
F
  0
RAPIDRTRENDERSETTINGS
  5
5C3
102
{ACAD_REACTORS
330
C
102
}
330
C
100
AcDbRenderSettings
 90
        2
  1
Medium
290
     1
290
     0
290
     1
290
     1
  1

  1
Applies 5 rendering levels
 90
        0
100
AcDbRapidRTRenderSettings
 90
        3
 70
     0
 90
        5
 90
        1
 70
     1
 70
     2
 40
3.0
 40
3.0
290
     1
  0
MENTALRAYRENDERSETTINGS
  5
8D4
102
{ACAD_REACTORS
330
C
102
}
102
{ACAD_XDICTIONARY
360
8D5
102
}
330
C
100
AcDbRenderSettings
 90
        2
  1
Medium
290
     1
290
     1
290
     1
290
     1
  1

  1

 90
        0
100
AcDbMentalRayRenderSettings
 90
        2
 90
        0
 90
        1
 70
     2
 40
3.0
 40
3.0
 40
0.0500000007450581
 40
0.0500000007450581
 40
0.0500000007450581
 40
0.0500000007450581
 70
     0
290
     0
290
     1
 90
        5
 90
        5
 90
        5
290
     0
 90
      500
290
     0
 40
1.0
 90
    10000
 90
        5
 90
        5
 90
        5
290
     0
 90
      200
290
     0
290
     0
290
     0
 40
1.0
 40
1.0
 40
1500.0
 70
     0
 70
     0
 40
10.0
 70
     0
 70
     0
290
     0
  1

 90
       32
 70
     0
 90
     1048
290
     0
 40
1.0
  0
DICTIONARY
  5
B6
102
{ACAD_REACTORS
330
C
102
}
330
C
100
AcDbDictionary
281
     1
  3
A0
350
B7
  3
A1
350
124
  3
A2
350
125
  3
A3
350
126
  3
A4
350
127
  3
A5
350
128
  3
A6
350
129
  3
A7
350
12A
  3
A8
350
12B
  3
A9
350
12C
  3
B0
350
12D
  3
B1
350
12E
  3
B2
350
12F
  3
B3
350
130
  3
B4
350
131
  3
B5
350
132
  3
B6
350
133
  3
B7
350
134
  3
B8
350
135
  3
B9
350
136
  3
C0
350
137
  3
C1
350
138
  3
C2
350
139
  3
C3
350
13A
  3
C4
350
13B
  3
C5
350
13C
  3
C6
350
13D
  3
C7
350
13E
  3
C8
350
13F
  3
C9
350
140
  3
D0
350
141
  3
D1
350
142
  3
D2
350
143
  0
DICTIONARY
  5
318
102
{ACAD_REACTORS
330
C
102
}
330
C
100
AcDbDictionary
281
     1
  3
Imperial24
350
319
  0
DICTIONARY
  5
86
102
{ACAD_REACTORS
330
C
102
}
330
C
100
AcDbDictionary
281
     1
  3
Standard
350
87
  0
DICTIONARY
  5
99
102
{ACAD_REACTORS
330
C
102
}
330
C
100
AcDbDictionary
281
     1
  3
2dWireframe
350
9F
  3
3dWireframe
350
C19
  3
Basic
350
9E
  3
Brighten
350
A5
  3
ColorChange
350
A9
  3
Conceptual
350
A2
  3
Dim
350
A4
  3
EdgeColorOff
350
175
  3
Facepattern
350
A8
  3
Flat
350
9A
  3
FlatWithEdges
350
9B
  3
Gouraud
350
9C
  3
GouraudWithEdges
350
9D
  3
Hidden
350
A1
  3
JitterOff
350
173
  3
Linepattern
350
A7
  3
OverhangOff
350
174
  3
Realistic
350
A3
  3
Shaded
350
182
  3
Shaded with edges
350
181
  3
Shades of Gray
350
17E
  3
Sketchy
350
17F
  3
Thicken
350
A6
  3
Wireframe
350
A0
  3
X-Ray
350
180
  0
DICTIONARY
  5
66
102
{ACAD_REACTORS
330
C
102
}
330
C
100
AcDbDictionary
281
     1
  3
CANNOSCALE
350
F0
  3
CMLEADERSTYLE
350
EF
  3
CTABLESTYLE
350
89
  3
CVIEWDETAILSTYLE
350
39A
  3
CVIEWSECTIONSTYLE
350
39B
  3
DIMASSOC
350
67
  3
HIDETEXT
350
6B
  3
LAYEREVAL
350
14D
  3
LAYERNOTIFY
350
14E
  0
XRECORD
  5
2F42E
102
{ACAD_REACTORS
330
C
102
}
330
C
100
AcDbXrecord
280
     1
 90
        1
330
87
  0
DICTIONARY
  5
2B2F
102
{ACAD_REACTORS
330
C
102
}
330
C
100
AcDbDictionary
281
     1
  0
DICTIONARY
  5
18F
102
{ACAD_REACTORS
330
18E
102
}
330
18E
100
AcDbDictionary
281
     1
  0
SORTENTSTABLE
  5
1C7
102
{ACAD_REACTORS
330
15D
102
}
330
15D
100
AcDbSortentsTable
330
1F
331
23E
  5
23D
  0
SORTENTSTABLE
  5
2ED1D
102
{ACAD_REACTORS
330
2ED1C
102
}
330
2ED1C
100
AcDbSortentsTable
330
2EC2D
  0
XRECORD
  5
1CC01
102
{ACAD_REACTORS
330
1CC00
102
}
330
1CC00
100
AcDbXrecord
280
     1
 90
        1
340
B7
  0
XRECORD
  5
1CC05
102
{ACAD_REACTORS
330
1CC04
102
}
330
1CC04
100
AcDbXrecord
280
     1
 90
        1
340
B7
  0
ACDBDETAILVIEWSTYLE
  5
31B
102
{ACAD_REACTORS
330
31A
102
}
102
{ACAD_XDICTIONARY
360
2F428
102
}
330
31A
100
AcDbModelDocViewStyle
 70
     0
  3
Imperial24
290
     0
300
Imperial24
 90
        0
100
AcDbDetailViewStyle
 70
     0
 71
     0
 90
        3
 71
     1
340
11
 62
   256
 40
0.24
340
0
 62
   256
 40
0.24
300

 40
0.36
280
     3
 71
     2
340
16
 90
       25
 62
   256
 71
     3
340
11
 62
   256
 40
0.24
 90
        1
 40
0.75
 90
        1
300
%<\AcVar ViewType \f "%tc1">% %<\AcVar ViewDetailId>%\PSCALE %<\AcVar ViewScale \f "%sn">%
 71
     4
340
16
 90
       25
 62
   256
340
16
 90
       25
 62
   256
280
     0
  0
LAYOUT
  5
59
102
{ACAD_REACTORS
330
1A
102
}
330
1A
100
AcDbPlotSettings
  1

  2
none_device
  4
Letter_(8.50_x_11.00_Inches)
  6

 40
6.349999904632568
 41
6.349999904632568
 42
6.350006103515625
 43
6.350006103515625
 44
215.8999938964844
 45
279.3999938964844
 46
0.0
 47
0.0
 48
0.0
 49
0.0
140
0.0
141
0.0
142
1.0
143
1.0
 70
   688
 72
     0
 73
     1
 74
     5
  7

 75
    16
 76
     0
 77
     2
 78
   300
147
1.0
148
0.0
149
0.0
100
AcDbLayout
  1
Layout1
 70
     1
 71
     1
 10
-0.2500002402958907
 20
-0.2499999962453767
 11
10.74999951940822
 21
8.249999763458733
 12
0.0
 22
0.0
 32
0.0
 14
1.049999952316284
 24
0.7999999523162842
 34
0.0
 15
9.44999957084656
 25
7.199999570846559
 35
0.0
146
0.0
 13
0.0
 23
0.0
 33
0.0
 16
1.0
 26
0.0
 36
0.0
 17
0.0
 27
1.0
 37
0.0
 76
     0
330
58
331
1CBFF
1001
ACAD_PSEXT
1000
None
1000
None
1000
Not applicable
1000
The layout will not be plotted unless a new plotter configuration name is selected.
1070
     0
  0
LAYOUT
  5
5E
102
{ACAD_REACTORS
330
1A
102
}
330
1A
100
AcDbPlotSettings
  1

  2
None
  4

  6

 40
0.0
 41
0.0
 42
0.0
 43
0.0
 44
0.0
 45
0.0
 46
0.0
 47
0.0
 48
0.0
 49
0.0
140
0.0
141
0.0
142
1.0
143
1.0
 70
   688
 72
     0
 73
     0
 74
     5
  7

 75
    16
 76
     0
 77
     2
 78
   300
147
1.0
148
0.0
149
0.0
100
AcDbLayout
  1
Layout2
 70
     1
 71
     2
 10
0.0
 20
0.0
 11
12.0
 21
9.0
 12
0.0
 22
0.0
 32
0.0
 14
0.0
 24
0.0
 34
0.0
 15
0.0
 25
0.0
 35
0.0
146
0.0
 13
0.0
 23
0.0
 33
0.0
 16
1.0
 26
0.0
 36
0.0
 17
0.0
 27
1.0
 37
0.0
 76
     0
330
5D
  0
LAYOUT
  5
22
102
{ACAD_REACTORS
330
1A
102
}
102
{ACAD_XDICTIONARY
360
194
102
}
330
1A
100
AcDbPlotSettings
  1

  2
none_device
  4
ANSI_A_(8.50_x_11.00_Inches)
  6

 40
6.349999904632568
 41
19.04999923706055
 42
6.350006103515625
 43
19.04998779296875
 44
215.8999938964844
 45
279.3999938964844
 46
0.0
 47
0.0
 48
0.0
 49
0.0
140
0.0
141
0.0
142
1.0
143
2.584895464708374
 70
 11952
 72
     0
 73
     1
 74
     0
  7

 75
     0
 76
     0
 77
     2
 78
   300
147
0.3868628397755418
148
0.0
149
0.0
100
AcDbLayout
  1
Model
 70
     1
 71
     0
 10
0.0
 20
0.0
 11
12.0
 21
9.0
 12
0.0
 22
0.0
 32
0.0
 14
0.0
 24
0.0
 34
0.0
 15
0.0
 25
0.0
 35
0.0
146
0.0
 13
0.0
 23
0.0
 33
0.0
 16
1.0
 26
0.0
 36
0.0
 17
0.0
 27
1.0
 37
0.0
 76
     0
330
1F
331
94
  0
MATERIAL
  5
97
102
{ACAD_REACTORS
330
72
102
}
102
{ACAD_XDICTIONARY
360
188
102
}
330
72
100
AcDbMaterial
  1
ByBlock
 72
     1
 73
     2
 78
     2
172
     2
176
     2
270
     2
274
     2
 94
       63
  0
MATERIAL
  5
96
102
{ACAD_REACTORS
330
72
102
}
102
{ACAD_XDICTIONARY
360
186
102
}
330
72
100
AcDbMaterial
  1
ByLayer
 72
     1
 73
     2
 78
     2
172
     2
176
     2
270
     2
274
     2
 94
       63
  0
MATERIAL
  5
98
102
{ACAD_REACTORS
330
72
102
}
102
{ACAD_XDICTIONARY
360
110
102
}
330
72
100
AcDbMaterial
  1
Global
 72
     1
 73
     2
 43
0.0208000000566244
 43
0.0
 43
0.0
 43
0.0
 43
0.0
 43
0.0208000000566244
 43
0.0
 43
0.0
 43
0.0
 43
0.0
 43
1.0
 43
0.0
 43
0.0
 43
0.0
 43
0.0
 43
1.0
 78
     2
172
     2
 49
0.0208000000566244
 49
0.0
 49
0.0
 49
0.0
 49
0.0
 49
0.0208000000566244
 49
0.0
 49
0.0
 49
0.0
 49
0.0
 49
1.0
 49
0.0
 49
0.0
 49
0.0
 49
0.0
 49
1.0
176
     2
142
0.0208000000566244
142
0.0
142
0.0
142
0.0
142
0.0
142
0.0208000000566244
142
0.0
142
0.0
142
0.0
142
0.0
142
1.0
142
0.0
142
0.0
142
0.0
142
0.0
142
1.0
270
     2
144
0.0208000000566244
144
0.0
144
0.0
144
0.0
144
0.0
144
0.0208000000566244
144
0.0
144
0.0
144
0.0
144
0.0
144
1.0
144
0.0
144
0.0
144
0.0
144
0.0
144
1.0
274
     2
 94
       63
1001
ACAD
1070
    -1
1070
     3
1070
     0
1000

1071
        0
1070
     0
  0
MLEADERSTYLE
  5
E5
102
{ACAD_REACTORS
330
D7
102
}
330
D7
100
AcDbMLeaderStyle
179
     2
170
     2
171
     1
172
     0
 90
        2
 40
0.0
 41
0.0
173
     1
 91
-1056964608
340
14
 92
       -2
290
     1
 42
0.09
291
     1
 43
0.36
  3
Standard
341
0
 44
0.18
300

342
11
174
     1
178
     1
175
     1
176
     0
 93
-1056964608
 45
0.18
292
     0
297
     0
 46
0.18
343
0
 94
-1056964608
 47
1.0
 49
1.0
140
1.0
293
     1
141
0.0
294
     1
177
     0
142
1.0
295
     0
296
     1
143
0.125
271
     0
272
     9
273
     9
298
     1
  0
MLEADERSTYLE
  5
D8
102
{ACAD_REACTORS
330
D7
102
}
330
D7
100
AcDbMLeaderStyle
179
     2
170
     2
171
     1
172
     0
 90
        2
 40
0.0
 41
0.0
173
     1
 91
-1056964608
340
14
 92
       -2
290
     1
 42
0.09
291
     1
 43
0.36
  3
Standard
341
0
 44
0.18
300

342
11
174
     1
178
     1
175
     1
176
     0
 93
-1056964608
 45
0.18
292
     0
297
     0
 46
0.18
343
0
 94
-1056964608
 47
1.0
 49
1.0
140
1.0
293
     1
141
0.0
294
     1
177
     0
142
1.0
295
     0
296
     0
143
0.125
271
     0
272
     9
273
     9
298
     1
  0
MLINESTYLE
  5
18
102
{ACAD_REACTORS
330
17
102
}
330
17
100
AcDbMlineStyle
  2
STANDARD
 70
     0
  3

 62
   256
 51
90.0
 52
90.0
 71
     2
 49
0.5
 62
   256
  6
BYLAYER
 49
-0.5
 62
   256
  6
BYLAYER
  0
ACDBPLACEHOLDER
  5
F
102
{ACAD_REACTORS
330
E
102
}
330
E
  0
DICTIONARY
  5
8D5
330
8D4
100
AcDbDictionary
280
     1
281
     1
  3
ADSK_XREC_MENTALRAYSETTINGSINFO
360
8D6
  0
SCALE
  5
B7
102
{ACAD_REACTORS
330
B6
102
}
330
B6
100
AcDbScale
 70
     0
300
1:1
140
1.0
141
1.0
290
     1
  0
SCALE
  5
124
102
{ACAD_REACTORS
330
B6
102
}
330
B6
100
AcDbScale
 70
     0
300
1:2
140
1.0
141
2.0
290
     0
  0
SCALE
  5
125
102
{ACAD_REACTORS
330
B6
102
}
330
B6
100
AcDbScale
 70
     0
300
1:4
140
1.0
141
4.0
290
     0
  0
SCALE
  5
126
102
{ACAD_REACTORS
330
B6
102
}
330
B6
100
AcDbScale
 70
     0
300
1:5
140
1.0
141
5.0
290
     0
  0
SCALE
  5
127
102
{ACAD_REACTORS
330
B6
102
}
330
B6
100
AcDbScale
 70
     0
300
1:8
140
1.0
141
8.0
290
     0
  0
SCALE
  5
128
102
{ACAD_REACTORS
330
B6
102
}
330
B6
100
AcDbScale
 70
     0
300
1:10
140
1.0
141
10.0
290
     0
  0
SCALE
  5
129
102
{ACAD_REACTORS
330
B6
102
}
330
B6
100
AcDbScale
 70
     0
300
1:16
140
1.0
141
16.0
290
     0
  0
SCALE
  5
12A
102
{ACAD_REACTORS
330
B6
102
}
330
B6
100
AcDbScale
 70
     0
300
1:20
140
1.0
141
20.0
290
     0
  0
SCALE
  5
12B
102
{ACAD_REACTORS
330
B6
102
}
330
B6
100
AcDbScale
 70
     0
300
1:30
140
1.0
141
30.0
290
     0
  0
SCALE
  5
12C
102
{ACAD_REACTORS
330
B6
102
}
330
B6
100
AcDbScale
 70
     0
300
1:40
140
1.0
141
40.0
290
     0
  0
SCALE
  5
12D
102
{ACAD_REACTORS
330
B6
102
}
330
B6
100
AcDbScale
 70
     0
300
1:50
140
1.0
141
50.0
290
     0
  0
SCALE
  5
12E
102
{ACAD_REACTORS
330
B6
102
}
330
B6
100
AcDbScale
 70
     0
300
1:100
140
1.0
141
100.0
290
     0
  0
SCALE
  5
12F
102
{ACAD_REACTORS
330
B6
102
}
330
B6
100
AcDbScale
 70
     0
300
2:1
140
2.0
141
1.0
290
     0
  0
SCALE
  5
130
102
{ACAD_REACTORS
330
B6
102
}
330
B6
100
AcDbScale
 70
     0
300
4:1
140
4.0
141
1.0
290
     0
  0
SCALE
  5
131
102
{ACAD_REACTORS
330
B6
102
}
330
B6
100
AcDbScale
 70
     0
300
8:1
140
8.0
141
1.0
290
     0
  0
SCALE
  5
132
102
{ACAD_REACTORS
330
B6
102
}
330
B6
100
AcDbScale
 70
     0
300
10:1
140
10.0
141
1.0
290
     0
  0
SCALE
  5
133
102
{ACAD_REACTORS
330
B6
102
}
330
B6
100
AcDbScale
 70
     0
300
100:1
140
100.0
141
1.0
290
     0
  0
SCALE
  5
134
102
{ACAD_REACTORS
330
B6
102
}
330
B6
100
AcDbScale
 70
     0
300
1/128" = 1'-0"
140
0.0078125
141
12.0
290
     0
  0
SCALE
  5
135
102
{ACAD_REACTORS
330
B6
102
}
330
B6
100
AcDbScale
 70
     0
300
1/64" = 1'-0"
140
0.015625
141
12.0
290
     0
  0
SCALE
  5
136
102
{ACAD_REACTORS
330
B6
102
}
330
B6
100
AcDbScale
 70
     0
300
1/32" = 1'-0"
140
0.03125
141
12.0
290
     0
  0
SCALE
  5
137
102
{ACAD_REACTORS
330
B6
102
}
330
B6
100
AcDbScale
 70
     0
300
1/16" = 1'-0"
140
0.0625
141
12.0
290
     0
  0
SCALE
  5
138
102
{ACAD_REACTORS
330
B6
102
}
330
B6
100
AcDbScale
 70
     0
300
3/32" = 1'-0"
140
0.09375
141
12.0
290
     0
  0
SCALE
  5
139
102
{ACAD_REACTORS
330
B6
102
}
330
B6
100
AcDbScale
 70
     0
300
1/8" = 1'-0"
140
0.125
141
12.0
290
     0
  0
SCALE
  5
13A
102
{ACAD_REACTORS
330
B6
102
}
330
B6
100
AcDbScale
 70
     0
300
3/16" = 1'-0"
140
0.1875
141
12.0
290
     0
  0
SCALE
  5
13B
102
{ACAD_REACTORS
330
B6
102
}
330
B6
100
AcDbScale
 70
     0
300
1/4" = 1'-0"
140
0.25
141
12.0
290
     0
  0
SCALE
  5
13C
102
{ACAD_REACTORS
330
B6
102
}
330
B6
100
AcDbScale
 70
     0
300
3/8" = 1'-0"
140
0.375
141
12.0
290
     0
  0
SCALE
  5
13D
102
{ACAD_REACTORS
330
B6
102
}
330
B6
100
AcDbScale
 70
     0
300
1/2" = 1'-0"
140
0.5
141
12.0
290
     0
  0
SCALE
  5
13E
102
{ACAD_REACTORS
330
B6
102
}
330
B6
100
AcDbScale
 70
     0
300
3/4" = 1'-0"
140
0.75
141
12.0
290
     0
  0
SCALE
  5
13F
102
{ACAD_REACTORS
330
B6
102
}
330
B6
100
AcDbScale
 70
     0
300
1" = 1'-0"
140
1.0
141
12.0
290
     0
  0
SCALE
  5
140
102
{ACAD_REACTORS
330
B6
102
}
330
B6
100
AcDbScale
 70
     0
300
1-1/2" = 1'-0"
140
1.5
141
12.0
290
     0
  0
SCALE
  5
141
102
{ACAD_REACTORS
330
B6
102
}
330
B6
100
AcDbScale
 70
     0
300
3" = 1'-0"
140
3.0
141
12.0
290
     0
  0
SCALE
  5
142
102
{ACAD_REACTORS
330
B6
102
}
330
B6
100
AcDbScale
 70
     0
300
6" = 1'-0"
140
6.0
141
12.0
290
     0
  0
SCALE
  5
143
102
{ACAD_REACTORS
330
B6
102
}
330
B6
100
AcDbScale
 70
     0
300
1'-0" = 1'-0"
140
12.0
141
12.0
290
     0
  0
ACDBSECTIONVIEWSTYLE
  5
319
102
{ACAD_REACTORS
330
318
102
}
102
{ACAD_XDICTIONARY
360
2F426
102
}
330
318
100
AcDbModelDocViewStyle
 70
     0
  3
Imperial24
290
     0
300
Imperial24
 90
        0
100
AcDbSectionViewStyle
 70
     0
 71
     0
 90
       78
 71
     1
340
11
 62
   256
 40
0.24
340
0
340
0
 62
   256
 40
0.24
300
I, O, Q, S, X, Z
 40
0.48
 90
        3
 40
0.18
 90
        1
 71
     2
340
16
 90
       25
 62
   256
340
16
 90
       50
 62
   256
 40
0.24
 40
0.0
 40
0.24
 71
     3
340
11
 62
   256
 40
0.24
 90
        1
 40
0.75
 90
        1
300
%<\AcVar ViewType \f "%tc1">% %<\AcVar ViewSectionStartId>%-%<\AcVar ViewSectionEndId>%\PSCALE %<\AcVar ViewScale \f "%sn">%
 71
     4
 62
   256
 62
   257
300
ANSI31
 40
1.0
 90
        0
290
     0
290
     0
 90
        6
 40
0.0
 40
1.570796326794897
 40
0.2617993877991494
 40
1.308996938995747
 40
-0.2617993877991494
 40
1.832595714594046
  0
TABLESTYLE
  5
87
102
{ACAD_REACTORS
330
86
102
}
102
{ACAD_XDICTIONARY
360
2F42C
102
}
330
86
100
AcDbTableStyle
  3
Standard
 70
     0
 71
     0
 40
0.06
 41
0.06
280
     0
281
     0
  7
Standard
140
0.18
170
     2
 62
     0
 63
   257
283
     0
 90
      512
 91
        0
  1

274
    -2
284
     1
 64
     0
275
    -2
285
     1
 65
     0
276
    -2
286
     1
 66
     0
277
    -2
287
     1
 67
     0
278
    -2
288
     1
 68
     0
279
    -2
289
     1
 69
     0
  7
Standard
140
0.25
170
     5
 62
     0
 63
   257
283
     0
 90
      512
 91
        0
  1

274
    -2
284
     1
 64
     0
275
    -2
285
     1
 65
     0
276
    -2
286
     1
 66
     0
277
    -2
287
     1
 67
     0
278
    -2
288
     1
 68
     0
279
    -2
289
     1
 69
     0
  7
Standard
140
0.18
170
     5
 62
     0
 63
   257
283
     0
 90
      512
 91
        0
  1

274
    -2
284
     1
 64
     0
275
    -2
285
     1
 65
     0
276
    -2
286
     1
 66
     0
277
    -2
287
     1
 67
     0
278
    -2
288
     1
 68
     0
279
    -2
289
     1
 69
     0
  0
VISUALSTYLE
  5
9F
102
{ACAD_REACTORS
330
99
102
}
330
99
100
AcDbVisualStyle
  2
2dWireframe
 70
     4
177
     3
291
     0
 70
    58
 90
        0
176
     1
 90
        2
176
     1
 90
        1
176
     1
 90
        0
176
     1
 40
0.6
176
     1
 40
30.0
176
     1
 62
     7
420
 16777215
176
     1
 90
        1
176
     1
 90
        4
176
     1
 62
     7
176
     1
 62
   257
176
     1
 90
        1
176
     1
 90
        1
176
     1
 40
1.0
176
     1
 90
        0
176
     1
 62
   257
176
     1
 40
1.0
176
     1
 90
        1
176
     1
 90
        6
176
     1
 90
        2
176
     1
 62
     7
176
     1
 90
        5
176
     1
 90
        0
176
     1
 90
        0
176
     1
290
     0
176
     1
 90
        1
176
     1
 40
0.0
176
     1
 90
        0
176
     1
290
     1
176
     1
290
     1
176
     1
290
     0
176
     1
290
     0
176
     1
290
     0
176
     1
290
     0
176
     1
290
     0
176
     1
290
     0
176
     1
290
     0
176
     1
 90
       50
176
     1
 40
0.0
176
     1
 40
1.0
176
     1
 90
        0
176
     1
 62
    18
420
        0
176
     1
 90
       50
176
     1
 90
        3
176
     1
 62
     5
420
      255
176
     1
290
     0
176
     1
 90
       50
176
     1
 90
       50
176
     1
 90
       50
176
     1
290
     0
176
     1
 90
       50
176
     1
 62
   256
176
     0
 40
1.0
176
     0
 90
        2
176
     1
  1
strokes_ogs.tif
176
     1
290
     0
176
     1
 40
1.0
176
     1
 40
1.0
176
     1
  0
VISUALSTYLE
  5
C19
102
{ACAD_REACTORS
330
99
102
}
330
99
100
AcDbVisualStyle
  2
3dWireframe
 70
     5
177
     3
291
     0
 70
    58
 90
        0
176
     1
 90
        2
176
     1
 90
        0
176
     1
 90
        0
176
     1
 40
0.6
176
     1
 40
30.0
176
     1
 62
     7
420
 16777215
176
     1
 90
        1
176
     1
 90
        4
176
     1
 62
     7
176
     1
 62
   257
176
     1
 90
        1
176
     1
 90
        1
176
     1
 40
1.0
176
     1
 90
        0
176
     1
 62
   257
176
     1
 40
1.0
176
     1
 90
        1
176
     1
 90
        6
176
     1
 90
        2
176
     1
 62
     7
176
     1
 90
        5
176
     1
 90
        0
176
     1
 90
        0
176
     1
290
     0
176
     1
 90
        1
176
     1
 40
0.0
176
     1
 90
        0
176
     1
290
     0
176
     1
290
     1
176
     1
290
     1
176
     1
290
     0
176
     1
290
     0
176
     1
290
     0
176
     1
290
     0
176
     1
290
     0
176
     1
290
     0
176
     1
 90
       50
176
     1
 40
0.0
176
     1
 40
1.0
176
     1
 90
        0
176
     1
 62
    18
420
        0
176
     1
 90
       50
176
     1
 90
        3
176
     1
 62
     5
420
      255
176
     1
290
     0
176
     1
 90
       50
176
     1
 90
       50
176
     1
 90
       50
176
     1
290
     0
176
     1
 90
       50
176
     1
 62
   256
176
     0
 40
1.0
176
     0
 90
        2
176
     1
  1
strokes_ogs.tif
176
     1
290
     0
176
     1
 40
1.0
176
     1
 40
1.0
176
     1
  0
VISUALSTYLE
  5
9E
102
{ACAD_REACTORS
330
99
102
}
330
99
100
AcDbVisualStyle
  2
Basic
 70
     7
177
     3
291
     1
 70
    58
 90
        1
176
     1
 90
        0
176
     1
 90
        1
176
     1
 90
        0
176
     1
 40
0.6
176
     1
 40
30.0
176
     1
 62
     7
420
 16777215
176
     1
 90
        0
176
     1
 90
        4
176
     1
 62
     7
176
     1
 62
   257
176
     1
 90
        1
176
     1
 90
        1
176
     1
 40
1.0
176
     1
 90
        8
176
     1
 62
     7
176
     1
 40
1.0
176
     1
 90
        1
176
     1
 90
        6
176
     1
 90
        2
176
     1
 62
     7
176
     1
 90
        5
176
     1
 90
        0
176
     1
 90
        0
176
     1
290
     0
176
     1
 90
        1
176
     1
 40
0.0
176
     1
 90
        0
176
     1
290
     0
176
     1
290
     1
176
     1
290
     1
176
     1
290
     0
176
     1
290
     0
176
     1
290
     0
176
     1
290
     0
176
     1
290
     0
176
     1
290
     0
176
     1
 90
       50
176
     1
 40
0.0
176
     1
 40
1.0
176
     1
 90
        0
176
     1
 62
    18
420
        0
176
     1
 90
       50
176
     1
 90
        3
176
     1
 62
     5
420
      255
176
     1
290
     0
176
     1
 90
       50
176
     1
 90
       50
176
     1
 90
       50
176
     1
290
     0
176
     1
 90
       50
176
     1
 62
   256
176
     0
 40
1.0
176
     0
 90
        2
176
     1
  1
strokes_ogs.tif
176
     1
290
     0
176
     1
 40
1.0
176
     1
 40
1.0
176
     1
  0
VISUALSTYLE
  5
A5
102
{ACAD_REACTORS
330
99
102
}
330
99
100
AcDbVisualStyle
  2
Brighten
 70
    12
177
     3
291
     1
 70
    58
 90
        2
176
     1
 90
        2
176
     1
 90
        1
176
     1
 90
        0
176
     1
 40
0.6
176
     1
 40
30.0
176
     1
 62
     7
420
 16777215
176
     1
 90
        1
176
     1
 90
        4
176
     1
 62
     7
176
     1
 62
   257
176
     1
 90
        1
176
     1
 90
        1
176
     1
 40
1.0
176
     1
 90
        8
176
     1
 62
     7
176
     1
 40
1.0
176
     1
 90
        1
176
     1
 90
        6
176
     1
 90
        2
176
     1
 62
     7
176
     1
 90
        5
176
     1
 90
        0
176
     1
 90
        0
176
     1
290
     0
176
     1
 90
        1
176
     1
 40
50.0
176
     1
 90
        0
176
     1
290
     0
176
     1
290
     1
176
     1
290
     1
176
     1
290
     0
176
     1
290
     0
176
     1
290
     0
176
     1
290
     0
176
     1
290
     0
176
     1
290
     0
176
     1
 90
       50
176
     1
 40
0.0
176
     1
 40
1.0
176
     1
 90
        0
176
     1
 62
    18
420
        0
176
     1
 90
       50
176
     1
 90
        3
176
     1
 62
     5
420
      255
176
     1
290
     0
176
     1
 90
       50
176
     1
 90
       50
176
     1
 90
       50
176
     1
290
     0
176
     1
 90
       50
176
     1
 62
   256
176
     0
 40
1.0
176
     0
 90
        2
176
     1
  1
strokes_ogs.tif
176
     1
290
     0
176
     1
 40
1.0
176
     1
 40
1.0
176
     1
  0
VISUALSTYLE
  5
A9
102
{ACAD_REACTORS
330
99
102
}
330
99
100
AcDbVisualStyle
  2
ColorChange
 70
    16
177
     3
291
     1
 70
    58
 90
        2
176
     1
 90
        2
176
     1
 90
        3
176
     1
 90
        0
176
     1
 40
0.6
176
     1
 40
30.0
176
     1
 62
     8
420
  8421504
176
     1
 90
        1
176
     1
 90
        4
176
     1
 62
     7
176
     1
 62
   257
176
     1
 90
        1
176
     1
 90
        1
176
     1
 40
1.0
176
     1
 90
        8
176
     1
 62
     8
420
  8421504
176
     1
 40
1.0
176
     1
 90
        1
176
     1
 90
        6
176
     1
 90
        2
176
     1
 62
     7
176
     1
 90
        5
176
     1
 90
        0
176
     1
 90
        0
176
     1
290
     0
176
     1
 90
        1
176
     1
 40
0.0
176
     1
 90
        0
176
     1
290
     0
176
     1
290
     1
176
     1
290
     1
176
     1
290
     0
176
     1
290
     0
176
     1
290
     0
176
     1
290
     0
176
     1
290
     0
176
     1
290
     0
176
     1
 90
       50
176
     1
 40
0.0
176
     1
 40
1.0
176
     1
 90
        0
176
     1
 62
    18
420
        0
176
     1
 90
       50
176
     1
 90
        3
176
     1
 62
     5
420
      255
176
     1
290
     0
176
     1
 90
       50
176
     1
 90
       50
176
     1
 90
       50
176
     1
290
     0
176
     1
 90
       50
176
     1
 62
   256
176
     0
 40
1.0
176
     0
 90
        2
176
     1
  1
strokes_ogs.tif
176
     1
290
     0
176
     1
 40
1.0
176
     1
 40
1.0
176
     1
  0
VISUALSTYLE
  5
A2
102
{ACAD_REACTORS
330
99
102
}
330
99
100
AcDbVisualStyle
  2
Conceptual
 70
     9
177
     3
291
     0
 70
    58
 90
        3
176
     1
 90
        2
176
     1
 90
        1
176
     1
 90
        0
176
     1
 40
0.6
176
     1
 40
30.0
176
     1
 62
     7
420
 16777215
176
     1
 90
        2
176
     1
 90
        2
176
     1
 62
     7
176
     1
 62
   257
176
     1
 90
        1
176
     1
 90
        1
176
     1
 40
40.0
176
     1
 90
        8
176
     1
 62
     7
176
     1
 40
1.0
176
     1
 90
        1
176
     1
 90
        6
176
     1
 90
        2
176
     1
 62
     7
176
     1
 90
        3
176
     1
 90
        0
176
     1
 90
        0
176
     1
290
     0
176
     1
 90
        1
176
     1
 40
0.0
176
     1
 90
        0
176
     1
290
     0
176
     1
290
     1
176
     1
290
     1
176
     1
290
     0
176
     1
290
     0
176
     1
290
     0
176
     1
290
     0
176
     1
290
     0
176
     1
290
     0
176
     1
 90
       50
176
     1
 40
0.0
176
     1
 40
1.0
176
     1
 90
        0
176
     1
 62
    18
420
        0
176
     1
 90
       50
176
     1
 90
        3
176
     1
 62
     5
420
      255
176
     1
290
     0
176
     1
 90
       50
176
     1
 90
       50
176
     1
 90
       50
176
     1
290
     0
176
     1
 90
       50
176
     1
 62
   256
176
     0
 40
1.0
176
     0
 90
        2
176
     1
  1
strokes_ogs.tif
176
     1
290
     0
176
     1
 40
1.0
176
     1
 40
1.0
176
     1
  0
VISUALSTYLE
  5
A4
102
{ACAD_REACTORS
330
99
102
}
330
99
100
AcDbVisualStyle
  2
Dim
 70
    11
177
     3
291
     1
 70
    58
 90
        2
176
     1
 90
        2
176
     1
 90
        1
176
     1
 90
        0
176
     1
 40
0.6
176
     1
 40
30.0
176
     1
 62
     7
420
 16777215
176
     1
 90
        1
176
     1
 90
        4
176
     1
 62
     7
176
     1
 62
   257
176
     1
 90
        1
176
     1
 90
        1
176
     1
 40
1.0
176
     1
 90
        8
176
     1
 62
     7
176
     1
 40
1.0
176
     1
 90
        1
176
     1
 90
        6
176
     1
 90
        2
176
     1
 62
     7
176
     1
 90
        5
176
     1
 90
        0
176
     1
 90
        0
176
     1
290
     0
176
     1
 90
        1
176
     1
 40
-50.0
176
     1
 90
        0
176
     1
290
     0
176
     1
290
     1
176
     1
290
     1
176
     1
290
     0
176
     1
290
     0
176
     1
290
     0
176
     1
290
     0
176
     1
290
     0
176
     1
290
     0
176
     1
 90
       50
176
     1
 40
0.0
176
     1
 40
1.0
176
     1
 90
        0
176
     1
 62
    18
420
        0
176
     1
 90
       50
176
     1
 90
        3
176
     1
 62
     5
420
      255
176
     1
290
     0
176
     1
 90
       50
176
     1
 90
       50
176
     1
 90
       50
176
     1
290
     0
176
     1
 90
       50
176
     1
 62
   256
176
     0
 40
1.0
176
     0
 90
        2
176
     1
  1
strokes_ogs.tif
176
     1
290
     0
176
     1
 40
1.0
176
     1
 40
1.0
176
     1
  0
VISUALSTYLE
  5
175
102
{ACAD_REACTORS
330
99
102
}
330
99
100
AcDbVisualStyle
  2
EdgeColorOff
 70
    22
177
     3
291
     1
 70
    58
 90
        2
176
     0
 90
        2
176
     0
 90
        0
176
     0
 90
        0
176
     0
 40
0.6
176
     0
 40
30.0
176
     0
 62
     7
420
 16777215
176
     0
 90
        1
176
     0
 90
        4
176
     0
 62
     7
176
     0
 62
   257
176
     0
 90
        1
176
     0
 90
        1
176
     0
 40
1.0
176
     0
 90
        8
176
     2
 62
     7
176
     0
 40
1.0
176
     0
 90
        1
176
     0
 90
        6
176
     0
 90
        2
176
     0
 62
     7
176
     0
 90
        5
176
     0
 90
        0
176
     0
 90
        0
176
     0
290
     0
176
     0
 90
        1
176
     0
 40
0.0
176
     0
 90
        0
176
     0
290
     0
176
     1
290
     1
176
     1
290
     1
176
     1
290
     0
176
     1
290
     0
176
     1
290
     0
176
     1
290
     0
176
     1
290
     0
176
     1
290
     0
176
     1
 90
       50
176
     1
 40
0.0
176
     1
 40
1.0
176
     1
 90
        0
176
     1
 62
    18
420
        0
176
     1
 90
       50
176
     1
 90
        3
176
     1
 62
     5
420
      255
176
     1
290
     0
176
     1
 90
       50
176
     1
 90
       50
176
     1
 90
       50
176
     1
290
     0
176
     1
 90
       50
176
     1
 62
   256
176
     0
 40
1.0
176
     0
 90
        2
176
     1
  1
strokes_ogs.tif
176
     1
290
     0
176
     1
 40
1.0
176
     1
 40
1.0
176
     1
  0
VISUALSTYLE
  5
A8
102
{ACAD_REACTORS
330
99
102
}
330
99
100
AcDbVisualStyle
  2
Facepattern
 70
    15
177
     3
291
     1
 70
    58
 90
        2
176
     1
 90
        2
176
     1
 90
        1
176
     1
 90
        0
176
     1
 40
0.6
176
     1
 40
30.0
176
     1
 62
     7
420
 16777215
176
     1
 90
        1
176
     1
 90
        4
176
     1
 62
     7
176
     1
 62
   257
176
     1
 90
        1
176
     1
 90
        1
176
     1
 40
1.0
176
     1
 90
        8
176
     1
 62
     7
176
     1
 40
1.0
176
     1
 90
        1
176
     1
 90
        6
176
     1
 90
        2
176
     1
 62
     7
176
     1
 90
        5
176
     1
 90
        0
176
     1
 90
        0
176
     1
290
     0
176
     1
 90
        1
176
     1
 40
0.0
176
     1
 90
        0
176
     1
290
     0
176
     1
290
     1
176
     1
290
     1
176
     1
290
     0
176
     1
290
     0
176
     1
290
     0
176
     1
290
     0
176
     1
290
     0
176
     1
290
     0
176
     1
 90
       50
176
     1
 40
0.0
176
     1
 40
1.0
176
     1
 90
        0
176
     1
 62
    18
420
        0
176
     1
 90
       50
176
     1
 90
        3
176
     1
 62
     5
420
      255
176
     1
290
     0
176
     1
 90
       50
176
     1
 90
       50
176
     1
 90
       50
176
     1
290
     0
176
     1
 90
       50
176
     1
 62
   256
176
     0
 40
1.0
176
     0
 90
        2
176
     1
  1
strokes_ogs.tif
176
     1
290
     0
176
     1
 40
1.0
176
     1
 40
1.0
176
     1
  0
VISUALSTYLE
  5
9A
102
{ACAD_REACTORS
330
99
102
}
330
99
100
AcDbVisualStyle
  2
Flat
 70
     0
177
     3
291
     1
 70
    58
 90
        2
176
     1
 90
        1
176
     1
 90
        1
176
     1
 90
        2
176
     1
 40
0.6
176
     1
 40
30.0
176
     1
 62
     7
420
 16777215
176
     1
 90
        0
176
     1
 90
        0
176
     1
 62
     7
176
     1
 62
   257
176
     1
 90
        1
176
     1
 90
        1
176
     1
 40
1.0
176
     1
 90
        8
176
     1
 62
     7
176
     1
 40
1.0
176
     1
 90
        1
176
     1
 90
        6
176
     1
 90
        2
176
     1
 62
     7
176
     1
 90
        5
176
     1
 90
        0
176
     1
 90
        0
176
     1
290
     0
176
     1
 90
       13
176
     1
 40
0.0
176
     1
 90
        0
176
     1
290
     0
176
     1
290
     1
176
     1
290
     1
176
     1
290
     0
176
     1
290
     0
176
     1
290
     0
176
     1
290
     0
176
     1
290
     0
176
     1
290
     0
176
     1
 90
       50
176
     1
 40
0.0
176
     1
 40
1.0
176
     1
 90
        0
176
     1
 62
    18
420
        0
176
     1
 90
       50
176
     1
 90
        3
176
     1
 62
     5
420
      255
176
     1
290
     0
176
     1
 90
       50
176
     1
 90
       50
176
     1
 90
       50
176
     1
290
     0
176
     1
 90
       50
176
     1
 62
   256
176
     0
 40
1.0
176
     0
 90
        2
176
     1
  1
strokes_ogs.tif
176
     1
290
     0
176
     1
 40
1.0
176
     1
 40
1.0
176
     1
  0
VISUALSTYLE
  5
9B
102
{ACAD_REACTORS
330
99
102
}
330
99
100
AcDbVisualStyle
  2
FlatWithEdges
 70
     1
177
     3
291
     1
 70
    58
 90
        2
176
     1
 90
        1
176
     1
 90
        1
176
     1
 90
        2
176
     1
 40
0.6
176
     1
 40
30.0
176
     1
 62
     7
420
 16777215
176
     1
 90
        1
176
     1
 90
        0
176
     1
 62
     7
176
     1
 62
   257
176
     1
 90
        1
176
     1
 90
        1
176
     1
 40
1.0
176
     1
 90
        0
176
     1
 62
   257
176
     1
 40
1.0
176
     1
 90
        1
176
     1
 90
        6
176
     1
 90
        2
176
     1
 62
     7
176
     1
 90
        5
176
     1
 90
        0
176
     1
 90
        0
176
     1
290
     0
176
     1
 90
       13
176
     1
 40
0.0
176
     1
 90
        0
176
     1
290
     0
176
     1
290
     1
176
     1
290
     1
176
     1
290
     0
176
     1
290
     0
176
     1
290
     0
176
     1
290
     0
176
     1
290
     0
176
     1
290
     0
176
     1
 90
       50
176
     1
 40
0.0
176
     1
 40
1.0
176
     1
 90
        0
176
     1
 62
    18
420
        0
176
     1
 90
       50
176
     1
 90
        3
176
     1
 62
     5
420
      255
176
     1
290
     0
176
     1
 90
       50
176
     1
 90
       50
176
     1
 90
       50
176
     1
290
     0
176
     1
 90
       50
176
     1
 62
   256
176
     0
 40
1.0
176
     0
 90
        2
176
     1
  1
strokes_ogs.tif
176
     1
290
     0
176
     1
 40
1.0
176
     1
 40
1.0
176
     1
  0
VISUALSTYLE
  5
9C
102
{ACAD_REACTORS
330
99
102
}
330
99
100
AcDbVisualStyle
  2
Gouraud
 70
     2
177
     3
291
     1
 70
    58
 90
        2
176
     1
 90
        2
176
     1
 90
        1
176
     1
 90
        2
176
     1
 40
0.6
176
     1
 40
30.0
176
     1
 62
     7
420
 16777215
176
     1
 90
        0
176
     1
 90
        0
176
     1
 62
     7
176
     1
 62
   257
176
     1
 90
        1
176
     1
 90
        1
176
     1
 40
1.0
176
     1
 90
        0
176
     1
 62
     7
176
     1
 40
1.0
176
     1
 90
        1
176
     1
 90
        6
176
     1
 90
        2
176
     1
 62
     7
176
     1
 90
        5
176
     1
 90
        0
176
     1
 90
        0
176
     1
290
     0
176
     1
 90
       13
176
     1
 40
0.0
176
     1
 90
        0
176
     1
290
     0
176
     1
290
     1
176
     1
290
     1
176
     1
290
     0
176
     1
290
     0
176
     1
290
     0
176
     1
290
     0
176
     1
290
     0
176
     1
290
     0
176
     1
 90
       50
176
     1
 40
0.0
176
     1
 40
1.0
176
     1
 90
        0
176
     1
 62
    18
420
        0
176
     1
 90
       50
176
     1
 90
        3
176
     1
 62
     5
420
      255
176
     1
290
     0
176
     1
 90
       50
176
     1
 90
       50
176
     1
 90
       50
176
     1
290
     0
176
     1
 90
       50
176
     1
 62
   256
176
     0
 40
1.0
176
     0
 90
        2
176
     1
  1
strokes_ogs.tif
176
     1
290
     0
176
     1
 40
1.0
176
     1
 40
1.0
176
     1
  0
VISUALSTYLE
  5
9D
102
{ACAD_REACTORS
330
99
102
}
330
99
100
AcDbVisualStyle
  2
GouraudWithEdges
 70
     3
177
     3
291
     1
 70
    58
 90
        2
176
     1
 90
        2
176
     1
 90
        1
176
     1
 90
        2
176
     1
 40
0.6
176
     1
 40
30.0
176
     1
 62
     7
420
 16777215
176
     1
 90
        1
176
     1
 90
        0
176
     1
 62
     7
176
     1
 62
   257
176
     1
 90
        1
176
     1
 90
        1
176
     1
 40
1.0
176
     1
 90
        0
176
     1
 62
   257
176
     1
 40
1.0
176
     1
 90
        1
176
     1
 90
        6
176
     1
 90
        2
176
     1
 62
     7
176
     1
 90
        5
176
     1
 90
        0
176
     1
 90
        0
176
     1
290
     0
176
     1
 90
       13
176
     1
 40
0.0
176
     1
 90
        0
176
     1
290
     0
176
     1
290
     1
176
     1
290
     1
176
     1
290
     0
176
     1
290
     0
176
     1
290
     0
176
     1
290
     0
176
     1
290
     0
176
     1
290
     0
176
     1
 90
       50
176
     1
 40
0.0
176
     1
 40
1.0
176
     1
 90
        0
176
     1
 62
    18
420
        0
176
     1
 90
       50
176
     1
 90
        3
176
     1
 62
     5
420
      255
176
     1
290
     0
176
     1
 90
       50
176
     1
 90
       50
176
     1
 90
       50
176
     1
290
     0
176
     1
 90
       50
176
     1
 62
   256
176
     0
 40
1.0
176
     0
 90
        2
176
     1
  1
strokes_ogs.tif
176
     1
290
     0
176
     1
 40
1.0
176
     1
 40
1.0
176
     1
  0
VISUALSTYLE
  5
A1
102
{ACAD_REACTORS
330
99
102
}
330
99
100
AcDbVisualStyle
  2
Hidden
 70
     6
177
     3
291
     0
 70
    58
 90
        1
176
     1
 90
        2
176
     1
 90
        2
176
     1
 90
        0
176
     1
 40
0.6
176
     1
 40
30.0
176
     1
 62
     7
420
 16777215
176
     1
 90
        2
176
     1
 90
        2
176
     1
 62
     7
176
     1
 62
   257
176
     1
 90
        2
176
     1
 90
        1
176
     1
 40
40.0
176
     1
 90
        0
176
     1
 62
   257
176
     1
 40
1.0
176
     1
 90
        1
176
     1
 90
        6
176
     1
 90
        2
176
     1
 62
     7
176
     1
 90
        3
176
     1
 90
        0
176
     1
 90
        0
176
     1
290
     0
176
     1
 90
        1
176
     1
 40
0.0
176
     1
 90
        0
176
     1
290
     0
176
     1
290
     1
176
     1
290
     1
176
     1
290
     0
176
     1
290
     0
176
     1
290
     0
176
     1
290
     0
176
     1
290
     0
176
     1
290
     0
176
     1
 90
       50
176
     1
 40
0.0
176
     1
 40
1.0
176
     1
 90
        0
176
     1
 62
    18
420
        0
176
     1
 90
       50
176
     1
 90
        3
176
     1
 62
     5
420
      255
176
     1
290
     0
176
     1
 90
       50
176
     1
 90
       50
176
     1
 90
       50
176
     1
290
     0
176
     1
 90
       50
176
     1
 62
   256
176
     0
 40
1.0
176
     0
 90
        2
176
     1
  1
strokes_ogs.tif
176
     1
290
     0
176
     1
 40
1.0
176
     1
 40
1.0
176
     1
  0
VISUALSTYLE
  5
173
102
{ACAD_REACTORS
330
99
102
}
330
99
100
AcDbVisualStyle
  2
JitterOff
 70
    20
177
     3
291
     1
 70
    58
 90
        2
176
     0
 90
        2
176
     0
 90
        0
176
     0
 90
        0
176
     0
 40
0.6
176
     0
 40
30.0
176
     0
 62
     7
420
 16777215
176
     0
 90
        1
176
     0
 90
        4
176
     0
 62
     7
176
     0
 62
   257
176
     0
 90
        1
176
     0
 90
        1
176
     0
 40
1.0
176
     0
 90
       10
176
     2
 62
     7
176
     0
 40
1.0
176
     0
 90
        1
176
     0
 90
        6
176
     0
 90
        2
176
     0
 62
     7
176
     0
 90
        5
176
     0
 90
        0
176
     0
 90
        0
176
     0
290
     0
176
     0
 90
        1
176
     0
 40
0.0
176
     0
 90
        0
176
     0
290
     0
176
     1
290
     1
176
     1
290
     1
176
     1
290
     0
176
     1
290
     0
176
     1
290
     0
176
     1
290
     0
176
     1
290
     0
176
     1
290
     0
176
     1
 90
       50
176
     1
 40
0.0
176
     1
 40
1.0
176
     1
 90
        0
176
     1
 62
    18
420
        0
176
     1
 90
       50
176
     1
 90
        3
176
     1
 62
     5
420
      255
176
     1
290
     0
176
     1
 90
       50
176
     1
 90
       50
176
     1
 90
       50
176
     1
290
     0
176
     1
 90
       50
176
     1
 62
   256
176
     0
 40
1.0
176
     0
 90
        2
176
     1
  1
strokes_ogs.tif
176
     1
290
     0
176
     1
 40
1.0
176
     1
 40
1.0
176
     1
  0
VISUALSTYLE
  5
A7
102
{ACAD_REACTORS
330
99
102
}
330
99
100
AcDbVisualStyle
  2
Linepattern
 70
    14
177
     3
291
     1
 70
    58
 90
        2
176
     1
 90
        2
176
     1
 90
        1
176
     1
 90
        0
176
     1
 40
0.6
176
     1
 40
30.0
176
     1
 62
     7
420
 16777215
176
     1
 90
        1
176
     1
 90
        4
176
     1
 62
     7
176
     1
 62
   257
176
     1
 90
        7
176
     1
 90
        7
176
     1
 40
1.0
176
     1
 90
        8
176
     1
 62
     7
176
     1
 40
1.0
176
     1
 90
        1
176
     1
 90
        6
176
     1
 90
        2
176
     1
 62
     7
176
     1
 90
        5
176
     1
 90
        0
176
     1
 90
        0
176
     1
290
     0
176
     1
 90
        1
176
     1
 40
0.0
176
     1
 90
        0
176
     1
290
     0
176
     1
290
     1
176
     1
290
     1
176
     1
290
     0
176
     1
290
     0
176
     1
290
     0
176
     1
290
     0
176
     1
290
     0
176
     1
290
     0
176
     1
 90
       50
176
     1
 40
0.0
176
     1
 40
1.0
176
     1
 90
        0
176
     1
 62
    18
420
        0
176
     1
 90
       50
176
     1
 90
        3
176
     1
 62
     5
420
      255
176
     1
290
     0
176
     1
 90
       50
176
     1
 90
       50
176
     1
 90
       50
176
     1
290
     0
176
     1
 90
       50
176
     1
 62
   256
176
     0
 40
1.0
176
     0
 90
        2
176
     1
  1
strokes_ogs.tif
176
     1
290
     0
176
     1
 40
1.0
176
     1
 40
1.0
176
     1
  0
VISUALSTYLE
  5
174
102
{ACAD_REACTORS
330
99
102
}
330
99
100
AcDbVisualStyle
  2
OverhangOff
 70
    21
177
     3
291
     1
 70
    58
 90
        2
176
     0
 90
        2
176
     0
 90
        0
176
     0
 90
        0
176
     0
 40
0.6
176
     0
 40
30.0
176
     0
 62
     7
420
 16777215
176
     0
 90
        1
176
     0
 90
        4
176
     0
 62
     7
176
     0
 62
   257
176
     0
 90
        1
176
     0
 90
        1
176
     0
 40
1.0
176
     0
 90
        9
176
     2
 62
     7
176
     0
 40
1.0
176
     0
 90
        1
176
     0
 90
        6
176
     0
 90
        2
176
     0
 62
     7
176
     0
 90
        5
176
     0
 90
        0
176
     0
 90
        0
176
     0
290
     0
176
     0
 90
        1
176
     0
 40
0.0
176
     0
 90
        0
176
     0
290
     0
176
     1
290
     1
176
     1
290
     1
176
     1
290
     0
176
     1
290
     0
176
     1
290
     0
176
     1
290
     0
176
     1
290
     0
176
     1
290
     0
176
     1
 90
       50
176
     1
 40
0.0
176
     1
 40
1.0
176
     1
 90
        0
176
     1
 62
    18
420
        0
176
     1
 90
       50
176
     1
 90
        3
176
     1
 62
     5
420
      255
176
     1
290
     0
176
     1
 90
       50
176
     1
 90
       50
176
     1
 90
       50
176
     1
290
     0
176
     1
 90
       50
176
     1
 62
   256
176
     0
 40
1.0
176
     0
 90
        2
176
     1
  1
strokes_ogs.tif
176
     1
290
     0
176
     1
 40
1.0
176
     1
 40
1.0
176
     1
  0
VISUALSTYLE
  5
A3
102
{ACAD_REACTORS
330
99
102
}
330
99
100
AcDbVisualStyle
  2
Realistic
 70
     8
177
     3
291
     0
 70
    58
 90
        2
176
     1
 90
        3
176
     1
 90
        0
176
     1
 90
        2
176
     1
 40
0.6
176
     1
 40
30.0
176
     1
 62
     7
420
 16777215
176
     1
 90
        0
176
     1
 90
        0
176
     1
 62
     7
176
     1
 62
   257
176
     1
 90
        1
176
     1
 90
        1
176
     1
 40
1.0
176
     1
 90
        8
176
     1
 62
   257
176
     1
 40
1.0
176
     1
 90
        1
176
     1
 90
        6
176
     1
 90
        2
176
     1
 62
     7
176
     1
 90
        3
176
     1
 90
        0
176
     1
 90
        0
176
     1
290
     0
176
     1
 90
       13
176
     1
 40
0.0
176
     1
 90
        0
176
     1
290
     0
176
     1
290
     1
176
     1
290
     1
176
     1
290
     0
176
     1
290
     0
176
     1
290
     0
176
     1
290
     0
176
     1
290
     0
176
     1
290
     0
176
     1
 90
       50
176
     1
 40
0.0
176
     1
 40
1.0
176
     1
 90
        0
176
     1
 62
    18
420
        0
176
     1
 90
       50
176
     1
 90
        3
176
     1
 62
     5
420
      255
176
     1
290
     0
176
     1
 90
       50
176
     1
 90
       50
176
     1
 90
       50
176
     1
290
     0
176
     1
 90
       50
176
     1
 62
   256
176
     0
 40
1.0
176
     0
 90
        2
176
     1
  1
strokes_ogs.tif
176
     1
290
     0
176
     1
 40
1.0
176
     1
 40
1.0
176
     1
  0
VISUALSTYLE
  5
182
102
{ACAD_REACTORS
330
99
102
}
330
99
100
AcDbVisualStyle
  2
Shaded
 70
    27
177
     3
291
     0
 70
    58
 90
        2
176
     1
 90
        2
176
     1
 90
        1
176
     1
 90
        2
176
     1
 40
0.6
176
     1
 40
30.0
176
     1
 62
     7
420
 16777215
176
     1
 90
        0
176
     1
 90
        4
176
     1
 62
     7
176
     1
 62
   257
176
     1
 90
        1
176
     1
 90
        1
176
     1
 40
1.0
176
     1
 90
        8
176
     1
 62
   257
176
     1
 40
1.0
176
     1
 90
        1
176
     1
 90
        6
176
     1
 90
        2
176
     1
 62
     8
420
  7895160
176
     1
 90
        3
176
     1
 90
        0
176
     1
 90
        0
176
     1
290
     0
176
     1
 90
        5
176
     1
 40
0.0
176
     1
 90
        0
176
     1
290
     0
176
     1
290
     1
176
     1
290
     1
176
     1
290
     0
176
     1
290
     0
176
     1
290
     0
176
     1
290
     0
176
     1
290
     0
176
     1
290
     0
176
     1
 90
       50
176
     1
 40
0.0
176
     1
 40
1.0
176
     1
 90
        0
176
     1
 62
    18
420
        0
176
     1
 90
       50
176
     1
 90
        3
176
     1
 62
     5
420
      255
176
     1
290
     0
176
     1
 90
       50
176
     1
 90
       50
176
     1
 90
       50
176
     1
290
     0
176
     1
 90
       50
176
     1
 62
   256
176
     0
 40
1.0
176
     0
 90
        2
176
     1
  1
strokes_ogs.tif
176
     1
290
     0
176
     1
 40
1.0
176
     1
 40
1.0
176
     1
  0
VISUALSTYLE
  5
181
102
{ACAD_REACTORS
330
99
102
}
330
99
100
AcDbVisualStyle
  2
Shaded with edges
 70
    26
177
     3
291
     0
 70
    58
 90
        2
176
     1
 90
        2
176
     1
 90
        1
176
     1
 90
        2
176
     1
 40
0.6
176
     1
 40
30.0
176
     1
 62
     7
420
 16777215
176
     1
 90
        1
176
     1
 90
        2
176
     1
 62
     7
176
     1
 62
   257
176
     1
 90
        2
176
     1
 90
        1
176
     1
 40
1.0
176
     1
 90
        8
176
     1
 62
   257
176
     1
 40
1.0
176
     1
 90
        1
176
     1
 90
        6
176
     1
 90
        2
176
     1
 62
     7
176
     1
 90
        3
176
     1
 90
        0
176
     1
 90
        0
176
     1
290
     0
176
     1
 90
        5
176
     1
 40
0.0
176
     1
 90
        0
176
     1
290
     0
176
     1
290
     1
176
     1
290
     1
176
     1
290
     0
176
     1
290
     0
176
     1
290
     0
176
     1
290
     0
176
     1
290
     0
176
     1
290
     0
176
     1
 90
       50
176
     1
 40
0.0
176
     1
 40
1.0
176
     1
 90
        0
176
     1
 62
    18
420
        0
176
     1
 90
       50
176
     1
 90
        3
176
     1
 62
     5
420
      255
176
     1
290
     0
176
     1
 90
       50
176
     1
 90
       50
176
     1
 90
       50
176
     1
290
     0
176
     1
 90
       50
176
     1
 62
   256
176
     0
 40
1.0
176
     0
 90
        2
176
     1
  1
strokes_ogs.tif
176
     1
290
     0
176
     1
 40
1.0
176
     1
 40
1.0
176
     1
  0
VISUALSTYLE
  5
17E
102
{ACAD_REACTORS
330
99
102
}
330
99
100
AcDbVisualStyle
  2
Shades of Gray
 70
    23
177
     3
291
     0
 70
    58
 90
        2
176
     1
 90
        2
176
     1
 90
        3
176
     1
 90
        0
176
     1
 40
0.6
176
     1
 40
30.0
176
     1
 62
     7
420
 16777215
176
     1
 90
        2
176
     1
 90
        2
176
     1
 62
     7
176
     1
 62
     7
176
     1
 90
        1
176
     1
 90
        1
176
     1
 40
40.0
176
     1
 90
        8
176
     1
 62
     7
176
     1
 40
1.0
176
     1
 90
        1
176
     1
 90
        6
176
     1
 90
        2
176
     1
 62
     7
176
     1
 90
        3
176
     1
 90
        0
176
     1
 90
        0
176
     1
290
     0
176
     1
 90
        1
176
     1
 40
0.0
176
     1
 90
        0
176
     1
290
     0
176
     1
290
     1
176
     1
290
     1
176
     1
290
     0
176
     1
290
     0
176
     1
290
     0
176
     1
290
     0
176
     1
290
     0
176
     1
290
     0
176
     1
 90
       50
176
     1
 40
0.0
176
     1
 40
1.0
176
     1
 90
        0
176
     1
 62
    18
420
        0
176
     1
 90
       50
176
     1
 90
        3
176
     1
 62
     5
420
      255
176
     1
290
     0
176
     1
 90
       50
176
     1
 90
       50
176
     1
 90
       50
176
     1
290
     0
176
     1
 90
       50
176
     1
 62
   256
176
     0
 40
1.0
176
     0
 90
        2
176
     1
  1
strokes_ogs.tif
176
     1
290
     0
176
     1
 40
1.0
176
     1
 40
1.0
176
     1
  0
VISUALSTYLE
  5
17F
102
{ACAD_REACTORS
330
99
102
}
330
99
100
AcDbVisualStyle
  2
Sketchy
 70
    24
177
     3
291
     0
 70
    58
 90
        1
176
     1
 90
        2
176
     1
 90
        2
176
     1
 90
        0
176
     1
 40
0.6
176
     1
 40
30.0
176
     1
 62
     7
420
 16777215
176
     1
 90
        2
176
     1
 90
        2
176
     1
 62
     7
176
     1
 62
     7
176
     1
 90
        1
176
     1
 90
        1
176
     1
 40
40.0
176
     1
 90
       11
176
     1
 62
     7
176
     1
 40
1.0
176
     1
 90
        1
176
     1
 90
        6
176
     1
 90
        2
176
     1
 62
     7
176
     1
 90
        6
176
     1
 90
        0
176
     1
 90
        0
176
     1
290
     0
176
     1
 90
        1
176
     1
 40
0.0
176
     1
 90
        0
176
     1
290
     0
176
     1
290
     1
176
     1
290
     1
176
     1
290
     0
176
     1
290
     0
176
     1
290
     0
176
     1
290
     0
176
     1
290
     0
176
     1
290
     0
176
     1
 90
       50
176
     1
 40
0.0
176
     1
 40
1.0
176
     1
 90
        0
176
     1
 62
    18
420
        0
176
     1
 90
       50
176
     1
 90
        3
176
     1
 62
     5
420
      255
176
     1
290
     0
176
     1
 90
       50
176
     1
 90
       50
176
     1
 90
       50
176
     1
290
     0
176
     1
 90
       50
176
     1
 62
   256
176
     0
 40
1.0
176
     0
 90
        2
176
     1
  1
strokes_ogs.tif
176
     1
290
     0
176
     1
 40
1.0
176
     1
 40
1.0
176
     1
  0
VISUALSTYLE
  5
A6
102
{ACAD_REACTORS
330
99
102
}
330
99
100
AcDbVisualStyle
  2
Thicken
 70
    13
177
     3
291
     1
 70
    58
 90
        2
176
     1
 90
        2
176
     1
 90
        1
176
     1
 90
        0
176
     1
 40
0.6
176
     1
 40
30.0
176
     1
 62
     7
420
 16777215
176
     1
 90
        1
176
     1
 90
        4
176
     1
 62
     7
176
     1
 62
   257
176
     1
 90
        1
176
     1
 90
        1
176
     1
 40
1.0
176
     1
 90
       12
176
     1
 62
     7
176
     1
 40
1.0
176
     1
 90
        1
176
     1
 90
        6
176
     1
 90
        2
176
     1
 62
     7
176
     1
 90
        5
176
     1
 90
        0
176
     1
 90
        0
176
     1
290
     0
176
     1
 90
        1
176
     1
 40
0.0
176
     1
 90
        0
176
     1
290
     0
176
     1
290
     1
176
     1
290
     1
176
     1
290
     0
176
     1
290
     0
176
     1
290
     0
176
     1
290
     0
176
     1
290
     0
176
     1
290
     0
176
     1
 90
       50
176
     1
 40
0.0
176
     1
 40
1.0
176
     1
 90
        0
176
     1
 62
    18
420
        0
176
     1
 90
       50
176
     1
 90
        3
176
     1
 62
     5
420
      255
176
     1
290
     0
176
     1
 90
       50
176
     1
 90
       50
176
     1
 90
       50
176
     1
290
     0
176
     1
 90
       50
176
     1
 62
   256
176
     0
 40
1.0
176
     0
 90
        2
176
     1
  1
strokes_ogs.tif
176
     1
290
     0
176
     1
 40
1.0
176
     1
 40
1.0
176
     1
  0
VISUALSTYLE
  5
A0
102
{ACAD_REACTORS
330
99
102
}
330
99
100
AcDbVisualStyle
  2
Wireframe
 70
     5
177
     3
291
     0
 70
    58
 90
        0
176
     1
 90
        2
176
     1
 90
        0
176
     1
 90
        0
176
     1
 40
0.6
176
     1
 40
30.0
176
     1
 62
     7
420
 16777215
176
     1
 90
        1
176
     1
 90
        4
176
     1
 62
     7
176
     1
 62
   257
176
     1
 90
        1
176
     1
 90
        1
176
     1
 40
1.0
176
     1
 90
        0
176
     1
 62
   257
176
     1
 40
1.0
176
     1
 90
        1
176
     1
 90
        6
176
     1
 90
        2
176
     1
 62
     7
176
     1
 90
        3
176
     1
 90
        0
176
     1
 90
        0
176
     1
290
     0
176
     1
 90
        1
176
     1
 40
0.0
176
     1
 90
        0
176
     1
290
     0
176
     1
290
     1
176
     1
290
     1
176
     1
290
     0
176
     1
290
     0
176
     1
290
     0
176
     1
290
     0
176
     1
290
     0
176
     1
290
     0
176
     1
 90
       50
176
     1
 40
0.0
176
     1
 40
1.0
176
     1
 90
        0
176
     1
 62
    18
420
        0
176
     1
 90
       50
176
     1
 90
        3
176
     1
 62
     5
420
      255
176
     1
290
     0
176
     1
 90
       50
176
     1
 90
       50
176
     1
 90
       50
176
     1
290
     0
176
     1
 90
       50
176
     1
 62
   256
176
     0
 40
1.0
176
     0
 90
        2
176
     1
  1
strokes_ogs.tif
176
     1
290
     0
176
     1
 40
1.0
176
     1
 40
1.0
176
     1
  0
VISUALSTYLE
  5
180
102
{ACAD_REACTORS
330
99
102
}
330
99
100
AcDbVisualStyle
  2
X-Ray
 70
    25
177
     3
291
     0
 70
    58
 90
        2
176
     1
 90
        2
176
     1
 90
        1
176
     1
 90
        1
176
     1
 40
0.5
176
     1
 40
30.0
176
     1
 62
     7
420
 16777215
176
     1
 90
        1
176
     1
 90
        0
176
     1
 62
     7
176
     1
 62
   257
176
     1
 90
        1
176
     1
 90
        1
176
     1
 40
1.0
176
     1
 90
        8
176
     1
 62
     7
176
     1
 40
1.0
176
     1
 90
        1
176
     1
 90
        6
176
     1
 90
        2
176
     1
 62
     7
176
     1
 90
        3
176
     1
 90
        0
176
     1
 90
        0
176
     1
290
     0
176
     1
 90
       13
176
     1
 40
0.0
176
     1
 90
        0
176
     1
290
     0
176
     1
290
     1
176
     1
290
     1
176
     1
290
     0
176
     1
290
     0
176
     1
290
     0
176
     1
290
     0
176
     1
290
     0
176
     1
290
     0
176
     1
 90
       50
176
     1
 40
0.0
176
     1
 40
1.0
176
     1
 90
        0
176
     1
 62
    18
420
        0
176
     1
 90
       50
176
     1
 90
        3
176
     1
 62
     5
420
      255
176
     1
290
     0
176
     1
 90
       50
176
     1
 90
       50
176
     1
 90
       50
176
     1
290
     0
176
     1
 90
       50
176
     1
 62
   256
176
     0
 40
1.0
176
     0
 90
        2
176
     1
  1
strokes_ogs.tif
176
     1
290
     0
176
     1
 40
1.0
176
     1
 40
1.0
176
     1
  0
DICTIONARYVAR
  5
F0
102
{ACAD_REACTORS
330
66
102
}
330
66
100
DictionaryVariables
280
     0
  1
1:1
  0
DICTIONARYVAR
  5
EF
102
{ACAD_REACTORS
330
66
102
}
330
66
100
DictionaryVariables
280
     0
  1
Standard
  0
DICTIONARYVAR
  5
89
102
{ACAD_REACTORS
330
66
102
}
330
66
100
DictionaryVariables
280
     0
  1
Standard
  0
DICTIONARYVAR
  5
39A
102
{ACAD_REACTORS
330
66
102
}
330
66
100
DictionaryVariables
280
     0
  1
Imperial24
  0
DICTIONARYVAR
  5
39B
102
{ACAD_REACTORS
330
66
102
}
330
66
100
DictionaryVariables
280
     0
  1
Imperial24
  0
DICTIONARYVAR
  5
67
102
{ACAD_REACTORS
330
66
102
}
330
66
100
DictionaryVariables
280
     0
  1
2
  0
DICTIONARYVAR
  5
6B
102
{ACAD_REACTORS
330
66
102
}
330
66
100
DictionaryVariables
280
     0
  1
1
  0
DICTIONARYVAR
  5
14D
102
{ACAD_REACTORS
330
66
102
}
330
66
100
DictionaryVariables
280
     0
  1
0
  0
DICTIONARYVAR
  5
14E
102
{ACAD_REACTORS
330
66
102
}
330
66
100
DictionaryVariables
280
     0
  1
0
  0
DICTIONARY
  5
2F428
330
31B
100
AcDbDictionary
280
     1
281
     1
  0
DICTIONARY
  5
194
330
22
100
AcDbDictionary
280
     1
281
     1
  3
ADSK_XREC_LAYOUTTHUMBNAIL
360
3092
  0
DICTIONARY
  5
188
330
97
100
AcDbDictionary
280
     1
281
     1
  3
FBXASSET
360
189
  0
DICTIONARY
  5
186
330
96
100
AcDbDictionary
280
     1
281
     1
  3
FBXASSET
360
187
  0
DICTIONARY
  5
110
330
98
100
AcDbDictionary
280
     1
281
     1
  3
FBXASSET
360
18A
  0
XRECORD
  5
8D6
102
{ACAD_REACTORS
330
8D5
102
}
330
8D5
100
AcDbXrecord
280
     1
 70
     2
 71
     3
 72
     0
  0
DICTIONARY
  5
2F426
330
319
100
AcDbDictionary
280
     1
281
     1
  0
DICTIONARY
  5
2F42C
330
87
100
AcDbDictionary
280
     1
281
     1
  3
ACAD_ROUNDTRIP_2008_TABLESTYLE_CELLSTYLEMAP
360
2F42D
  0
XRECORD
  5
3092
102
{ACAD_REACTORS
330
194
102
}
330
194
100
AcDbXrecord
280
     1
310
2800000000010000B7000000010008000000000000B700000100000001000000000100000000000000000000FFFFFF00000000FF000000FF000000FF000000FF000000FF000000FF000000FF000000FF000000FF330000FF660000FF990000FFCC0000FFFF0000FF003300FF333300FF663300FF993300FFCC3300FFFF3300
310
FF006600FF336600FF666600FF996600FFCC6600FFFF6600FF009900FF339900FF669900FF999900FFCC9900FFFF9900FF00CC00FF33CC00FF66CC00FF99CC00FFCCCC00FFFFCC00FF00FF00FF33FF00FF66FF00FF99FF00FFCCFF00FFFFFF00FF000033FF330033FF660033FF990033FFCC0033FFFF0033FF003333FF3333
310
33FF663333FF993333FFCC3333FFFF3333FF006633FF336633FF666633FF996633FFCC6633FFFF6633FF009933FF339933FF669933FF999933FFCC9933FFFF9933FF00CC33FF33CC33FF66CC33FF99CC33FFCCCC33FFFFCC33FF00FF33FF33FF33FF66FF33FF99FF33FFCCFF33FFFFFF33FF000066FF330066FF660066FF99
310
0066FFCC0066FFFF0066FF003366FF333366FF663366FF993366FFCC3366FFFF3366FF006666FF336666FF666666FF996666FFCC6666FFFF6666FF009966FF339966FF669966FF999966FFCC9966FFFF9966FF00CC66FF33CC66FF66CC66FF99CC66FFCCCC66FFFFCC66FF00FF66FF33FF66FF66FF66FF99FF66FFCCFF66FF
310
FFFF66FF000099FF330099FF660099FF990099FFCC0099FFFF0099FF003399FF333399FF663399FF993399FFCC3399FFFF3399FF006699FF336699FF666699FF996699FFCC6699FFFF6699FF009999FF339999FF669999FF999999FFCC9999FFFF9999FF00CC99FF33CC99FF66CC99FF99CC99FFCCCC99FFFFCC99FF00FF99
310
FF33FF99FF66FF99FF99FF99FFCCFF99FFFFFF99FF0000CCFF3300CCFF6600CCFF9900CCFFCC00CCFFFF00CCFF0033CCFF3333CCFF6633CCFF9933CCFFCC33CCFFFF33CCFF0066CCFF3366CCFF6666CCFF9966CCFFCC66CCFFFF66CCFF0099CCFF3399CCFF6699CCFF9999CCFFCC99CCFFFF99CCFF00CCCCFF33CCCCFF66CC
310
CCFF99CCCCFFCCCCCCFFFFCCCCFF00FFCCFF33FFCCFF66FFCCFF99FFCCFFCCFFCCFFFFFFCCFF0000FFFF3300FFFF6600FFFF9900FFFFCC00FFFFFF00FFFF0033FFFF3333FFFF6633FFFF9933FFFFCC33FFFFFF33FFFF0066FFFF3366FFFF6666FFFF9966FFFFCC66FFFFFF66FFFF0099FFFF3399FFFF6699FFFF9999FFFFCC
310
99FFFFFF99FFFF00CCFFFF33CCFFFF66CCFFFF99CCFFFFCCCCFFFFFFCCFFFF00FFFFFF33FFFFFF66FFFFFF99FFFFFFCCFFFFFFFFFFFFFF000000FF0D0D0DFF1A1A1AFF282828FF353535FF434343FF505050FF5D5D5DFF6B6B6BFF787878FF868686FF939393FFA1A1A1FFAEAEAEFFBBBBBBFFC9C9C9FFD6D6D6FFE4E4E4FF
310
F1F1F1FFFFFFFFFF000000FF000000FF000000FF000000FF000000FF000000FF000000FF000000FF000000FF000000FF000000000000000F0000000000000000000000000000000000000000000000000000000000000000000000000000000000000000000000000000000000000000000000000000000000000000000000
310
00000000000000000000000000000000000000000000000000000000000000000000000000000000000000000000000000000000000000000000000000000000000000000000000000000000000000000000000000000000000000000000000000000000000000000000000000000000000000000000000000000000000000
310
0000000000000000000000000000000000000000000000000000000000000000000000000000000000000000000000000000000000000000000F000000000000000000000000000000000000000000000000000000000000000000000000000000000000000000000000000000000000000000000000000000000000000000
310
00000000000000000000000000000000000000000000000000000000000000000000000000000000000000000000000000000000000000000000000000000000000000000000000000000000000000000000000000000000000000000000000000000000000000000000000000000000000000000000000000000000000000
310
00000000000000000000000000000000000000000000000000000000000000000000000000000000000000000000000000000000000000000000000F00000000000000000000000000000000000000000000000000000000000000000000000000000000000000000000000000000000000000000000000000000000000000
310
00000000000000000000000000000000000000000000000000000000000000000000000000000000000000000000000000000000000000000000000000000000000000000000000000000000000000000000000000000000000000000000000000000000000000000000000000000000000000000000000000000000000000
310
000000000000000000000000000000000000000000000000000000000000000000000000000000000000000000000000000000000000000000000000000F0000000000000000000000000000000000000000000000000000000000000000000000000000000000000000000000000000000000000000000000000000000000
310
00000000000000000000000000000000000000000000000000000000000000000000000000000000000000000000000000000000000000000000000000000000000000000000000000000000000000000000000000000000000000000000000000000000000000000000000000000000000000000000000000000000000000
310
0000000000000000000000000000000000000000000000000000000000000000000000000000000000000000000000000000000000000000000000000000000F000000000000000000000000000000000000000000000000000000000000000000000000000000000000000000000000000000000000000000000000000000
310
00000000000000000000000000000000000000000000000000000000000000000000000000000000000000000000000000000000000000000000000000000000000000000000000000000000000000000000000000000000000000000000000000000000000000000000000000000000000000000000000000000000000000
310
00000000000000000000000000000000000000000000000000000000000000000000000000000000000000000000000000000000000000000000000000000000000F00000000000000000000000000000000000000000000000000000000000000000000000000000000000000000000000000000000000000000000000000
310
00000000000000000000000000000000000000000000000000000000000000000000000000000000000000000000000000000000000000000000000000000000000000000000000000000000000000000000000000000000000000000000000000000000000000000000000000000000000000000000000000000000000000
310
000000000000000000000000000000000000000000000000000000000000000000000000000000000000000000000000000000000000000000000000000000000000000F0000000000000000000000000000000000000000000000000000000000000000000000000000000000000000000000000000000000000000000000
310
00000000000000000000000000000000000000000000000000000000000000000000000000000000000000000000000000000000000000000000000000000000000000000000000000000000000000000000000000000000000000000000000000000000000000000000000000000000000000000000000000000000000000
310
0000000000000000000000000000000000000000000000000000000000000000000000000000000000000000000000000000000000000000000000000000000000000000000F000000000000000000000000000000000000000000000000000000000000000000000000000000000000000000000000000000000000000000
310
00000000000000000000000000000000000000000000000000000000000000000000000000000000000000000000000000000000000000000000000000000000000000000000000000000000000000000000000000000000000000000000000000000000000000000000000000000000000000000000000000000000000000
310
00000000000000000000000000000000000000000000000000000000000000000000000000000000000000000000000000000000000000000000000000000000000000000000000F00000000000000000000000000000000000000000000000000000000000000000000000000000000000000000000000000000000000000
310
00000000000000000000000000000000000000000000000000000000000000000000000000000000000000000000000000000000000000000000000000000000000000000000000000000000000000000000000000000000000000000000000000000000000000000000000000000000000000000000000000000000000000
310
000000000000000000000000000000000000000000000000000000000000000000000000000000000000000000000000000000000000000000000000000000000000000000000000000F0000000000000000000000000000000000000000000000000000000000000000000000000000000000000000000000000000000000
310
00000000000000000000000000000000000000000000000000000000000000000000000000000000000000000000000000000000000000000000000000000000000000000000000000000000000000000000000000000000000000000000000000000000000000000000000000000000000000000000000000000000000000
310
0000000000000000000000000000000000000000000000000000000000000000000000000000000000000000000000000000000000000000000000000000000000000000000000000000000F000000000000000000000000000000000000000000000000000000000000000000000000000000000000000000000000000000
310
00000000000000000000000000000000000000000000000000000000000000000000000000000000000000000000000000000000000000000000000000000000000000000000000000000000000000000000000000000000000000000000000000000000000000000000000000000000000000000000000000000000000000
310
00000000000000000000000000000000000000000000000000000000000000000000000000000000000000000000000000000000000000000000000000000000000000000000000000000000000F00000000000000000000000000000000000000000000000000000000000000000000000000000000000000000000000000
310
00000000000000000000000000000000000000000000000000000000000000000000000000000000000000000000000000000000000000000000000000000000000000000000000000000000000000000000000000000000000000000000000000000000000000000000000000000000000000000000000000000000000000
310
000000000000000000000000000000000000000000000000000000000000000000000000000000000000000000000000000000000000000000000000000000000000000000000000000000000000000F0000000000000000000000000000000000000000000000000000000000000000000000000000000000000000000000
310
00000000000000000000000000000000000000000000000000000000000000000000000000000000000000000000000000000000000000000000000000000000000000000000000000000000000000000000000000000000000000000000000000000000000000000000000000000000000000000000000000000000000000
310
0000000000000000000000000000000000000000000000000000000000000000000000000000000000000000000000000000000000000000000000000000000000000000000000000000000000000000000F000000000000000000000000000000000000000000000000000000000000000000000000000000000000000000
310
00000000000000000000000000000000000000000000000000000000000000000000000000000000000000000000000000000000000000000000000000000000000000000000000000000000000000000000000000000000000000000000000000000000000000000000000000000000000000000000000000000000000000
310
00000000000000000000000000000000000000000000000000000000000000000000000000000000000000000000000000000000000000000000000000000000000000000000000000000000000000000000000F00000000000000000000000000000000000000000000000000000000000000000000000000000000000000
310
00000000000000000000000000000000000000000000000000000000000000000000000000000000000000000000000000000000000000000000000000000000000000000000000000000000000000000000000000000000000000000000000000000000000000000000000000000000000000000000000000000000000000
310
000000000000000000000000000000000000000000000000000000000000000000000000000000000000000000000000000000000000000000000000000000000000000000000000000000000000000000000000000F0000000000000000000000000000000000000000000000000000000000000000000000000000000000
310
00000000000000000000000000000000000000000000000000000000000000000000000000000000000000000000000000000000000000000000000000000000000000000000000000000000000000000000000000000000000000000000000000000000000000000000000000000000000000000000000000000000000000
310
0000000000000000000000000000000000000000000000000000000000000000000000000000000000000000000000000000000000000000000000000000000000000000000000000000000000000000000000000000000F000000000000000000000000000000000000000000000000000000000000000000000000000000
310
00000000000000000000000000000000000000000000000000000000000000000000000000000000000000000000000000000000000000000000000000000000000000000000000000000000000000000000000000000000000000000000000000000000000000000000000000000000000000000000000000000000000000
310
00000000000000000000000000000000000000000000000000000000000000000000000000000000000000000000000000000000000000000000000000000000000000000000000000000000000000000000000000000000000F00000000000000000000000000000000000000000000000000000000000000000000000000
310
00000000000000000000000000000000000000000000000000000000000000000000000000000000000000000000000000000000000000000000000000000000000000000000000000000000000000000000000000000000000000000000000000000000000000000000000000000000000000000000000000000000000000
310
000000000000000000000000000000000000000000000000000000000000000000000000000000000000000000000000000000000000000000000000000000000000000000000000000000000000000000000000000000000000000F0000000000000000000000000000000000000000000000000000000000000000000000
310
00000000000000000000000000000000000000000000000000000000000000000000000000000000000000000000000000000000000000000000000000000000000000000000000000000000000000000000000000000000000000000000000000000000000000000000000000000000000000000000000000000000000000
310
0000000000000000000000000000000000000000000000000000000000000000000000000000000000000000000000000000000000000000000000000000000000000000000000000000000000000000000000000000000000000000000F000000000000000000000000000000000000000000000000000000000000000000
310
00000000000000000000000000000000000000000000000000000000000000000000000000000000000000000000000000000000000000000000000000000000000000000000000000000000000000000000000000000000000000000000000000000000000000000000000000000000000000000000000000000000000000
310
00000000000000000000000000000000000000000000000000000000000000000000000000000000000000000000000000000000000000000000000000000000000000000000000000000000000000000000000000000000000000000000000F00000000000000000000000000000000000000000000000000000000000000
310
00000000000000000000000000000000000000000000000000000000000000000000000000000000000000000000000000000000000000000000000000000000000000000000000000000000000000000000000000000000000000000000000000000000000000000000000000000000000000000000000000000000000000
310
000000000000000000000000000000000000000000000000000000000000000000000000000000000000000000000000000000000000000000000000000000000000000000000000000000000000000000000000000000000000000000000000000F0000000000000000000000000000000000000000000000000000000000
310
00000000000000000000000000000000000000000000000000000000000000000000000000000000000000000000000000000000000000000000000000000000000000000000000000000000000000000000000000000000000000000000000000000000000000000000000000000000000000000000000000000000000000
310
0000000000000000000000000000000000000000000000000000000000000000000000000000000000000000000000000000000000000000000000000000000000000000000000000000000000000000000000000000000000000000000000000000000F000000000000000000000000000000000000000000000000000000
310
00000000000000000000000000000000000000000000000000000000000000000000000000000000000000000000000000000000000000000000000000000000000000000000000000000000000000000000000000000000000000000000000000000000000000000000000000000000000000000000000000000000000000
310
00000000000000000000000000000000000000000000000000000000000000000000000000000000000000000000000000000000000000000000000000000000000000000000000000000000000000000000000000000000000000000000000000000000000F00000000000000000000000000000000000000000000000000
310
00000000000000000000000000000000000000000000000000000000000000000000000000000000000000000000000000000000000000000000000000000000000000000000000000000000000000000000000000000000000000000000000000000000000000000000000000000000000000000000000000000000000000
310
000000000000000000000000000000000000000000000000000000000000000000000000000000000000000000000000000000000000000000000000000000000000000000000000000000000000000000000000000000000000000000000000000000000000000F0000000000000000000000000000000000000000000000
310
00000000000000000000000000000000000000000000000000000000000000000000000000000000000000000000000000000000000000000000000000000000000000000000000000000000000000000000000000000000000000000000000000000000000000000000000000000000000000000000000000000000000000
310
0000000000000000000000000000000000000000000000000000000000000000000000000000000000000000000000000000000000000000000000000000000000000000000000000000000000000000000000000000000000000000000000000000000000000000000F000000000000000000000000000000000000000000
310
00000000000000000000000000000000000000000000000000000000000000000000000000000000000000000000000000000000000000000000000000000000000000000000000000000000000000000000000000000000000000000000000000000000000000000000000000000000000000000000000000000000000000
310
00000000000000000000000000000000000000000000000000000000000000000000000000000000000000000000000000000000000000000000000000000000000000000000000000000000000000000000000000000000000000000000000000000000000000000000000F00000000000000000000000000000000000000
310
00000000000000000000000000000000000000000000000000000000000000000000000000000000000000000000000000000000000000000000000000000000000000000000000000000000000000000000000000000000000000000000000000000000000000000000000000000000000000000000000000000000000000
310
000000000000000000000000000000000000000000000000000000000000000000000000000000000000000000000000000000000000000000000000000000000000000000000000000000000000000000000000000000000000000000000000000000000000000000000000000F0000000000000000000000000000000000
310
00000000000000000000000000000000000000000000000000000000000000000000000000000000000000000000000000000000000000000000000000000000000000000000000000000000000000000000000000000000000000000000000000000000000000000000000000000000000000000000000000000000000000
310
0000000000000000000000000000000000000000000000000000000000000000000000000000000000000000000000000000000000000000000000000000000000000000000000000000000000000000000000000000000000000000000000000000000000000000000000000000000F000000000000000000000000000000
310
00000000000000000000000000000000000000000000000000000000000000000000000000000000000000000000000000000000000000000000000000000000000000000000000000000000000000000000000000000000000000000000000000000000000000000000000000000000000000000000000000000000000000
310
00000000000000000000000000000000000000000000000000000000000000000000000000000000000000000000000000000000000000000000000000000000000000000000000000000000000000000000000000000000000000000000000000000000000000000000000000000000000F00000000000000000000000000
310
00000000000000000000000000000000000000000000000000000000000000000000000000000000000000000000000000000000000000000000000000000000000000000000000000000000000000000000000000000000000000000000000000000000000000000000000000000000000000000000000000000000000000
310
000000000000000000000000000000000000000000000000000000000000000000000000000000000000000000000000000000000000000000000000000000000000000000000000000000000000000000000000000000000000000000000000000000000000000000000000000000000000000F0000000000000000000000
310
00000000000000000000000000000000000000000000000000000000000000000000000000000000000000000000000000000000000000000000000000000000000000000000000000000000000000000000000000000000000000000000000000000000000000000000000000000000000000000000000000000000000000
310
0000000000000000000000000000000000000000000000000000000000000000000000000000000000000000000000000000000000000000000000000000000000000000000000000000000000000000000000000000000000000000000000000000000000000000000000000000000000000000000F000000000000000000
310
00000000000000000000000000000000000000000000000000000000000000000000000000000000000000000000000000000000000000000000000000000000000000000000000000000000000000000000000000000000000000000000000000000000000000000000000000000000000000000000000000000000000000
310
00000000000000000000000000000000000000000000000000000000000000000000000000000000000000000000000000000000000000000000000000000000000000000000000000000000000000000000000000000000000000000000000000000000000000000000000000000000000000000000000F00000000000000
310
00000000000000000000000000000000000000000000000000000000000000000000000000000000000000000000000000000000000000000000000000000000000000000000000000000000000000000000000000000000000000000000000000000000000000000000000000000000000000000000000000000000000000
310
000000000000000000000000000000000000000000000000000000000000000000000000000000000000000000000000000000000000000000000000000000000000000000000000000000000000000000000000000000000000000000000000000000000000000000000000000000000000000000000000000F0000000000
310
00000000000000000000000000000000000000000000000000000000000000000000000000000000000000000000000000000000000000000000000000000000000000000000000000000000000000000000000000000000000000000000000000000000000000000000000000000000000000000000000000000000000000
310
0000000000000000000000000000000000000000000000000000000000000000000000000000000000000000000000000000000000000000000000000000000000000000000000000000000000000000000000000000000000000000000000000000000000000000000000000000000000000000000000000000000F000000
310
00000000000000000000000000000000000000000000000000000000000000000000000000000000000000000000000000000000000000000000000000000000000000000000000000000000000000000000000000000000000000000000000000000000000000000000000000000000000000000000000000000000000000
310
00000000000000000000000000000000000000000000000000000000000000000000000000000000000000000000000000000000000000000000000000000000000000000000000000000000000000000000000000000000000000000000000000000000000000000000000000000000000000000000000000000000000F00
310
00000000000000000000000000000000000000000000000000000000000000000000000000000000000000000000000000000000000000000000000000000000000000000000000000000000000000000000000000000000000000000000000000000000000000000000000000000000000000000000000000000000000000
310
00000000000000000000000000000000000000000000000000000000000000000000000000000000000000000000000000000000000000000000000000000000000000000000000000000000000000000000000000000000000000000000000000000000000000000000000000000000000000000000000000000000000000
310
0F000000000000000000000000000000000000000000000000000000000000000000000000000000000000000000000000000000000000000000000000000000000000000000000000000000000000000000000000000000000000000000000000000000000000000000000000000000000000000000000000000000000000
310
00000000000000000000000000000000000000000000000000000000000000000000000000000000000000000000000000000000000000000000000000000000000000000000000000000000000000000000000000000000000000000000000000000000000000000000000000000000000000000000000000000000000000
310
00000F00000000000000000000000000000000000000000000000000000000000000000000000000000000000000000000000000000000000000000000000000000000000000000000000000000000000000000000000000000000000000000000000000000000000000000000000000000000000000000000000000000000
310
00000000000000000000000000000000000000000000000000000000000000000000000000000000000000000000000000000000000000000000000000000000000000000000000000000000000000000000000000000000000000000000000000000000000000000000000000000000000000000000000000000000000000
310
000000000F0000000000000000000000000000000000000000000000000000000000000000000000000000000000000000000000000000000000000000000000000000000000000000000000000000000000000000000000000000000000000000000000000000000000000000000000000000000000000000000000000000
310
00000000000000000000000000000000000000000000000000000000000000000000000000000000000000000000000000000000000000000000000000000000000000000000000000000000000000000000000000000000000000000000000000000000000000000000000000000000000000000000000000000000000000
310
0000000000000F000000000000000000000000000000000000000000000000000000000000000000000000000000000000000000000000000000000000000000000000000000000000000000000000000000000000000000000000000000000000000000000000000000000000000000000000000000000000000000000000
310
00000000000000000000000000000000000000000000000000000000000000000000000000000000000000000000000000000000000000000000000000000000000000000000000000000000000000000000000000000000000000000000000000000000000000000000000000000000000000000000000000000000000000
310
00000000000000000F00000000000000000000000000000000000000000000000000000000000000000000000000000000000000000000000000000000000000000000000000000000000000000000000000000000000000000000000000000000000000000000000000000000000000000000000000000000000000000000
310
00000000000000000000000000000000000000000000000000000000000000000000000000000000000000000000000000000000000000000000000000000000000000000000000000000000000000000000000000000000000000000000000000000000000000000000000000000000000000000000000000000000000000
310
000000000000000000000F0000000000000000000000000000000000000000000000000000000000000000000000000000000000000000000000000000000000000000000000000000000000000000000000000000000000000000000000000000000000000000000000000000000000000000000000000000000000000000
310
00000000000000000000000000000000000000000000000000000000000000000000000000000000000000000000000000000000000000000000000000000000000000000000000000000000000000000000000000000000000000000000000000000000000000000000000000000000000000000000000000000000000000
310
00000000000F0F0F0F0F0F0F0F000000000000000000000000000000000000000000000000000000000000000000000000000000000000000000000000000000000000000000000000000000000000000000000000000000000000000000000000000000000000000000000000000000000000000000000000000000000000
310
00000000000000000000000000000000000000000000000000000000000000000000000000000000000000000000000000000000000000000000000000000000000000000000000000000000000000000000000000000000000000000000000000000000000000000000000000000000000000000000000000000000000000
310
00000000000000000000000000000000000000000000000000000000000000000000000000000000000000000000000000000000000000000000000000000000000000000000000000000000000000000000000000000000000000000000000000000000000000000000000000000000000000000000000000000000000000
310
00000000000000000000000000000000000000000000000000000000000000000000000000000000000000000000000000000000000000000000000000000000000000000000000000000000000000000000000000000000000000000000000000000000000000000000000000000000000000000000000000000000000000
310
00000000000000000000000000000000000000000000000000000000000000000000000000000000000000000000000000000000000000000000000000000000000000000000000000000000000000000000000000000000000000000000000000000000000000000000000000000000000000000000000000000000000000
310
00000000000000000000000000000000000000000000000000000000000000000000000000000000000000000000000000000000000000000000000000000000000000000000000000000000000000000000000000000000000000000000000000000000000000000000000000000000000000000000000000000000000000
310
00000000000000000000000000000000000000000000000000000000000000000000000000000000000000000000000000000000000000000000000000000000000000000000000000000000000000000000000000000000000000000000000000000000000000000000000000000000000000000000000000000000000000
310
00000000000000000000000000000000000000000000000000000000000000000000000000000000000000000000000000000000000000000000000000000000000000000000000000000000000000000000000000000000000000000000000000000000000000000000000000000000000000000000000000000000000000
310
00000000000000000000000000000000000000000000000000000000000000000000000000000000000000000000000000000000000000000000000000000000000000000000000000000000000000000000000000000000000000000000000000000000000000000000000000000000000000000000000000000000000000
310
00000000000000000000000000000000000000000000000000000000000000000000000000000000000000000000000000000000000000000000000000000000000000000000000000000000000000000000000000000000000000000000000000000000000000000000000000000000000000000000000000000000000000
310
00000000000000000000000000000000000000000000000000000000000000000000000000000000000000000000000000000000000000000000000000000000000000000000000000000000000000000000000000000000000000000000000000000000000000000000000000000000000000000000000000000000000000
310
00000000000000000000000000000000000000000000000000000000000000000000000000000000000000000000000000000000000000000000000000000000000000000000000000000000000000000000000000000000000000000000000000000000000000000000000000000000000000000000000000000000000000
310
00000000000000000000000000000000000000000000000000000000000000000000000000000000000000000000000000000000000000000000000000000000000000000000000000000000000000000000000000000000000000000000000000000000000000000000000000000000000000000000000000000000000000
310
00000000000000000000000000000000000000000000000000000000000000000000000000000000000000000000000000000000000000000000000000000000000000000000000000000000000000000000000000000000000000000000000000000000000000000000000000000000000000000000000000000000000000
310
00000000000000000000000000000000000000000000000000000000000000000000000000000000000000000000000000000000000000000000000000000000000000000000000000000000000000000000000000000000000000000000000000000000000000000000000000000000000000000000000000000000000000
310
00000000000000000000000000000000000000000000000000000000000000000000000000000000000000000000000000000000000000000000000000000000000000000000000000000000000000000000000000000000000000000000000000000000000000000000000000000000000000000000000000000000000000
310
00000000000000000000000000000000000000000000000000000000000000000000000000000000000000000000000000000000000000000000000000000000000000000000000000000000000000000000000000000000000000000000000000000000000000000000000000000000000000000000000000000000000000
310
00000000000000000000000000000000000000000000000000000000000000000000000000000000000000000000000000000000000000000000000000000000000000000000000000000000000000000000000000000000000000000000000000000000000000000000000000000000000000000000000000000000000000
310
00000000000000000000000000000000000000000000000000000000000000000000000000000000000000000000000000000000000000000000000000000000000000000000000000000000000000000000000000000000000000000000000000000000000000000000000000000000000000000000000000000000000000
310
00000000000000000000000000000000000000000000000000000000000000000000000000000000000000000000000000000000000000000000000000000000000000000000000000000000000000000000000000000000000000000000000000000000000000000000000000000000000000000000000000000000000000
310
00000000000000000000000000000000000000000000000000000000000000000000000000000000000000000000000000000000000000000000000000000000000000000000000000000000000000000000000000000000000000000000000000000000000000000000000000000000000000000000000000000000000000
310
00000000000000000000000000000000000000000000000000000000000000000000000000000000000000000000000000000000000000000000000000000000000000000000000000000000000000000000000000000000000000000000000000000000000000000000000000000000000000000000000000000000000000
310
00000000000000000000000000000000000000000000000000000000000000000000000000000000000000000000000000000000000000000000000000000000000000000000000000000000000000000000000000000000000000000000000000000000000000000000000000000000000000000000000000000000000000
310
00000000000000000000000000000000000000000000000000000000000000000000000000000000000000000000000000000000000000000000000000000000000000000000000000000000000000000000000000000000000000000000000000000000000000000000000000000000000000000000000000000000000000
310
00000000000000000000000000000000000000000000000000000000000000000000000000000000000000000000000000000000000000000000000000000000000000000000000000000000000000000000000000000000000000000000000000000000000000000000000000000000000000000000000000000000000000
310
00000000000000000000000000000000000000000000000000000000000000000000000000000000000000000000000000000000000000000000000000000000000000000000000000000000000000000000000000000000000000000000000000000000000000000000000000000000000000000000000000000000000000
310
00000000000000000000000000000000000000000000000000000000000000000000000000000000000000000000000000000000000000000000000000000000000000000000000000000000000000000000000000000000000000000000000000000000000000000000000000000000000000000000000000000000000000
310
00000000000000000000000000000000000000000000000000000000000000000000000000000000000000000000000000000000000000000000000000000000000000000000000000000000000000000000000000000000000000000000000000000000000000000000000000000000000000000000000000000000000000
310
00000000000000000000000000000000000000000000000000000000000000000000000000000000000000000000000000000000000000000000000000000000000000000000000000000000000000000000000000000000000000000000000000000000000000000000000000000000000000000000000000000000000000
310
00000000000000000000000000000000000000000000000000000000000000000000000000000000000000000000000000000000000000000000000000000000000000000000000000000000000000000000000000000000000000000000000000000000000000000000000000000000000000000000000000000000000000
310
00000000000000000000000000000000000000000000000000000000000000000000000000000000000000000000000000000000000000000000000000000000000000000000000000000000000000000000000000000000000000000000000000000000000000000000000000000000000000000000000000000000000000
310
00000000000000000000000000000000000000000000000000000000000000000000000000000000000000000000000000000000000000000000000000000000000000000000000000000000000000000000000000000000000000000000000000000000000000000000000000000000000000000000000000000000000000
310
00000000000000000000000000000000000000000000000000000000000000000000000000000000000000000000000000000000000000000000000000000000000000000000000000000000000000000000000000000000000000000000000000000000000000000000000000000000000000000000000000000000000000
310
00000000000000000000000000000000000000000000000000000000000000000000000000000000000000000000000000000000000000000000000000000000000000000000000000000000000000000000000000000000000000000000000000000000000000000000000000000000000000000000000000000000000000
310
00000000000000000000000000000000000000000000000000000000000000000000000000000000000000000000000000000000000000000000000000000000000000000000000000000000000000000000000000000000000000000000000000000000000000000000000000000000000000000000000000000000000000
310
00000000000000000000000000000000000000000000000000000000000000000000000000000000000000000000000000000000000000000000000000000000000000000000000000000000000000000000000000000000000000000000000000000000000000000000000000000000000000000000000000000000000000
310
00000000000000000000000000000000000000000000000000000000000000000000000000000000000000000000000000000000000000000000000000000000000000000000000000000000000000000000000000000000000000000000000000000000000000000000000000000000000000000000000000000000000000
310
00000000000000000000000000000000000000000000000000000000000000000000000000000000000000000000000000000000000000000000000000000000000000000000000000000000000000000000000000000000000000000000000000000000000000000000000000000000000000000000000000000000000000
310
00000000000000000000000000000000000000000000000000000000000000000000000000000000000000000000000000000000000000000000000000000000000000000000000000000000000000000000000000000000000000000000000000000000000000000000000000000000000000000000000000000000000000
310
00000000000000000000000000000000000000000000000000000000000000000000000000000000000000000000000000000000000000000000000000000000000000000000000000000000000000000000000000000000000000000000000000000000000000000000000000000000000000000000000000000000000000
310
00000000000000000000000000000000000000000000000000000000000000000000000000000000000000000000000000000000000000000000000000000000000000000000000000000000000000000000000000000000000000000000000000000000000000000000000000000000000000000000000000000000000000
310
00000000000000000000000000000000000000000000000000000000000000000000000000000000000000000000000000000000000000000000000000000000000000000000000000000000000000000000000000000000000000000000000000000000000000000000000000000000000000000000000000000000000000
310
00000000000000000000000000000000000000000000000000000000000000000000000000000000000000000000000000000000000000000000000000000000000000000000000000000000000000000000000000000000000000000000000000000000000000000000000000000000000000000000000000000000000000
310
00000000000000000000000000000000000000000000000000000000000000000000000000000000000000000000000000000000000000000000000000000000000000000000000000000000000000000000000000000000000000000000000000000000000000000000000000000000000000000000000000000000000000
310
00000000000000000000000000000000000000000000000000000000000000000000000000000000000000000000000000000000000000000000000000000000000000000000000000000000000000000000000000000000000000000000000000000000000000000000000000000000000000000000000000000000000000
310
00000000000000000000000000000000000000000000000000000000000000000000000000000000000000000000000000000000000000000000000000000000000000000000000000000000000000000000000000000000000000000000000000000000000000000000000000000000000000000000000000000000000000
310
00000000000000000000000000000000000000000000000000000000000000000000000000000000000000000000000000000000000000000000000000000000000000000000000000000000000000000000000000000000000000000000000000000000000000000000000000000000000000000000000000000000000000
310
00000000000000000000000000000000000000000000000000000000000000000000000000000000000000000000000000000000000000000000000000000000000000000000000000000000000000000000000000000000000000000000000000000000000000000000000000000000000000000000000000000000000000
310
0000000000000000000000000000000000000000000000000000000000000000000000000000000000000000000000000000000000000000000000000000000000000000000000000000000000000000000000000000000000000000000000000000BEF5F5F5F5F5F5F5F5F5F5F5F5F5F5F5F5F5F5F5F5F5F5F5F5F5F5F5F5
310
F5F5F5F5F5F5F5F5F5F5F5F5F5F5F5F5F5F5F5F5F5F5F5F5F5F5F5F5F5F5F5F5F5F5F5F5F5F5F5F5F5F5F5F5F5F5F5F5F5F5F5F5F5F5F5F5F5F5F5F5F5F5F5F5F5F5F5F5F5F5F5F5F5F5F5F5F5F5F5F5F5F5F5F5F5F5F5F5F5F5F5F5F5F5F5F5F5F5F5F5F5F5F5F5F5F5F5F5BE000000000000000000000000000000000000
310
00000000000000000000000000000000000000000000000000000000000000000000000000000000000000000000000000000000000000000000000000000000000000000000000000000000000000000000000000000000000000000000000000000000BE0000000000000000000000000000000000000000000000000000
310
0000000000000000000000000000000000000000000000000000000000000000000000000000000000000000000000000000000000000000000000000000000000000000000000000000000000000000000000000000000000000000000000000000000000000000000000000000BE00000000000000000000000000000000
310
000000000000000000000000000000000000000000000000000000000000000000000000000000000000000000000000000000000000000000000000000000000000000000000000000000000000000000000000000000000000000000000000000000000000BEBEBEBEBEBEBEBEBEBEBEBEBEBEBEBEBEBEBEBEBEBEBEBEBE
310
BEBEBEBEBEBEBEBEBEBEBEBEBEBEBEBEBEBEBEBEBEBEBEBEBEBEBEBEBEBEBEBEBEBEBEBEBEBEBEBEBEBEBEBEBEBEBEBEBEBEBEBEBEBEBEBEBEBEBEBEBEBEBEBEBEBEBEBEBEBEBEBEBEBEBEBEBEBEBEBEBEBEBEBEBEBEBEBEBEBEBEBEBEBEBEBEBEBEBEBEBEBEBEBEBEBEBEBEBEBEBEBEBE0000000000000000000000000000
310
0000000000000000000000000000000000000000000000000000000000000000000000000000000000000000000000000000000000000000000000000000000000000000000000000000000000000000000000000000000000000000000000000000000000000000BE00000000000000000000000000000000000000000000
310
000000000000000000000000000000000000000000000000000000000000000000000000000000000000000000000000000000000000000000000000000000000000000000000000000000000000000000000000000000000000000000000000000000000000000000000000000000000000BE000000000000000000000000
310
00000000000000000000000000000000000000000000000000000000000000000000000000000000000000000000000000000000000000000000000000000000000000000000000000000000000000000000000000000000000000000000000000000000000000000000BE0000000000000000000000000000000000000000
310
0000000000000000000000000000000000000000000000000000000000000000000000000000000000000000000000000000000000000000000000000000000000000000000000000000000000000000000000000000000000000000000000000000000000000000000000000000000000000000BE00000000000000000000
310
000000000000000000000000000000000000000000000000000000000000000000000000000000000000000000000000000000000000000000000000000000000000000000000000000000000000000000000000000000000000000000000000000000000000000000000000BE000000000000000000000000000000000000
310
00000000000000000000000000000000000000000000000000000000000000000000000000000000000000000000000000000000000000000000000000000000000000000000000000000000000000000000000000000000000000000000000000000000000000000000000000000000000000000000BE0000000000000000
310
0000000000000000000000000000000000000000000000000000000000000000000000000000000000000000000000000000000000000000000000000000000000000000000000000000000000000000000000000000000000000000000000000000000000000000000000000000BE00000000000000000000000000000000
310
000000000000000000000000000000000000000000000000000000000000000000000000000000000000000000000000000000000000000000000000000000000000000000000000000000000000000000000000000000000000000000000000000000000000000000000000000000000000000000000000BE000000000000
310
00000000000000000000000000000000000000000000000000000000000000000000000000000000000000000000000000000000000000000000000000000000000000000000000000000000000000000000000000000000000000000000000000000000000000000000000000000000BE0000000000000000000000000000
310
0000000000000000000000000000000000000000000000000000000000000000000000000000000000000000000000000000000000282800000000000000000000000000000000000000000000000000000000000000000000000000000000000000000000000000000000000000000000000000000000000000BE00000000
310
000000000000000000000000000000000000000000000000000000000000000000000000000000000000000000000000000000000000000000000000000000000000000000000000000000000000000000000000000000000000000000000000000000000000000000000000000000000000BE000000000000000000000000
310
00000000000000000000000000000000000000000000000000000000000000000000000000000000000000000000000000000000000000000000000000000000000000000000000000000000000000000000000000000000000000000000000000000000000000000000000000000000000000000000000000000000BE0000
310
0000000000000000000000000000000000000000000000000000000000000000000000000000000000000000000000000000000000000000000000000000000000000000000000000000000000000000000000000000000000000000000000000000000000000000000000000000000000000000BEBEBEBEBEBEBEBEBEBEBE
310
BEBEBEBEBEBEBEBEBEBEBEBEBEBEBEBEBEBEBEBEBEBEBEBEBEBEBEBEBEBEBEBEBEBEBEBEBEBEBEBEBEBEBEBEBEBEBEBEBEBEBEBEBEBEBEBEBEBEBEBEBEBEBEBEBEBEBEBEBEBEBEBEBEBEBEBEBEBEBEBEBEBEBEBEBEBEBEBEBEBEBEBEBEBEBEBEBEBEBEBEBEBEBEBEBEBEBEBEBEBEBEBEBEBEBEBEBEBEBEBEBEBEBEBEBEBEBE
310
00000000000000000000000000000000000000000000000000000000000000000000000000000000000000000000000000000000000000000000000000000000000000000000000000000000000000000000000000000000000000000000000000000000000000000000000000000000000000000000BE0000000000000000
310
00000000000000000000000000000000000000000000000000000000000000000000000000000000000000000000000000000000000000000000000000000000000000000000000000000000000000000000000000000000000000000000000000000000000000000000000000000000000000000000000000000000000000
310
00BE00000000000000000000000000000000000000000000000000000000000000000000000000000000000000000000000000000000000000000000000000000000000000000000000000000000000000000000000000000000000000000000000000000000000000000000000000000000000000000000BE000000000000
310
00000000000000000000000000000000000000000000000000000000000000000000000000000000000000000000000000000000000000000000000000000000000000000000000000000000000000000000000000000000000000000000000000000000000000000000000000000000000000000000000000000000000000
310
000000BE00000000000000000000000000000000000000000000000000000000000000000000000000000000000000000000000000000000000000000000000000000000000000000000000000000000000000000000000000000000000000000000000000000000000000000000000000000000000000000000BE00000000
310
00000000000000000000000000000000000000000000000000000000000000000000000000000000000000000000000000000000000000000000000000000000000000000000000000000000000000000000000000000000000000000000000000000000000000000000000000000000000000000000000000000000000000
310
0000000000BE00000000000000000000000000000000000000000000000000000000000000000000000000000000000000000000000000000000000000000000000000000000000000000000000000000000000000000000000000000000000000000000000000000000000000000000000000000000000000000000BE0000
310
00000000000000000000000000000000000000000000000000000000000000000000000000000000000000000000000000000000000000000000000000000000000000000000000000000000000000000000000000000000000000000000000000000000000000000000000000000000000000000000000000000000000000
310
00000000000000BE00000000000000000000000000000000000000000000000000000000000000000000000000000000000000000000000000000000000000000000000000000000000000000000000000000000000000000000000000000000000000000000000000000000000000000000000000000000000000000000BE
310
00000000000000000000000000000000000000000000000000000000000000000000000000000000000000000000000000000000000000000000000000000000000000000000000000000000000000000000000000000000000000000000000000000000000000000000000000000000000000000000000000000000000000
310
000000000000000000BE000000000000000000000000000000000000000000000000000000000000000000000000000000000000000000000000000000000000000000000000000000000000000000000000000000000000000000000000000000000000000000000000000000000000000000000000000000000000000000
310
00BE0000000000000000000000000000000000000000000000000000000000000000000000000000000000000000000000000000000000000000000000000000000000000000000000000000000000000000000000000000000000000000000000000000000000000000000000000000000000000000000000000000000000
310
0000000000000000000000BE00000000000000000000000000000000000000000000000000000000000000000000000000000000000000000000000000000000000000000000000000000000000000000000000000000000000000000000000000000000000000000000000000000000000000000000000000000000000000
310
000000BE000000000000000000000000000000000000000000000000000000000000000000000000000000000000000000000000000000000000000000000000000000000000000000000000000000000000000000000000000000000000000000000000000000000000000000000000000000000000000000000000000000
310
00000000000000000000000000BE0000000000000000000000000000000000000000000000000000000000000000000000000000000000000000000000000000000000000000000000000000000000000000000000000000000000000000000000000000000000000000000000000000000000000000000000000000000000
310
0000000000BEBEBEBEBEBEBEBEBEBEBEBEBEBEBEBEBEBEBEBEBEBEBEBEBEBEBEBEBEBEBEBEBEBEBEBEBEBEBEBEBEBEBEBEBEBEBEBEBEBEBEBEBEBEBEBEBEBEBEBEBEBEBEBEBEBEBEBEBEBEBEBEBEBEBEBEBEBEBEBEBEBEBEBEBEBEBEBEBEBEBEBEBEBEBEBEBEBEBEBEBEBEBEBEBEBEBEBEBEBEBEBEBEBEBEBEBEBEBEBEBEBE
310
BEBEBEBEBEBEBEBEBEBEBEBEBEBEBEBE000000000000000000000000000000000000000000000000000000000000000000000000000000000000000000000000000000000000000000000000000000000000000000000000000000000000000000000000000000000000000000000000000000000000000000000000000000
310
00000000000000BE0000000000000000000000000000000000000000000000000000000000000000000000000000000000000000000000000000000000000000000000000000000000000000000000000000000000000000000000000000000000000000000000000000000000000000000000000000000000000000000000
310
0000000000000000000000000000000000BE00000000000000000000000000000000000000000000000000000000000000000000000000000000000000000000000000000000000000000000000000000000000000000000000000000000000000000000000000000000000000000000000000000000000000000000000000
310
000000000000000000BE000000000000000000000000000000000000000000000000000000000000000000000000000000000000000000000000000000000000000000000000000000000000000000000000000000000000000000000000000000000000000000000000000000000000000000000000000000000000000000
310
00000000000000000000000000000000000000BE0000000000000000000000000000000000000000000000000000000000000000000000000000000000000000000000000000000000000000000000000000000000000000000000000000000000000000000000000000000000000000000000000000000000000000000000
310
0000000000000000000000BE00000000000000000000000000000000000000000000000000000000000000000000000000000000000000000000000000000000000000000000000000000000000000000000000000000000000000000000000000000000000000000000000000000000000000000000000000000000000000
310
000000000000000000000000000000000000000000BE000000000000000000000000000000000000000000000000000000000000000000000000000000000000000000000000000000000000000000000000000000000000000000000000000000000000000000000000000000000000000000000000000000000000000000
310
00000000000000000000000000BE0000000000000000000000000000000000000000000000000000000000000000000000000000000000000000000000000000000000000000000000000000000000000000000000000000000000000000000000000000000000000000000000000000000000000000000000000000000000
310
0000000000000000000000000000000000000000000000BE00000000000000000000000000000000000000000000000000000000000000000000000000000000000000000000000000000000000000000000000000000000000000000000000000000000000000000000000000000000000000000000000000000000000000
310
000000000000000000000000000000BE000000000000000000000000000000000000000000000000000000000000000000000000000000000000000000000000000000000000000000000000000000000000000000000000000000000000000000000000000000000000000000000000000000000000000000000000000000
310
00000000000000000000000000000000000000000000000000BE0000000000000000000000000000000000000000000000000000000000000000000000000000000000000000000000000000000000000000000000000000000000000000000000000000000000000000000000000000000000000000000000000000000000
310
0000000000000000000000000000000000BE00000000000000000000000000000000000000000000000000000000000000000000000000000000000000000000000000000000000000000000000000000000000000000000000000000000000000000000000000000000000000000000000000000000000000000000000000
310
000000000000000000000000000000000000000000000000000000BE000000000000000000000000000000000000000000000000000000000000000000000000000000000000000000000000000000000000000000000000000000000000000000000000000000000000000000000000000000000000000000000000000000
310
00000000000000000000000000000000000000BE0000000000000000000000000000000000000000000000000000000000000000000000000000000000000000000000000000000000000000000000000000000000000000000000000000000000000000000000000000000000000000000000000000000000000000000000
310
0000000000000000000000000000000000000000000000000000000000BE00000000000000000000000000000000000000000000000000000000000000000000000000000000000000000000000000000000000000000000000000000000000000000000000000000000000000000000000000000000000000000000000000
310
000000000000000000000000000000000000000000BE000000000000000000000000000000000000000000000000000000000000000000000000000000000000000000000000000000000000000000000000000000000000000000000000000000000000000000000000000000000000000000000000000000000000000000
310
00000000000000000000000000000000000000000000000000000000000000BE0000000000000000000000000000000000000000000000000000000000000000000000000000000000000000000000000000000000000000000000000000000000000000000000000000000000000000000000000000000000000000000000
310
0000000000000000000000000000000000000000000000BE00000000000000000000000000000000000000000000000000000000000000000000000000000000000000000000000000000000000000000000000000000000000000000000000000000000000000000000000000000000000000000000000000000000000000
310
000000000000000000000000000000000000000000000000000000000000000000BE000000000000000000000000000000000000000000000000000000000000000000000000000000000000000000000000000000000000000000000000000000000000000000000000000000000000000000000000000000000000000000
310
00000000000000000000000000000000000000000000000000BE0000000000000000000000000000000000000000000000000000000000000000000000000000000000000000000000000000000000000000000000000000000000000000000000000000000000000000000000000000000000000000000000000000000000
310
0000000000000000000000000000000000000000000000000000000000000000000000BE00000000000000000000000000000000000000000000000000000000000000000000000000000000000000000000000000000000000000000000000000000000000000000000000000000000000000000000000000000000000000
310
000000000000000000000000000000000000000000000000000000BE000000000000000000000000000000000000000000000000000000000000000000000000000000000000000000000000000000000000000000000000000000000000000000000000000000000000000000000000000000000000000000000000000000
310
00000000000000000000000000000000000000000000000000000000000000000000000000BE0000000000000000000000000000000000000000000000000000000000000000000000000000000000000000000000000000000000000000000000000000000000000000000000000000000000000000000000000000000000
310
000000000000000000000000000000000000000000000000000000000000BE000000000000000000000000000000000000000000000000000000000000000000000000000000000000000000000000000000000000000000000000000000000000000000000000000000000000000000000000000000000000000000000000
310
000000000000000000000000000000000000000000000000000000000000000000000000000000BE000000000000000000000000000000000000000000000000000000000000000000000000000000000000000000000000000000000000000000000000000000000000000000000000000000000000000000000000000000
310
0000000000000000000000000000000000000000000000000000000000000000BE00000000000000000000000000000000000000000000000000000000000000000000000000000000000000000000000000000000000000000000000000000000000000000000000000000000000000000000000000000000000000000000
310
0000000000000000000000000000000000000000000000000000000000000000000000000000000000BE00000000000000000000000000000000000000000000000000000000000000000000000000000000000000000000000000000000000000000000000000000000000000000000000000000000000000000000000000
310
00000000000000000000000000000000000000000000000000000000000000000000BE0000000000000000000000000000000000000000000000000000000000000000000000000000000000000000000000000000000000000000000000000000000000000000000000000000000000000000000000000000000000000000
310
00000000000000000000000000000000000000000000000000000000000000000000000000000000000000BE0000000000000000000000000000000000000000000000000000000000000000000000000000000000000000000000000000000000000000000000000000000000000000000000000000000000000000000000
310
000000000000000000000000000000000000000000000000000000000000000000000000BE000000000000000000000000000000000000000000000000000000000000000000000000000000000000000000000000000000000000000000000000000000000000000000000000000000000000000000000000000000000000
310
000000000000000000000000000000000000000000000000000000000000000000000000000000000000000000BE000000000000000000000000000000000000000000000000000000000000000000000000000000000000000000000000000000000000000000000000000000000000000000000000000000000000000000
310
00000000000000000000000000000000000000000000000000000000000000000000000000BEBE2D2D2D2D2D2D2D2D2D2D2D2D2D2D2D2D2D2D2D2D2D2D2D2D2D2D2D2D2D2D2D2D2D2D2D2D2D2D2D2D2D2D2D2D2D2D2D2D2D2D2D2D2D2D2D2D2D2D2D2D2D2D2D2D2D2D2D2D2D2D2D2D2D2D2D2D2D2D2D2D2D2D2D2D2D2D2D2D
310
2D2D2D2D2D2D2D2D2D2D2D2D2D2D2D2D2D2D2D2D2D2D2D2D2D2D2D2D2D2D2D2D2D2D2D2D2D2D2D2D2D2D2D2D2D2D2DBE00000000000000000000000000000000000000000000000000000000000000000000000000000000000000000000000000000000000000000000000000000000000000000000000000000000000000
310
0000000000000000000000000000000000000000000000000000000000000000000000000000BEBEBE0000000000000000000000000000000000000000000000000000000000000000000000000000000000000000000000000000000000000000000000000000000000000000000000000000000000000000000000000000
310
00000000000000000000000000000000000000000000000000000000000000000000000000000000000000000000000000BEBE00000000000000000000000000000000000000000000000000000000000000000000000000000000000000000000000000000000000000000000000000000000000000000000000000000000
310
000000000000000000000000000000000000000000000000000000000000000000000000000000BEBE00BE000000000000000000000000000000000000000000000000000000000000000000000000000000000000000000000000000000000000000000000000000000000000000000000000000000000000000000000000
310
000000000000000000000000000000000000000000000000000000000000000000000000000000000000000000000000000000BEBEBE00000000000000000000000000000000000000000000000000000000000000000000000000000000000000000000000000000000000000000000000000000000000000000000000000
310
00000000000000000000000000000000000000000000000000000000000000000000000000000000BEBE00BEBE00000000000000000000000000000000000000000000000000000000000000000000000000000000000000000000000000000000000000000000000000000000000000000000000000000000000000000000
310
0000000000000000000000000000000000000000000000000000000000000000000000000000000000000000000000000000000000BE00BEBE00000000000000000000000000000000000000000000000000000000000000000000000000000000000000000000000000000000000000000000000000000000000000000000
310
0000000000000000000000000000000000000000000000000000000000000000000000000000000000BEBE0000BE000000000000000000000000000000000000000000000000000000000000000000000000000000000000000000000000000000000000000000000000000000000000000000000000000000000000000000
310
00000000000000000000000000000000000000000000000000000000000000000000000000000000000000000000000000000000000000BE0000BEBE00000000000000000000000000000000000000000000000000000000000000000000000000000000000000000000000000000000000000000000000000000000000000
310
000000000000000000000000000000000000000000000000000000000000000000000000000000000000BEBE000000BE00000000000000000000000000000000000000000000000000000000000000000000000000000000000000000000000000000000000000000000000000000000000000000000000000000000000000
310
000000000000000000000000000000000000000000000000000000000000000000000000000000000000000000000000000000000000000000BE000000BEBE00000000000000000000000000000000000000000000000000000000000000000000000000000000000000000000000000000000000000000000000000000000
310
00000000000000000000000000000000000000000000000000000000000000000000000000000000000000BEBE00000000BE0000000000000000000000000000000000000000000000000000000000000000000000000000000000000000000000000000000000000000000000000000000000000000000000000000000000
310
0000000000000000000000000000000000000000000000000000000000000000000000000000000000000000000000000000000000000000000000BE00000000BEBE00000000000000000000000000000000000000000000000000000000000000000000000000000000000000000000000000000000000000000000000000
310
0000000000000000000000000000000000000000000000000000000000000000000000000000000000000000BEBE0000000000BE000000000000000000000000000000000000000000000000000000000000000000000000000000000000000000000000000000000000000000000000000000000000000000000000000000
310
00000000000000000000000000000000000000000000000000000000000000000000000000000000000000000000000000000000000000000000000000BE0000000000BE0000000000000000000000000000000000000000000000000000000000000000000000000000000000000000000000000000000000000000000000
310
000000000000000000000000000000000000000000000000000000000000000000000000000000000000000000BEBE000000000000BE00000000000000000000000000000000000000000000000000000000000000000000000000000000000000000000000000000000000000000000000000000000000000000000000000
310
000000000000000000000000000000000000000000000000000000000000000000000000000000000000000000000000000000000000000000000000000000BE000000000000BE0000000000000000000000000000000000000000000000000000000000000000000000000000000000000000000000000000000000000000
310
00000000000000000000000000000000000000000000000000000000000000000000000000000000000000000000BEBE00000000000000BE0000000000000000000000000000000000000000000000000000000000000000000000000000000000000000000000000000000000000000000000000000000000000000000000
310
0000000000000000000000000000000000000000000000000000000000000000000000000000000000000000000000000000000000000000000000000000000000BE00000000000000BE0000000000000000000000000000000000000000000000000000000000000000000000000000000000000000000000000000000000
310
0000000000000000000000000000000000000000000000000000000000000000000000000000000000000000000000BEBE0000000000000000BE000000000000000000000000000000000000000000000000000000000000000000000000000000000000000000000000000000000000000000000000000000000000000000
310
00000000000000000000000000000000000000000000000000000000000000000000000000000000000000000000000000000000000000000000000000000000000000BE0000000000000000BE0000000000000000000000000000000000000000000000000000000000000000000000000000000000000000000000000000
310
00000000000000000000000000000000000000000000000000000000000000000000000000000000BEBEBEBEBEBEBEBEBEBE000000000000000000BE00000000000000000000000000000000000000000000000000000000000000000000000000000000000000000000000000000000000000000000000000000000000000
310
000000000000000000000000000000000000000000000000000000000000000000000000000000000000000000000000000000000000000000000000000000000000000000BE0000000000000000BEBE0000000000000000000000000000000000000000000000000000000000000000000000000000000000000000000000
310
000000000000000000000000000000000000000000000000000000000000000000000000000000000000BE000000000000000000000000000000000000BE0000000000000000000000000000000000000000000000000000000000000000000000000000000000000000000000000000000000000000000000000000000000
310
0000000000000000000000000000000000000000000000000000000000000000000000000000000000000000000000000000000000000000000000000000000000000000000000BE000000000000000000BEBEBEBEBEBEBEBEBEBE000000000000000000000000000000000000000000000000000000000000000000000000
310
0000000000000000000000000000000000000000000000000000000000000000000000000000000000000000BE000000000000000000000000000000000000BE000000000000000000000000000000000000000000000000000000000000000000000000000000000000000000000000000000000000000000000000000000
310
00000000000000000000000000000000000000000000000000000000000000000000000000000000000000000000000000000000000000000000000000000000000000000000000000BE000000000000000000000000000000000000BE00000000000000000000000000000000000000000000000000000000000000000000
310
00000000000000000000000000000000000000000000000000000000000000000000000000000000000000000000BE000000000000000000000000000000000000BE00000000000000000000000000000000000000000000000000000000000000000000000000000000000000000000000000000000000000000000000000
310
000000000000000000000000000000000000000000000000000000000000000000000000000000000000000000000000000000000000000000000000000000000000000000000000000000BE000000000000000000000000000000000000BE0000000000000000000000000000000000000000000000000000000000000000
310
000000000000000000000000000000000000000000000000000000000000000000000000000000000000000000000000BE000000000000000000000000000000000000BE0000000000000000000000000000000000000000000000000000000000000000000000000000000000000000000000000000000000000000000000
310
0000000000000000000000000000000000000000000000000000000000000000000000000000000000000000000000000000000000000000000000000000000000000000000000000000000000BE000000000000000000000000000000000000BE000000000000000000000000000000000000000000000000000000000000
310
0000000000000000000000000000000000000000000000000000000000000000000000000000000000000000000000000000BE000000000000000000000000000000000000BE000000000000000000000000000000000000000000000000000000000000000000000000000000000000000000000000000000000000000000
310
00000000000000000000000000000000000000000000000000000000000000000000000000000000000000000000000000000000000000000000000000000000000000000000000000000000000000BE000000000000000000000000000000000000BE00000000000000000000000000000000000000000000000000000000
310
00000000000000000000000000000000000000000000000000000000000000000000000000000000000000000000000000000000BEBEBEF5F5F5F5000000000000000000000000BE00000000000000000000000000000000000000000000000000000000000000000000000000000000000000000000000000000000000000
310
000000000000000000000000000000000000000000000000000000000000000000000000000000000000000000000000000000000000000000000000000000000000000000000000000000000000000000BE000000000000000000000000000000000000BE0000000000000000000000000000000000000000000000000000
310
00000000000000000000000000000000000000000000000000000000000000000000000000000000000000000000000000000000000000000000000000F5F5F5F5F5F5F5F500000000F5BEBEBEBEBEBEBEBEBEBEBEBEBEBEBEBEBEBEBEBEBEBEBEBEBEBEBEBEBEBEBEBEBEBEBEBEBEBEBEBEBEBEBEBEBEBEBEBEBEBEBEBEBE
310
BEBEBEBEBEBEBEBEBEBEBEBEBEBEBEBEBEBEBEBEBEBEBEBEBEBEBEBEBEBEBEBEBEBEBEBEBEBEBEBEBEBEBEBEBEBEBEBEBEBEBEBEBEBEBEBEBEBEBEBEBEBEBEBEBEBEBEBEBEBEBEBEBEBEBEBEBEBEBEBEBEBEBEBE0000000000000000F5F5F5F5F5F5F5BEBEBEBE000000000000000000000000000000000000000000000000
310
0000000000000000000000000000000000000000000000000000000000000000000000000000000000000000000000000000000000000000000000000000000000000000000000F5F5F5F5F5000000000000000000000000000000000000000000000000000000000000000000000000000000000000000000000000000000
310
00000000000000000000000000000000000000000000000000000000000000000000000000000000000000000000000000000000000000000000000000000000000000000000000000000000000000000000000000F5F5F5F5F5F5F5F5F5000000000000000000000000000000000000000000000000000000000000000000
310
0000000000000000000000000000000000000000000000000000000000000000000000000000000000000000000000000000000000000000000000000000000000000000000000000000000000F500000000000000000000000000000000000000000000000000000000000000000000000000000000000000000000000000
310
000000000000000000000000000000000000000000000000000000000000000000000000000000000000000000000000000000000000000000000000000000000000000000000000000000000000000000000000000000BE000000000000000000000000000000000000000000000000000000000000000000000000000000
310
00000000000000000000000000000000000000000000000000000000000000000000000000000000000000000000000000000000000000000000000000000000000000000000000000000000000000F5F5F5F5F5F5F5F5F5F5F5F5F5F5F5F5F5F5F5F5F5F5F5F5F5F5F5F5F5F5F5F5F5F5F5F5F5F5F5F5F5F5F5F5F5F5F5F5
310
F5F5F5F5F5F5F5F5F5F5F5F5F5F5F5F5F5F5F5F5F5F5F5F5F5F5F5F5F5F5F5F5F5F5F5F5F5F5F5F5F5F5F5F5F5F5F5F5F5F5F5F5F5F5F5F5F5F5F5F5F5F5F5F5F5F5F5F5F5F5F5F5F5F5F5F5F5F5F5F5F5F5F5F5F5F5F5F5F5F500000000000000000000000000000000000000000000000000000000000000000000000000
310
00000000000000000000000000000000000000000000000000000000000000000000000000000000000000000000000000000000000000000000000000000000000000000000000000000000000000000000000000000000000000000000000000000000000000000000000000000000000000000000000000000000000000
310
00000000000000000000000000000000000000000000000000000000000000000000000000000000000000000000000000000000000000000000000000000000000000000000000000000000000000000000000000000000000000000000000000000000000000000000000000000000000000000000000000000000000000
310
00000000000000000000000000000000000000000000000000000000000000000000000000000000000000000000000000000000000000000000000000000000000000000000000000000000000000000000000000000000000000000000000000000000000000000000000000000000000000000000000000000000000000
310
00000000000000000000000000000000000000000000000000000000000000000000000000000000000000000000000000000000000000000000000000000000000000000000000000000000000000000000000000000000000000000000000000000000000000000000000000000000000000000000000000000000000000
310
00000000000000000000000000000000000000000000000000000000000000000000000000000000000000000000000000000000000000000000000000000000000000000000000000000000000000000000000000000000000000000000000000000000000000000000000000000000000000000000000000000000000000
310
00000000000000000000000000000000000000000000000000000000000000000000000000000000000000000000000000000000000000000000000000000000000000000000000000000000000000000000000000000000000000000000000000000000000000000000000000000000000000000000000000000000000000
310
00000000000000000000000000000000000000000000000000000000000000000000000000000000000000000000000000000000000000000000000000000000000000000000000000000000000000000000000000000000000000000000000000000000000000000000000000000000000000000000000000000000000000
310
00000000000000000000000000000000000000000000000000000000000000000000000000000000000000000000000000000000000000000000000000000000000000000000000000000000000000000000000000000000000000000000000000000000000000000000000000000000000000000000000000000000000000
310
00000000000000000000000000000000000000000000000000000000000000000000000000000000000000000000000000000000000000000000000000000000000000000000000000000000000000000000000000000000000000000000000000000000000000000000000000000000000000000000000000000000000000
310
00000000000000000000000000000000000000000000000000000000000000000000000000000000000000000000000000000000000000000000000000000000000000000000000000000000000000000000000000000000000000000000000000000000000000000000000000000000000000000000000000000000000000
310
00000000000000000000000000000000000000000000000000000000000000000000000000000000000000000000000000000000000000000000000000000000000000000000000000000000000000000000000000000000000000000000000000000000000000000000000000000000000000000000000000000000000000
310
00000000000000000000000000000000000000000000000000000000000000000000000000000000000000000000000000000000000000000000000000000000000000000000000000000000000000000000000000000000000000000000000000000000000000000000000000000000000000000000000000000000000000
310
00000000000000000000000000000000000000000000000000000000000000000000000000000000000000000000000000000000000000000000000000000000000000000000000000000000000000000000000000000000000000000000000000000000000000000000000000000000000000000000000000000000000000
310
00000000000000000000000000000000000000000000000000000000000000000000000000000000000000000000000000000000000000000000000000000000000000000000000000000000000000000000000000000000000000000000000000000000000000000000000000000000000000000000000000000000000000
310
00000000000000000000000000000000000000000000000000000000000000000000000000000000000000000000000000000000000000000000000000000000000000000000000000000000000000000000000000000000000000000000000000000000000000000000000000000000000000000000000000000000000000
310
00000000000000000000000000000000000000000000000000000000000000000000000000000000000000000000000000000000000000000000000000000000000000000000000000000000000000000000000000000000000000000000000000000000000000000000000000000000000000000000000000000000000000
310
00000000000000000000000000000000000000000000000000000000000000000000000000000000000000000000000000000000000000000000000000000000000000000000000000000000000000000000000000000000000000000000000000000000000000000000000000000000000000000000000000000000000000
310
00000000000000000000000000000000000000000000000000000000000000000000000000000000000000000000000000000000000000000000000000000000000000000000000000000000000000000000000000000000000000000000000000000000000000000000000000000000000000000000000000000000000000
310
00000000000000000000000000000000000000000000000000000000000000000000000000000000000000000000000000000000000000000000000000000000000000000000000000000000000000000000000000000000000000000000000000000000000000000000000000000000000000000000000000000000000000
310
00000000000000000000000000000000000000000000000000000000000000000000000000000000000000000000000000000000000000000000000000000000000000000000000000000000000000000000000000000000000000000000000000000000000000000000000000000000000000000000000000000000000000
310
00000000000000000000000000000000000000000000000000000000000000000000000000000000000000000000000000000000000000000000000000000000000000000000000000000000000000000000000000000000000000000000000000000000000000000000000000000000000000000000000000000000000000
310
00000000000000000000000000000000000000000000000000000000000000000000000000000000000000000000000000000000000000000000000000000000000000000000000000000000000000000000000000000000000000000000000000000000000000000000000000000000000000000000000000000000000000
310
00000000000000000000000000000000000000000000000000000000000000000000000000000000000000000000000000000000000000000000000000000000000000000000000000000000000000000000000000000000000000000000000000000000000000000000000000000000000000000000000000000000000000
310
00000000000000000000000000000000000000000000000000000000000000000000000000000000000000000000000000000000000000000000000000000000000000000000000000000000000000000000000000000000000000000000000000000000000000000000000000000000000000000000000000000000000000
310
00000000000000000000000000000000000000000000000000000000000000000000000000000000000000000000000000000000000000000000000000000000000000000000000000000000000000000000000000000000000000000000000000000000000000000000000000000000000000000000000000000000000000
310
00000000000000000000000000000000000000000000000000000000000000000000000000000000000000000000000000000000000000000000000000000000000000000000000000000000000000000000000000000000000000000000000000000000000000000000000000000000000000000000000000000000000000
310
00000000000000000000000000000000000000000000000000000000000000000000000000000000000000000000000000000000000000000000000000000000000000000000000000000000000000000000000000000000000000000000000000000000000000000000000000000000000000000000000000000000000000
310
00000000000000000000000000000000000000000000000000000000000000000000000000000000000000000000000000000000000000000000000000000000000000000000000000000000000000000000000000000000000000000000000000000000000000000000000000000000000000000000000000000000000000
310
00000000000000000000000000000000000000000000000000000000000000000000000000000000000000000000000000000000000000000000000000000000000000000000000000000000000000000000000000000000000000000000000000000000000000000000000000000000000000000000000000000000000000
310
00000000000000000000000000000000000000000000000000000000000000000000000000000000000000000000000000000000000000000000000000000000000000000000000000000000000000000000000000000000000000000000000000000000000000000000000000000000000000000000000000000000000000
310
00000000000000000000000000000000000000000000000000000000000000000000000000000000000000000000000000000000000000000000000000000000000000000000000000000000000000000000000000000000000000000000000000000000000000000000000000000000000000000000000000000000000000
310
00000000000000000000000000000000000000000000000000000000000000000000000000000000000000000000000000000000000000000000000000000000000000000000000000000000000000000000000000000000000000000000000000000000000000000000000000000000000000000000000000000000000000
310
00000000000000000000000000000000000000000000000000000000000000000000000000000000000000000000000000000000000000000000000000000000000000000000000000000000000000000000000000000000000000000000000000000000000000000000000000000000000000000000000000000000000000
310
00000000000000000000000000000000000000000000000000000000000000000000000000000000000000000000000000000000000000000000000000000000000000000000000000000000000000000000000000000000000000000000000000000000000000000000000000000000000000000000000000000000000000
310
00000000000000000000000000000000000000000000000000000000000000000000000000000000000000000000000000000000000000000000000000000000000000000000000000000000000000000000000000000000000000000000000000000000000000000000000000000000000000000000000000000000000000
310
00000000000000000000000000000000000000000000000000000000000000000000000000000000000000000000000000000000000000000000000000000000000000000000000000000000000000000000000000000000000000000000000000000000000000000000000000000000000000000000000000000000000000
310
00000000000000000000000000000000000000000000000000000000000000000000000000000000000000000000000000000000000000000000000000000000000000000000000000000000000000000000000000000000000000000000000000000000000000000000000000000000000000000000000000000000000000
310
00000000000000000000000000000000000000000000000000000000000000000000000000000000000000000000000000000000000000000000000000000000000000000000000000000000000000000000000000000000000000000000000000000000000000000000000000000000000000000000000000000000000000
310
00000000000000000000000000000000000000000000000000000000000000000000000000000000000000000000000000000000000000000000000000000000000000000000000000000000000000000000000000000000000000000000000000000000000000000000000000000000000000000000000000000000000000
310
00000000000000000000000000000000000000000000000000000000000000000000000000000000000000000000000000000000000000000000000000000000000000000000000000000000000000000000000000000000000000000000000000000000000000000000000000000000000000000000000000000000000000
310
00000000000000000000000000000000000000000000000000000000000000000000000000000000000000000000000000000000000000000000000000000000000000000000000000000000000000000000000000000000000000000000000000000000000000000000000000000000000000000000000000000000000000
310
00000000000000000000000000000000000000000000000000000000000000000000000000000000000000000000000000000000000000000000000000000000000000000000000000000000000000000000000000000000000000000000000000000000000000000000000000000000000000000000000000000000000000
310
00000000000000000000000000000000000000000000000000000000000000000000000000000000000000000000000000000000000000000000000000000000000000000000000000000000000000000000000000000000000000000000000000000000000000000000000000000000000000000000000000000000000000
310
00000000000000000000000000000000000000000000000000000000000000000000000000000000000000000000000000000000000000000000000000000000000000000000000000000000000000000000000000000000000000000000000000000000000000000000000000000000000000000000000000000000000000
310
00000000000000000000000000000000000000000000000000000000000000000000000000000000000000000000000000000000000000000000000000000000000000000000000000000000000000000000000000000000000000000000000000000000000000000000000000000000000000000000000000000000000000
310
00000000000000000000000000000000000000000000000000000000000000000000000000000000000000000000000000000000000000000000000000000000000000000000000000000000000000000000000000000000000000000000000000000000000000000000000000000000000000000000000000000000000000
310
00000000000000000000000000000000000000000000000000000000000000000000000000000000000000000000000000000000000000000000000000000000000000000000000000000000000000000000000000000000000000000000000000000000000000000000000000000000000000000000000000000000000000
310
00000000000000000000000000000000000000000000000000000000000000000000000000000000000000000000000000000000000000000000000000000000000000000000000000000000000000000000000000000000000000000000000000000000000000000000000000000000000000000000000000000000000000
310
00000000000000000000000000000000000000000000000000000000000000000000000000000000000000000000000000000000000000000000000000000000000000000000000000000000000000000000000000000000000000000000000000000000000000000000000000000000000000000000000000000000000000
310
00000000000000000000000000000000000000000000000000000000000000000000000000000000000000000000000000000000000000000000000000000000000000000000000000000000000000000000000000000000000000000000000000000000000000000000000000000000000000000000000000000000000000
310
00000000000000000000000000000000000000000000000000000000000000000000000000000000000000000000000000000000000000000000000000000000000000000000000000000000000000000000000000000000000000000000000000000000000000000000000000000000000000000000000000000000000000
310
00000000000000000000000000000000000000000000000000000000000000000000000000000000000000000000000000000000000000000000000000000000000000000000000000000000000000000000000000000000000000000000000000000000000000000000000000000000000000000000000000000000000000
310
00000000000000000000000000000000000000000000000000000000000000000000000000000000000000000000000000000000000000000000000000000000000000000000000000000000000000000000000000000000000000000000000000000000000000000000000000000000000000000000000000000000000000
310
00000000000000000000000000000000000000000000000000000000000000000000000000000000000000000000000000000000000000000000000000000000000000000000000000000000000000000000000000000000000000000000000000000000000000000000000000000000000000000000000000000000000000
310
00000000000000000000000000000000000000000000000000000000000000000000000000000000000000000000000000000000000000000000000000000000000000000000000000000000000000000000000000000000000000000000000000000000000000000000000000000000000000000000000000000000000000
310
00000000000000000000000000000000000000000000000000000000000000000000000000000000000000000000000000000000000000000000000000000000000000000000000000000000000000000000000000000000000000000000000000000000000000000000000000000000000000000000000000000000000000
310
00000000000000000000000000000000000000000000000000000000000000000000000000000000000000000000000000000000000000000000000000000000000000000000000000000000000000000000000000000000000000000000000000000000000000000000000000000000000000000000000000000000000000
310
00000000000000000000000000000000000000000000000000000000000000000000000000000000000000000000000000000000000000000000000000000000000000000000000000000000000000000000000000000000000000000000000000000000000000000000000000000000000000000000000000000000000000
310
00000000000000000000000000000000000000000000000000000000000000000000000000000000000000000000000000000000000000000000000000000000000000000000000000000000000000000000000000000000000000000000000000000000000000000000000000000000000000000000000000000000000000
310
00000000000000000000000000000000000000000000000000000000000000000000000000000000000000000000000000000000000000000000000000000000000000000000000000000000000000000000000000000000000000000000000000000000000000000000000000000000000000000000000000000000000000
310
00000000000000000000000000000000000000000000000000000000000000000000000000000000000000000000000000000000000000000000000000000000000000000000000000000000000000000000000000000000000000000000000000000000000000000000000000000000000000000000000000000000000000
310
00000000000000000000000000000000000000000000000000000000000000000000000000000000000000000000000000000000000000000000000000000000000000000000000000000000000000000000000000000000000000000000000000000000000000000000000000000000000000000000000000000000000000
310
00000000000000000000000000000000000000000000000000000000000000000000000000000000000000000000000000000000000000000000000000000000000000000000000000000000000000000000000000000000000000000000000000000000000000000000000000000000000000000000000000000000000000
310
00000000000000000000000000000000000000000000000000000000000000000000000000000000000000000000000000000000000000000000000000000000000000000000000000000000000000000000000000000000000000000000000000000000000000000000000000000000000000000000000000000000000000
310
00000000000000000000000000000000000000000000000000000000000000000000000000000000000000000000000000000000000000000000000000000000000000000000000000000000000000000000000000000000000000000000000000000000000000000000000000000000000000000000000000000000000000
310
00000000000000000000000000000000000000000000000000000000000000000000000000000000000000000000000000000000000000000000000000000000000000000000000000000000000000000000000000000000000000000000000000000000000000000000000000000000000000000000000000000000000000
310
00000000000000000000000000000000000000000000000000000000000000000000000000000000000000000000000000000000000000000000000000000000000000000000000000000000000000000000000000000000000000000000000000000000000000000000000000000000000000000000000000000000000000
310
00000000000000000000000000000000000000000000000000000000000000000000000000000000000000000000000000000000000000000000000000000000000000000000000000000000000000000000000000000000000000000000000000000000000000000000000000000000000000000000000000000000000000
310
00000000000000000000000000000000000000000000000000000000000000000000000000000000000000000000000000000000000000000000000000000000000000000000000000000000000000000000000000000000000000000000000000000000000000000000000000000000000000000000000000000000000000
310
00000000000000000000000000000000000000000000000000000000000000000000000000000000000000000000000000000000000000000000000000000000000000000000000000000000000000000000000000000000000000000000000000000000000000000000000000000000000000000000000000000000000000
310
00000000000000000000000000000000000000000000000000000000000000000000000000000000000000000000000000000000000000000000000000000000000000000000000000000000000000000000000000000000000000000000000000000000000000000000000000000000000000000000000000000000000000
310
00000000000000000000000000000000000000000000000000000000000000000000000000000000000000000000000000000000000000000000000000000000000000000000000000000000000000000000000000000000000000000000000000000000000000000000000000000000000000000000000000000000000000
310
00000000000000000000000000000000000000000000000000000000000000000000000000000000000000000000000000000000000000000000000000000000000000000000000000000000000000000000000000000000000000000000000000000000000000000000000000000000000000000000000000000000000000
310
00000000000000000000000000000000000000000000000000000000000000000000000000000000000000000000000000000000000000000000000000000000000000000000000000000000000000000000000000000000000000000000000000000000000000000000000000000000000000000000000000000000000000
310
00000000000000000000000000000000000000000000000000000000000000000000000000000000000000000000000000000000000000000000000000000000000000000000000000000000000000000000000000000000000000000000000000000000000000000000000000000000000000000000000000000000000000
310
00000000000000000000000000000000000000000000000000000000000000000000000000000000000000000000000000000000000000000000000000000000000000000000000000000000000000000000000000000000000000000000000000000000000000000000000000000000000000000000000000000000000000
310
00000000000000000000000000000000000000000000000000000000000000000000000000000000000000000000000000000000000000000000000000000000000000000000000000000000000000000000000000000000000000000000000000000000000000000000000000000000000000000000000000000000000000
310
00000000000000000000000000000000000000000000000000000000000000000000000000000000000000000000000000000000000000000000000000000000000000000000000000000000000000000000000000000000000000000000000000000000000000000000000000000000000000000000000000000000000000
310
00000000000000000000000000000000000000000000000000000000000000000000000000000000000000000000000000000000000000000000000000000000000000000000000000000000000000000000000000000000000000000000000000000000000000000000000000000000000000000000000000000000000000
310
0000000000000000000000000000000000000000000000000000000000000000000000000000000000000000000000000000000000000000000000000000000000000000000000000000000000000000000000000000000000000000000000BE00000000000000000000000000000000000000000000000000000000000000
310
00000000000000000000000000000000000000000000000000000000000000000000000000000000000000000000000000000000000000000000000000000000000000000000000000000000000000000000000000000000000000000000000000000000000000000000000000000000000000000000000000000000000000
310
00000000000000000000000000000000000000000000000000000000000000000000000000000000000000000000000000000000000000000000000000000000000000000000000000000000000000000000000000000000000000000000000000BE0000000000000000000000000000000000000000000000000000000000
310
00000000000000000000000000000000000000000000000000000000000000000000000000000000000000000000000000000000000000000000000000000000000000000000000000000000000000000000000000000000000000000000000000000000000000000000000000000000000000000000000000000000000000
310
000000000000000000000000000000000000000000000000000000000000000000000000000000000000000000000000000000000000000000000000000000000000000000000000000000000000000000000000000000000000000000000000000000BE000000000000000000000000000000000000000000000000000000
310
00000000000000000000000000000000000000000000000000000000000000000000000000000000000000000000000000000000000000000000000000000000000000000000000000000000000000000000000000000000000000000000000000000000000000000000000000000000000000000000000000000000000000
310
000000000000000000000000000000000000000000000000000000000000000000000000000000000000000000000000000000000000000000000000000000000000000000000000000000000000000000000000000000000000000000000000000000BE00BE00000000000000000000000000000000000000000000000000
310
00000000000000000000000000000000000000000000000000000000000000000000000000000000000000000000000000000000000000000000000000000000000000000000000000000000000000000000000000000000000000000000000000000000000000000000000000000000000000000000000000000000000000
310
000000000000000000000000000000000000000000000000000000000000000000000000000000000000000000000000000000000000000000000000000000000000000000000000000000000000000000000000000000000000000000000000000000000000BEBE0000000000000000000000000000000000000000000000
310
00000000000000000000000000000000000000000000000000000000000000000000000000000000000000000000000000000000000000000000000000000000000000000000000000000000000000000000000000000000000000000000000000000000000000000000000000000000000000000000000000000000BEBEBE
310
BEBEBEBEBEBEBEBEBEBEBEBEBEBEBEBEBEBEBEBEBEBEBEBEBEBEBEBEBEBEBEBEBEBEBEBEBEBEBEBEBEBEBEBEBEBEBEBEBEBEBEBEBEBEBEBEBEBEBEBEBEBEBEBEBEBEBEBEBEBEBEBEBEBEBEBEBEBEBEBEBEBEBEBEBEBEBEBEBEBEBEBEBEBEBEBEBEBEBEBEBEBEBEBEBEBE000000000000000000000000000000000000000000
310
00000000000000000000000000000000000000000000000000000000000000000000000000000000000000000000000000000000000000000000000000000000000000000000000000000000000000000000000000000000000000000000000000000000000000000000000000000000000000000000000000000000000000
310
0000000000000000000000000000000000000000000000000000000000000000000000000000000000000000000000000000000000000000000000000000000000000000000000000000000000000000000000000000000000000000000000000000000000000000000000BEBE000000000000000000000000000000000000
310
00000000000000000000000000000000000000000000000000000000000000000000000000000000000000000000000000000000000000000000000000000000000000000000000000000000000000000000000000000000000000000000000000000000000000000000000000000000000000000000000000000000000000
310
00000000000000000000000000000000000000000000000000000000000000000000000000000000000000000000000000000000000000000000000000000000000000000000000000000000000000000000000000000000000000000000000000000000000000000000000000BE00BE000000000000000000000000000000
310
00000000000000000000000000000000000000000000000000000000000000000000000000000000000000000000000000000000000000000000000000000000000000000000000000000000000000000000000000000000000000000000000000000000000000000000000000000000000000000000000000000000000000
310
0000000000000000000000000000000000000000000000000000000000000000000000000000000000BEBEBEBEBEBE00000000000000000000000000000000000000000000000000000000000000000000000000000000000000000000000000000000000000000000000000000000BE000000000000000000000000000000
310
00000000000000000000000000000000000000000000000000000000000000000000000000000000000000000000000000000000000000000000000000000000000000000000000000000000000000000000000000000000000000000000000000000000000000000000000000000000000000000000000000000000000000
310
0000000000000000000000000000000000000000000000000000000000000000000000000000000000000000BEBE00BE0000000000000000000000000000000000000000000000000000000000000000000000000000000000000000000000000000000000000000000000000000000000BE00000000000000000000000000
310
00000000000000000000000000000000000000000000000000000000000000000000000000000000000000000000000000000000000000000000000000000000000000000000000000000000000000000000000000000000000000000000000000000000000000000000000000000000000000000000000000000000000000
310
000000000000000000000000000000000000000000000000000000000000000000000000000000000000000000BE00BE0000BE00000000000000000000000000000000000000000000000000000000000000000000000000000000000000000000000000000000000000000000000000000000BE0000000000000000000000
310
00000000000000000000000000000000000000000000000000000000000000000000000000000000000000000000000000000000000000000000000000000000000000000000000000000000000000000000000000000000000000000000000000000000000000000000000000000000000000000000000000000000000000
310
0000000000000000000000000000000000000000000000000000000000000000000000000000000000000000000000BEBEBEBEBEBE00000000000000000000000000000000000000000000000000000000000000000000000000000000000000000000000000000000000000000000000000000000BE000000000000000000
310
00000000000000000000000000000000000000000000000000000000000000000000000000000000000000000000000000000000000000000000000000000000000000000000000000000000000000000000000000000000000000000000000000000000000000000000000000000000000000000000000000000000000000
310
0000000000000000000000000000000000000000000000000000000000000000000000000000000000000000BE0000BE0000000000000000000000000000000000000000000000000000000000000000000000000000000000000000000000000000000000000000000000000000000000000000000000BE00000000000000
310
00000000000000000000000000000000000000000000000000000000000000000000000000000000000000000000000000000000000000000000000000000000000000000000000000000000000000000000000000000000000000000000000000000000000000000000000000000000000000000000000000000000000000
310
00000000000000000000000000000000000000000000000000000000000000000000000000000000000000000000BE0000BE00BEBEBEBEBEBEBE000000000000000000000000000000000000000000000000000000000000000000000000000000000000000000000000000000000000000000000000000000BE0000000000
310
00000000000000000000000000000000000000000000000000000000000000000000000000000000000000000000000000000000000000000000000000000000000000000000000000000000000000000000000000000000000000000000000000000000000000000000000000000000000000000000000000000000000000
310
000000000000000000000000000000000000000000000000000000000000000000000000000000000000000000000000BEBE00BE00000000BEBEBE00BEBE00000000000000000000000000000000000000000000000000000000000000000000000000000000000000000000000000000000000000000000000000BE000000
310
00000000000000000000000000000000000000000000000000000000000000000000000000000000000000000000000000000000000000000000000000000000000000000000000000000000000000000000000000000000000000000000000000000000000000000000000000000000000000000000000000000000000000
310
0000000000000000000000000000000000000000000000000000000000000000000000000000000000000000000000000000000000000000BE000000BE00000000000000000000000000000000000000000000000000000000000000000000000000000000000000000000000000000000000000000000000000000000BE00
310
00000000000000000000000000000000000000000000000000000000000000000000000000000000000000000000000000000000000000000000000000000000000000000000000000000000000000000000000000000000000000000000000000000000000000000000000000000000000000000000000000000000000000
310
00000000000000000000000000000000000000000000000000000000000000000000000000000000000000000000000000000000000000000000BE00BEBEBE00000000000000000000000000000000000000000000000000000000000000000000000000000000000000000000000000000000000000000000000000000000
310
BE000000000000000000000000000000000000000000000000000000000000000000000000000000000000000000000000000000000000000000000000000000000000000000000000000000000000000000000000000000000000000000000000000000000000000000000000000000000000000000000000000000000000
310
0000000000000000000000000000000000000000000000000000000000000000000000BEBEBEBE000000000000000000000000000000000000000000BE00BEBE000000000000000000000000000000000000000000000000000000000000000000000000000000000000000000000000000000000000000000000000000000
310
0000BE00000000000000000000000000000000000000000000000000000000000000000000000000000000000000000000000000000000000000000000000000000000000000000000000000000000000000000000000000000000000000000000000000000000000000000000000000000000000000000000000000000000
310
0000000000000000000000000000000000000000000000000000000000000000000000BEBE00000000BEBE000000000000000000000000000000000000000000000000000000000000000000000000000000000000000000000000000000000000000000000000000000000000000000000000000000000000000000000000
310
00000000BE0000000000000000000000000000000000000000000000000000000000000000000000000000000000000000000000000000000000000000000000000000000000000000000000000000000000000000000000000000000000000000000000000000000000000000000000000000000000000000000000000000
310
000000000000000000000000000000000000000000000000000000000000000000000000BE0000000000000000BE000000000000000000000000000000000000000000000000000000000000000000000000000000000000000000000000000000000000000000000000000000000000000000000000000000000000000000
310
000000000000BE000000000000000000000000000000000000000000000000000000000000000000000000000000000000000000000000000000000000000000000000000000000000000000000000000000000000000000000000000000000000000000000000000000000000000000000000000000000000000000000000
310
0000000000000000000000000000000000000000000000000000000000000000000000000000BE0000000000000000BE00000000000000000000000000000000000000000000000000000000000000000000000000000000000000000000000000000000000000000000000000000000000000000000000000000000000000
310
0000000000000000BE00000000000000000000000000000000000000000000000000000000000000000000000000000000000000000000000000000000000000000000000000000000000000000000000000000000000000000000000000000000000000000000000000000000000000000000000000000000000000000000
310
000000000000000000000000000000000000000000000000000000000000000000000000000000BEBE000000BE0000000000BE00000000000000000000000000000000000000000000000000000000000000000000000000000000000000000000000000000000000000000000000000000000000000000000000000000000
310
00000000000000000000BE0000000000000000000000000000000000000000000000000000000000000000000000000000000000000000000000000000000000000000000000000000000000000000000000000000000000000000000000000000000000000000000000000000000000000000000000000000000000000000
310
0000000000000000000000000000000000000000000000000000000000000000000000000000000000BE00000000BE0000000000BE0000000000000000000000000000000000000000000000000000000000000000000000000000000000000000000000000000000000000000000000000000000000000000000000000000
310
000000000000000000000000BE000000000000000000000000000000000000000000000000000000000000000000000000000000000000000000000000000000000000000000000000000000000000000000000000000000000000000000000000000000000000000000000000000000000000000000000000000000000000
310
000000000000000000000000000000000000000000000000000000000000000000
  0
XRECORD
  5
189
102
{ACAD_REACTORS
330
188
102
}
330
188
100
AcDbXrecord
280
     1
 70
     1
 90
429727718
  1
508B35C9-AEE7-456F-BE74-D52651303AC6
310
504B03040A0000080000B670623B3DEE336E79000000790000001B0000006175746F6465736B2D64657369676E2D7061636B6167652E786D6C3C3F786D6C2076657273696F6E3D22312E302220656E636F64696E673D227574662D3822203F3E3C666F726D6174733E3C666F726D61743E687474703A2F2F736368656D612E
310
6175746F6465736B2E636F6D2F64657369676E2D7061636B6167652F323030393C2F666F726D61743E3C2F666F726D6174733E504B0304140006080800B670623BD486FD9CA0000000F4000000130000005B436F6E74656E745F54797065735D2E786D6C7D8EC10E82300C865F65E91D8A1E8C310C0EEA1BF002731658846E
310
D98AC1B77784ABF1D8FE5FBFBF75BBCE937A534CCEB38643598122B6FEE978D0B0485F9C41B54DDD7D022595594E1A469170414C76A4D9A4D207E29CF43ECE46F218070CC6BECC4078ACAA135ACF422C856C0E68EA1BF5669944DDD7BCDE7B1F8E415D77AECB980613C2E4AC91FC167A2B244592486606FC29C8FD7F045B9A
310
EF7053A7E60B504B0304140006080800B670623B28ED286BEB0000007C01000008000000636F72652E786D6C8D90416EC3201045AF82665B6183218D6D61A254764FD00B204C5C94182C03558F5F9C3852BBEB6A467FFE9B197D71FA9E6FE8CBACC17AD7012D0820E3B41FAD9B3A48F1826B40272956EFE32F1B20A766D3C1
310
268314D3EAD3B24BDABB685CCCAAF3A3D94515828980F42D371D04FD696655A814B3235C8B45E9AB9A4C419F5D8653B2237A1CB163DE672FD6AC209BF3C08E0D1B30EB19C3FC9D72FCC6EB231EFA33EDE96BDD341517E5064B11EDFCBCAF57A3A2194156843498524CAA0FCA5B7268F9E185D42D21A2DCEC7FA0B48CFF8492
310
759155FBBB0F2C80A4F991FB408A72CB22977B50B96EB9C91F504B0304140006080800B670623B55019EA25F0000007C00000007000000636E782E786D6C4DCB3B0E80201045D1AD90E915ED2CF8AC45050C11660C8261F98AB1B07AC9C97D42D718D865D3E909258CFD00CCE24AC6E326A164D74DC0B4128928FF32603847
310
2BA13128B1252AC747C6BAB984FC68F0B87FE8960A5C09FE86CFB69FBA01504B0304140006080800B670623B7BC41AC871010000D40300000C0000006662782F636F72652E786D6CC553ED6E8320147D15C2DF4501B56B6D90A64BBB27D80B50A5CE54C120983EFEAE1F4DD7A56BBA5FF3879273EEE59E7310BE393735EA95
310
ED2AA333CC428A91D2B9292A5D66D8BB63B0C26823B835C67D2BC348CB46657880B1E0A535BE9DA1DC68A7B403549B42CDA0EC3AE530CA6B5864B8CB3F552343E91D5474A7B095F949962A6421D0502778E72C0840D390E18DC5F170E664C205F7BE2A66B62A605A75AC94C522DDEEE3651AEF837817C741F2CE92E02D592D
310
83FD6ECB76EC7595A651C2C9D02CB8AB9A8BBADC2AE954814544691A3016D0E883256BBA58278B17BA5A53CAC9507ED3E4DBE2C9265F691747B3DCA9ADC382819091F8E1162272A8933DE82182932144F88C09DF060D8140C84E1EEA8B8F1340BDCA9DB1093085F157AA97B557309586747CD0EF0B4EA64E983A6E0EAEEFCE
310
889E9EF17847386AA94B30211D2C0FDE0D3AF9A4610EAD5536E8DD1969631B593F67E381C33F5157F17725E5A636F6BF1491F980C8FC7B90E13E8A2F504B0304140006080800B670623B70102A487D0000009D0000000B0000006662782F636E782E786D6C4DCCD10A83201886E15B91FFDC95A5C30335ACCDFB886521330D
310
A76397BF1A1DECE883878F57749FD5A3B74D2F17830472A901D9F088930B8B849267CC01754AA418F3DF0D5018572BE160506249B16C274D761E8BCFBB7A179E27F65CB39A0F14D396184C9921B81F34C3ACA1B4B99ABB6E6F062A25AA5F69DF23ACBE504B0304140006080800B670623B3610CA3329010000120200003100
310
00006662782F42384135303843342D343331462D343546312D424341352D3532343432364645413344462F636F72652E786D6C8D515B6EC32010BC0AE22B55850D0E446E848992B43E412FE000495162B07854397EA176A4F62F3F2C9A9D991D58BEBB8F37F0AD7D30CE76905418026DA553C65E3A98E219B510EC04F7CEC5
310
3F3408EC30EA0E16180A7EF12E4D0B249D8DDAC68C5AA7F4020E21E80881BCE54B0783FCD2E3500D296646B856D320AFC34557A4CAEDCC133C449F0380794839A138B47B86DB2345744D7A44594FD0E1B867883594369BFE63BF7EEF793D0B054FC9A8456E548E63CE46FB674D8A58F068C6477CE9F510B582A2C1F80D1182
310
70F349E816B32D65AFB8DD62CCEB42FF274A937A52948C8DEB66893BCB021484D7734370E5D2E9F608A3EF93F3119479ABA0E50B14B8C298119A43CCC4FCFCECB8A18B6388CEE7EF5D5D4F994BD86CBBA182D76543B9FCAE2FD7B24DF103504B0304140006080800B670623B1B8617914E0100003303000030000000666278
310
2F42384135303843342D343331462D343546312D424341352D3532343432364645413344462F636E782E786D6CD593C16EC32010447F0571AD6CE3D489D20813A9877E410FBD62D82434182CC055F3F75D1292E692438FBD206B7698593D61BEFD1E2DF982108D773D6D6B460938E5B571FB9ECE6957AD29D90A1EBC4F7736
310
4A9C1CA1A759A682EF839FA72269D8C9D92654AD71C72206887E0E0A22CAF926B15E498B01E0AA19451807D01A34B919F16B070157417138917400F2F6FA41FCF0092A45DEE414C19BDC21783E4BD39D891265658C3D8DEA00A3ACE59CBC8678ACB54CB26EEB6BD7839D7E9348BE70AD9C8321B9BCA7F9A4A26C542347DEE0
310
50F09802D22BA6749A800A394DD62899107273365E3C82CFC6A55557BC06C10774B7ABE7AEC3B0F34CF06446280E154026D0542C187BA9DAB6628BF7B6DBB0E5A65B3EB1F58631DE64BBE083F7B65CC218087E22CABB042E51D1F2268F1FE12B3EA24D40D63E9CFE00120194D60B9D5BC67FE6D39CDF37E20AF817881F504B
310
0304140006080800B670623BBFEF2E3B690500003C100000340000006662782F42384135303843342D343331462D343546312D424341352D3532343432364645413344462F6F626A656374732E786D6CAD575D739B3814FD2B0CFB0C98D84E931D4227B6938EA793B6534F3BFB90198F0099B001899144EAECAFDF231018B0
310
D37A3FFC609090EEE7B94757C1FB7D915B2F54C88CB31BDB7727B64559CC938CA53776A576CE956DBD0F03C1B9EA2DB32D460A7A63EB693B0C52C1ABD24C257447AA5C8D66EF177F5832A68CDA569C13296F6C193FD182B8A4523CA1F2D94D88226EBADBBBBEDB2C1C8A4D05299F46424B222853B014F30C52ACC6287F389C
310
D85E1878FA7B18E87FB36AFAF62AAFF667A83F635211161F291B8999FAB3D5DDC5FCDA99CF6653677679E13B8BFBC5CAF1DF4D27CBCBE5F2FAF6EE1A8AA51290642C117467871F101B91C581D77CEA2C36869F3229E68CD1B8F61F1ED6361B89092D294B90C78C4A68EB793D190E7D1D9BDEE7A91E1B95FDE9F3BCEAEFE809
310
6A6D6F9F7D4B79F4275C90E7A04248AA51D5C4C738DAE06F72885AC4796EBE65D22A88A22223B995679120E2D50EB1542F098381188D4EA111AE3DB043FF20AF6F2B4AE3D7D83D65E5AECA730D4D3BAC91BD05FEA992B565D95F549CD6069B90AB2A63EACA38A45E4B6A87D781574F86817E4C2FCCC72690D62E2729520E37
310
9BAF234797BAF6D62B3BFC781FED37BA1E4F2B2F052FA9501A3E80569BB8F6A9A364D4FA67654E6F803383981F82F21591FF84F23D9882BC896C3FDBCF8C162508933B2E0AE4C69DD43F6BD2BE38DDDBF10BF86CB4FA784D37F3AF16075E67EC9030DECA1FC0A55373F5DFF3378C591FA9BDF485C10B0A8C8BA909E5262639
310
A8E72163488806A595734C81CB77D1DE0ED7604A303B76913CEC0272F412782FF88EFF4636D8AA56DF7B322474C4B767303F625997056C7B032C473C592B36CEBD15F3F9FF5233B7ABCDC74D257624A60F8658567497B14CE1EC3C80B76FD02011038F9EE9EB0F2E12387A9C844D3F09855125116D1D731DF8B43D2CF4E0A0
310
79A020C6BE946BCE0B7EA1E1219331CD73C228AF5A2DDD31A4B1DA918CE91350854D40A71723140BFA92E94E62B0626016CEFA5864A50E5977E8753CEDBEE1CBB7F52780D20E17AF0BA0F5F9B02A3AD07DCC732EB6D1EBB661421BE0C39E21BABF0FE16D22EA6929407C8DE596724C88B749B6DB5512BC7B228ADFD7CB7EA6
310
3A22397E690BA8D5D8D4E40CEC8CDA23C2C0B7D5898640101CEC9C6D331CE328CB93CAFBBAC70A642DF70DF95155945B52F08AA973C23469FD69ADEF84F7BB18F983A8F8C90E37F5D35980B2139A1C523540813E824EF83448CF7C72B598CE97D7CEEDDDDD3B6736BFBC771677EF66CE6A7E7139F7A793E9EDF2B2B3A8B624
310
0CDA13AA5F8388264EC4A0129909F3B7F5A16CEDF08128E97D680ACA4B9BE7B7B58BB638F0B00700EF36AE8B32A705658A68F83EE897FC2B41573190D1CCAF0B92D233A47CFEB019D9809933F67DD1A5467F8CF69AD9A5AE859342D45355448C64F968A371DC2D596ADC6E43D93D1B466F877A64E2893E54F23C4B40388995
310
525E5005DA3983ED45412510D3EFCA13737B3863F74BD30F2A12E5B4B5E489A025CE25500DB855B11ACE5BBFA185D35DD48D8DC3CE7DC69F2944DB42AA6F6CF09BCA622ADD08C7A36E7C6AE18000BAB08E040135C2D21C9D75B3A91B77BB746C403F38018DFE6EC939DD92F16B40BC05294B9CDA035AAD6D330AE27FE4786B
310
8E45145EA34A75BE1C263A676A35A8ACC6297337400BF16C54EF515F3F77CB77EB3583889C754FFA29081AA98E2222ADEF05DA3E63D2EDEA8B8756C05A7FB6CABC4A91CBF325398202CC952E70A008A830324BA200D5E5EF8F5F04C75DB4B0EE3340E071C98B823333B83577596BF3849B69F2085AA0FAFA212F26BEFF5877
310
FDE622B28D88A42E49E43326DA82D31E8CB006401E1DA726059ECEC168F97A6599036306A135688F9AD2E61A6EA178F4CD51974A9F2CCB9F36FE5EBD14601068D9C3BF01504B0304140006080000B670623B000000000000000000000000350000006662782F42384135303843342D343331462D343546312D424341352D35
310
32343432364645413344462F76657274696365732E62696E504B0304140006080800B670623BF270F1330600000004000000360000006662782F42384135303843342D343331462D343546312D424341352D3532343432364645413344462F747269616E676C65732E62696E636660600000504B0304140006080000B67062
310
3B000000000000000000000000370000006662782F42384135303843342D343331462D343546312D424341352D3532343432364645413344462F617474726962757465732E62696E504B0304140006080800B670623B08DA0BD19000000041010000360000006662782F42384135303843342D343331462D343546312D4243
310
41352D3532343432364645413344462F6469726563746F72792E786D6C858F410AC3201045AF22B36F53E9A60B35CBEEBAE80D244E44489C6234F4F835464A48035D0DF398FF9F8AF63D0E6CC63039F212F8F9020C7D47C6792B21C5FE7403D62A1188E2E60C98D7234A5830286103A55745067B9D86B8A3CF9C7F90C11DE6
310
07FB144396D7B6A82D282E9A152AD114D5EF2CB866EEE831B8EEA07A7BB5A8D7D61A2BAAEB7FD5F70921FF497D00504B0304140006080800B670623B3B4606F3FE000000A00100003B0000006662782F42384135303843342D343331462D343546312D424341352D3532343432364645413344462F7265736F75726365732F
310
636F72652E786D6C8D504B6E833010BD0A9A6D65B08134808CA354A427E8052C332156828DFCA97AFC9A40A576D7CDCCE87D344F8F9FBEE647F689CE6B6B7A6039850C8DB2A336530F315C4903D94970676DF82583CCC8197B5861107C72362E3BA4AC096842428D1D7107A5F71820538F74F4E0D50D6799CB1892C2DFF345
310
AABB9C306779A2934E701F5C0A906D4FD609C2A1B7D129F4BCD858C163D4E3AED163FAA9AF1A1D88F67CA98E6D35906AA82A52BFB39ABCD5CD915C86331BD86BD3B665CD8BD52C78D0F34F46E550061C419494B6843142CB0F5677F4D0D58717DA7494F26295FF31C565FCA7296A13AA728FBBD93C0896823C09C18BB5AFB4
310
9E65A6BD762BBE01504B010214000A0000080000B670623B3DEE336E79000000790000001B00000000000000000000000000000000006175746F6465736B2D64657369676E2D7061636B6167652E786D6C504B01021400140006080800B670623BD486FD9CA0000000F40000001300000000000000000000000000B2000000
310
5B436F6E74656E745F54797065735D2E786D6C504B01021400140006080800B670623B28ED286BEB0000007C010000080000000000000000000000000083010000636F72652E786D6C504B01021400140006080800B670623B55019EA25F0000007C000000070000000000000000000000000094020000636E782E786D6C50
310
4B01021400140006080800B670623B7BC41AC871010000D40300000C00000000000000000000000000180300006662782F636F72652E786D6C504B01021400140006080800B670623B70102A487D0000009D0000000B00000000000000000000000000B30400006662782F636E782E786D6C504B01021400140006080800B6
310
70623B3610CA3329010000120200003100000000000000000000000000590500006662782F42384135303843342D343331462D343546312D424341352D3532343432364645413344462F636F72652E786D6C504B01021400140006080800B670623B1B8617914E010000330300003000000000000000000000000000D10600
310
006662782F42384135303843342D343331462D343546312D424341352D3532343432364645413344462F636E782E786D6C504B01021400140006080800B670623BBFEF2E3B690500003C10000034000000000000000000000000006D0800006662782F42384135303843342D343331462D343546312D424341352D35323434
310
32364645413344462F6F626A656374732E786D6C504B01021400140006080000B670623B0000000000000000000000003500000000000000000000000000280E00006662782F42384135303843342D343331462D343546312D424341352D3532343432364645413344462F76657274696365732E62696E504B010214001400
310
06080800B670623BF270F133060000000400000036000000000000000000000000007B0E00006662782F42384135303843342D343331462D343546312D424341352D3532343432364645413344462F747269616E676C65732E62696E504B01021400140006080000B670623B00000000000000000000000037000000000000
310
00000000000000D50E00006662782F42384135303843342D343331462D343546312D424341352D3532343432364645413344462F617474726962757465732E62696E504B01021400140006080800B670623B08DA0BD1900000004101000036000000000000000000000000002A0F00006662782F42384135303843342D3433
310
31462D343546312D424341352D3532343432364645413344462F6469726563746F72792E786D6C504B01021400140006080800B670623B3B4606F3FE000000A00100003B000000000000000000000000000E1000006662782F42384135303843342D343331462D343546312D424341352D3532343432364645413344462F72
310
65736F75726365732F636F72652E786D6C504B0506000000000E000E0080040000651100000000
  0
XRECORD
  5
187
102
{ACAD_REACTORS
330
186
102
}
330
186
100
AcDbXrecord
280
     1
 70
     1
 90
429727718
  1
887D55A9-D0DD-414E-B741-A7DCD4DA2B4C
310
504B03040A0000080000B670623B3DEE336E79000000790000001B0000006175746F6465736B2D64657369676E2D7061636B6167652E786D6C3C3F786D6C2076657273696F6E3D22312E302220656E636F64696E673D227574662D3822203F3E3C666F726D6174733E3C666F726D61743E687474703A2F2F736368656D612E
310
6175746F6465736B2E636F6D2F64657369676E2D7061636B6167652F323030393C2F666F726D61743E3C2F666F726D6174733E504B0304140006080800B670623BD486FD9CA0000000F4000000130000005B436F6E74656E745F54797065735D2E786D6C7D8EC10E82300C865F65E91D8A1E8C310C0EEA1BF002731658846E
310
D98AC1B77784ABF1D8FE5FBFBF75BBCE937A534CCEB38643598122B6FEE978D0B0485F9C41B54DDD7D022595594E1A469170414C76A4D9A4D207E29CF43ECE46F218070CC6BECC4078ACAA135ACF422C856C0E68EA1BF5669944DDD7BCDE7B1F8E415D77AECB980613C2E4AC91FC167A2B244592486606FC29C8FD7F045B9A
310
EF7053A7E60B504B0304140006080800B670623BBC1638F5EC0000007C01000008000000636F72652E786D6C8D90416EC3201045AF82665B61836BE2D8C24471DB9CA01740401C94182C03558F5F9C3852BBEB6A467FFE9B197D7EF89E6EE8CB2CC17AD7032D0820E394D7D68D3DA478C67B4007C117EFE32F1B202727D3C3
310
2A83E0E3E2D3BC49CABB685CCCAAF3DA6CA20CC14440EA969B1E82BA98491632C5EC08D76296EA2A4753D06797E194AC468F2356E77DF66CCD02825543D50CACC62D39ED70FDC68EB8FD68F6F8787A6784342D1DDA1D2F5758F068A7E77DB518198D065111D2624A31A93E69DD11D6D5EC85EC3B4278B9DAFF4069D6FF8492
310
75F1B5DADE7D600104CD8FDC0782976B16B9DC83CA75CD4DFC00504B0304140006080800B670623B55019EA25F0000007C00000007000000636E782E786D6C4DCB3B0E80201045D1AD90E915ED2CF8AC45050C11660C8261F98AB1B07AC9C97D42D718D865D3E909258CFD00CCE24AC6E326A164D74DC0B4128928FF326038
310
472BA13128B1252AC747C6BAB984FC68F0B87FE8960A5C09FE86CFB69FBA01504B0304140006080800B670623B3586FFB671010000D40300000C0000006662782F636F72652E786D6CC553ED6E8320147D15C2DF4541A76D6D90A6DDD627D80B50A4CE54C120983EFEAE1F4DD7A55BBA5FF3879273EEE59E7310B6393735EA
310
95ED2AA3731C851423A5A5292A5DE6D8BB63B0C268C39935C67D29C3488B46E578803167A535BE9D2169B453DA01AA4DA16650749D7218C91A1639EEE4876A4428BC838AEE14B6429E44A9C228041AEA38EB9C0501681A32BC313F1ECE8C4C3867DE57C5CC56054CAB8E95B298A7F12E5EEED224C8E87E11242FE936C8DE96
310
AB60BB7F4D295D66D12E5B30323473E6AAE6A24E5A259C2A308F29CD82280A68FC1E256B9AAE93F489AED694323294DF34F9B678B0C957DA3DC7B3DCA9ADC33C022123F1CD2D44E450277AD04338234388F01913BE0D1A0281909D38D4171F27807A259DB1093085F157AA17B557309586747CD0CF0B46A64E983A6E0EAEEF
310
CE881F9EF1FB8E70D44297604238581EBC1B74B249C31C5AAB6CD0BB33D2C636A27ECCC62F0EFF445DC5DF95244D6DEC7F2922F30191F9F720C37DE49F504B0304140006080800B670623B4220A0FF7D0000009D0000000B0000006662782F636E782E786D6C4DCCD10A83201886E15B91FFDCE542CB0335D0EC3E6259C84A
310
C3E9D8E5AF46073BFAE0E1E315DD675BD1DBA5978F41C2FD4600B9F088930F8B849267CC01754AA418F3DF0D50183727E164506249B1EC174D6E1ECB9A0F5D7D785E68DB8151CD286E5A5363CA6B8A39E90D36D40E96B086F55A43A544F52B1D7B86D517504B0304140006080800B670623B2FA3FEDE290100001202000031
310
0000006662782F45374635344235342D363743322D343832342D383044432D4334454645303536354442422F636F72652E786D6C8D515B6EC32010BC0AE22B55850D2E386E848994D7097A0117488A1283C5A3CAF10BB523B57FF961D1ECCCECC0F2ED7DBC816FED8371B687A4C210682B9D32F6D2C314CFA883602BB8772E
310
FEA141608751F7B0C050F08B77695A20E96CD43666D43AA5177008414708E42D5F7A18E4971E876A483133C2B59A06791D2EBA22556E679EE021FA1C00CC43CA09C5717D6274C7286AD7FB06D1AEA1A8C3873DDAD3E3E98859CB0EBB1DAF67A1E02919B5C88DCA71CCD968FFAC49110B1ECDF8882FBD1EA256503418BF2342
310
106E3E08DD60B6A1EC15771B8C795DE8FF4469524F8A92B1F1AD59E2CEB20005E1F5DC105CB9F4797B84D1F7C9F908CABC55D0F2050A5C61CC1AD2F27A26E6E767C7962E8E213A9FBF7775FDCC5CC266DB960A5E970DE5F2BBBE5CCB36C50F504B0304140006080800B670623B1B8617914E01000033030000300000006662
310
782F45374635344235342D363743322D343832342D383044432D4334454645303536354442422F636E782E786D6CD593C16EC32010447F0571AD6CE3D489D20813A9877E410FBD62D82434182CC055F3F75D1292E692438FBD206B7698593D61BEFD1E2DF982108D773D6D6B460938E5B571FB9ECE6957AD29D90A1EBC4F77
310
364A9C1CA1A759A682EF839FA72269D8C9D92654AD71C72206887E0E0A22CAF926B15E498B01E0AA19451807D01A34B919F16B070157417138917400F2F6FA41FCF0092A45DEE414C19BDC21783E4BD39D891265658C3D8DEA00A3ACE59CBC8678ACB54CB26EEB6BD7839D7E9348BE70AD9C8321B9BCA7F9A4A26C542347DE
310
E050F09802D22BA6749A800A394DD62899107273365E3C82CFC6A55557BC06C10774B7ABE7AEC3B0F34CF06446280E154026D0542C187BA9DAB6628BF7B6DBB0E5A65B3EB1F58631DE64BBE083F7B65CC218087E22CABB042E51D1F2268F1FE12B3EA24D40D63E9CFE00120194D60B9D5BC67FE6D39CDF37E20AF817881F50
310
4B0304140006080800B670623B29652116630500003C100000340000006662782F45374635344235342D363743322D343832342D383044432D4334454645303536354442422F6F626A656374732E786D6CAD575D739B3814FD2B0CFB0C989834C90EA1639B24E3E9A6EDD4D3CE3E64C623834CD8006224913AFDF57B040203
310
B65BEF871F0C12D2FD3CF7E8CA7FBFCB33E3957291B2E2D674ED8969D02262715A24B76625B7D6B569BC0F7CCE98EC2D338D82E4F4D654D366E0279C55A59E8AE99654991CCDDECFFF3444440B6A1A514684B83545F44C7362934AB2988A173B2692D8C97667BB76B3702836E1A47C1E092D09A78584A5982F20C5688C7287
310
C389E904BEA3BE07BEFAD7ABA6A75739B53F43FD69212429A20365233153D70BEF2E2E6FAC4BCF9B5ADEBB0BD79ADFCF43CBBD9A4E16EF168B9BD9DD0D140BC921495BC2E9D60C1E101B9E46BED37CEA2CD6861F3329624541A3DA7F7858DBAC25C6B4A4458C3CA654405BCFEBC970E8AAD8F43E4FD558ABEC4F9FE7557F47
310
4F506B7BFBEC5BCA367FC105710E2AB8A00A554D7CB4A30DFE26FBA86D18CBF4B75418399194A72433B274C3097F33032C554B027F2046A1932B842B0FCCC0DDCBEBDB8AD2F835768F59B9ADB24C41D30C6A64AF817F2A456D59FA83F2E3DA60137255A585BCD60EC9B7929AC18DEFD49381AF1ED30BFDB109A4B1CD488294
310
C3CDE6EBC8D185AABD6568061FEE37BB95AAC7E3CA4BCE4ACAA5820FA0D526AE7DAA2869B5EE5999531BE0CC20E6FBA07C41E43FA27CF7A6206F3CDD793B4F6B919C1462CB788EDCD893FA674CDA17AB7B3B7C019F8D561FAEE966FED562DFE98C1D12C6A9FC015C2A35D7FF3D7FC398F591DA4B5FE0BFA2C0189FEA50AE22
310
92817A1ED3020951A03432862970F976B33383259812CC8E5D240BBA801CBCF8CE2BBEE3BF910DB6AAD5F79E05123AE2DB33981FB1ACCB02B69D00CB014FD68AB573A7627EF9BFD4CC2C5C7D58557C4B22FAA88925A4DBB44825CECE3D78FB060D1231F0E885BE7D673C86A3874958F593906B5502D1563157814FDAC3420D
310
F69A070A22EC4B98E23CFF171A1E5311D12C23056555ABA53B8614563B92D17D02AAB009E8F46284624E5F53D5490C560CCCC2591FF1B45421EB0EBD8EA7ED13BE7C5D7E0428CD60FEF60779EB13E6664FF711CB185F6FDED60D139A001FF60CD1FD6D086F1D51474901E26B2CB794A343BC8ED3EDB612E0DD2351FCB65CF4
310
33D511C9E14B5B40ADC6A6263DB0336A8F700DDF56271A024E70B0B3629DE21847591E55DED73D56206AB927E46FAABC5C939C55853C274C93D69FD6FA4E78BF8B11DF898C9ECD60553FAD39283BA6F18984AA23E8884F83F45C5F5F859797B31B2B9C84A1E5B9DE9D35BFF25C6B76152E422F9C5DCC3D847F5801ED09D5AF
310
41441327A25FF15487F9EB725FB666F048A4701E9A827292E6F97569A32DF61DEC01C0BB8DCBBCCC684E0B49147C1FD54BF685A0AB18C868E6973949E819523E3DAC463660E68C7D9F55A9D1EFA3BD7A76A16AE1A810F95CE59B82A4D968A376DC2E8B44BBDD86B27B368CDE0ED548C7137DA860591A83706223A12CA712B4
310
7306DBF39C0A20A6DF95C7FAF670C6EED7A61F946493D1D6926782963813403548A78AE470DEF80D2D9CEAA26E4D1C76F60BFE74219A06527D6B82DF641A51616F703CAAC6A7160E08A00BEB4810A0274592A1B36E3675E36E978A0DE80727A0D6DF2D39A75BD27E0D8837276589537B40ABB56D5A41F48F1C6FCD3188C4EB
310
A6929D2FFB89CE995A4D00AE813BDD032DC48B56BD437DFDDC2DD7AED70C2272D63DE9A72068A45A92F0A4BE17A8A06B9366E16707AD80B1FC649459952097E74BB23805982B55E0401150A165964402AA8BDF9F3E7386BB686EDCA780C0D382E5392BF460A6EFB2C6EA1937D3F809B440D5F5435C4C5CF7A9EEFAF54564BD
310
2182DA24162F98680B4E7930C21A0079709CEAEB99A372305ABE0C0D7D6078105A83F6A0296DAEE1068A47DD1C55A9F4C9B2FC69E3EFD44B81028E963DF81B504B0304140006080000B670623B000000000000000000000000350000006662782F45374635344235342D363743322D343832342D383044432D433445464530
310
3536354442422F76657274696365732E62696E504B0304140006080800B670623BF270F1330600000004000000360000006662782F45374635344235342D363743322D343832342D383044432D4334454645303536354442422F747269616E676C65732E62696E636660600000504B0304140006080000B670623B00000000
310
0000000000000000370000006662782F45374635344235342D363743322D343832342D383044432D4334454645303536354442422F617474726962757465732E62696E504B0304140006080800B670623B08DA0BD19000000041010000360000006662782F45374635344235342D363743322D343832342D383044432D4334
310
454645303536354442422F6469726563746F72792E786D6C858F410AC3201045AF22B36F53E9A60B35CBEEBAE80D244E44489C6234F4F835464A48035D0DF398FF9F8AF63D0E6CC63039F212F8F9020C7D47C6792B21C5FE7403D62A1188E2E60C98D7234A5830286103A55745067B9D86B8A3CF9C7F90C11DE607FB144396
310
D7B6A82D282E9A152AD114D5EF2CB866EEE831B8EEA07A7BB5A8D7D61A2BAAEB7FD5F70921FF497D00504B0304140006080800B670623B6378F24DFF000000A00100003B0000006662782F45374635344235342D363743322D343832342D383044432D4334454645303536354442422F7265736F75726365732F636F72652E
310
786D6C8D504B6E833010BD0A9A6D65B0094E42641C85B639412F6099496225D8C89FAAC7AF09546A77DDCC8CDE47F3F4C4F16B7C149FE88371B603565228D06A37187BED20C50BD9437194C23B177FC9A0B06AC40E6618A4B87A97A615D2CE46B431A3D60DB8822A048C50E8473E3A08FA86A32A558A5911EEE5A4F45D5DB1
310
6465A6B34E8A107D0E502C4FE609D26370C96B0CA25A58295232C3AA3143FE692E063D485EF7F5AEE71BD2D2F39634AFFC44DAF7DD9E9CCE6F9CD25DCBFA762BAAD92C4534E34F46ED51451C40D694B6843142EB0FD61C283F34FC85EE0F948A6A96FF31A569F8A729191B37F51A77B105902C0779125254735F793DCBCC7B
310
EE567E03504B010214000A0000080000B670623B3DEE336E79000000790000001B00000000000000000000000000000000006175746F6465736B2D64657369676E2D7061636B6167652E786D6C504B01021400140006080800B670623BD486FD9CA0000000F40000001300000000000000000000000000B20000005B436F6E
310
74656E745F54797065735D2E786D6C504B01021400140006080800B670623BBC1638F5EC0000007C010000080000000000000000000000000083010000636F72652E786D6C504B01021400140006080800B670623B55019EA25F0000007C000000070000000000000000000000000095020000636E782E786D6C504B010214
310
00140006080800B670623B3586FFB671010000D40300000C00000000000000000000000000190300006662782F636F72652E786D6C504B01021400140006080800B670623B4220A0FF7D0000009D0000000B00000000000000000000000000B40400006662782F636E782E786D6C504B01021400140006080800B670623B2F
310
A3FEDE290100001202000031000000000000000000000000005A0500006662782F45374635344235342D363743322D343832342D383044432D4334454645303536354442422F636F72652E786D6C504B01021400140006080800B670623B1B8617914E010000330300003000000000000000000000000000D2060000666278
310
2F45374635344235342D363743322D343832342D383044432D4334454645303536354442422F636E782E786D6C504B01021400140006080800B670623B29652116630500003C10000034000000000000000000000000006E0800006662782F45374635344235342D363743322D343832342D383044432D4334454645303536
310
354442422F6F626A656374732E786D6C504B01021400140006080000B670623B0000000000000000000000003500000000000000000000000000230E00006662782F45374635344235342D363743322D343832342D383044432D4334454645303536354442422F76657274696365732E62696E504B01021400140006080800
310
B670623BF270F13306000000040000003600000000000000000000000000760E00006662782F45374635344235342D363743322D343832342D383044432D4334454645303536354442422F747269616E676C65732E62696E504B01021400140006080000B670623B0000000000000000000000003700000000000000000000
310
000000D00E00006662782F45374635344235342D363743322D343832342D383044432D4334454645303536354442422F617474726962757465732E62696E504B01021400140006080800B670623B08DA0BD190000000410100003600000000000000000000000000250F00006662782F45374635344235342D363743322D34
310
3832342D383044432D4334454645303536354442422F6469726563746F72792E786D6C504B01021400140006080800B670623B6378F24DFF000000A00100003B00000000000000000000000000091000006662782F45374635344235342D363743322D343832342D383044432D4334454645303536354442422F7265736F75
310
726365732F636F72652E786D6C504B0506000000000E000E0080040000611100000000
  0
XRECORD
  5
18A
102
{ACAD_REACTORS
330
110
102
}
330
110
100
AcDbXrecord
280
     1
 70
     0
 90
1778669749
  1
9BF507EE-FAF7-4A99-A33D-4EE51894BC40
310
504B03040A0000080000B670623B3DEE336E79000000790000001B0000006175746F6465736B2D64657369676E2D7061636B6167652E786D6C3C3F786D6C2076657273696F6E3D22312E302220656E636F64696E673D227574662D3822203F3E3C666F726D6174733E3C666F726D61743E687474703A2F2F736368656D612E
310
6175746F6465736B2E636F6D2F64657369676E2D7061636B6167652F323030393C2F666F726D61743E3C2F666F726D6174733E504B0304140006080800B670623BD486FD9CA0000000F4000000130000005B436F6E74656E745F54797065735D2E786D6C7D8EC10E82300C865F65E91D8A1E8C310C0EEA1BF002731658846E
310
D98AC1B77784ABF1D8FE5FBFBF75BBCE937A534CCEB38643598122B6FEE978D0B0485F9C41B54DDD7D022595594E1A469170414C76A4D9A4D207E29CF43ECE46F218070CC6BECC4078ACAA135ACF422C856C0E68EA1BF5669944DDD7BCDE7B1F8E415D77AECB980613C2E4AC91FC167A2B244592486606FC29C8FD7F045B9A
310
EF7053A7E60B504B0304140006080800B670623BCA089DFFEC0000007C01000008000000636F72652E786D6C8D90416E83301045AF62CDB632D8402020E32882F604BD80653BC44AB011B6AB1EBF262152BBEB6A467FFE9B197D76FA9EEFE84BAFDE38DB03CD08206DA553C64E3DC470C1474027CE56E7C22F1B202B66DDC3
310
260367D3EAE2B24BD2D9A06D48AA754AEFA2F05E0740F29E9A1EBCBCEA59642286E4F0B76C11F226269DD15797E0188D42CF2346A57DE662F40ABCAEC77628C6120F654571D50C04B7F5B9C1E3997CD4F550BE3745C3F20DE62C98F9755FAE5A04AD801784B498524C8A4F5A75E4D055873772EC0861F966FF03C545FD138A
310
C686B2D8DF7D621E384D8F3C069CE55B16A93C824A75CB8DFF00504B0304140006080800B670623B55019EA25F0000007C00000007000000636E782E786D6C4DCB3B0E80201045D1AD90E915ED2CF8AC45050C11660C8261F98AB1B07AC9C97D42D718D865D3E909258CFD00CCE24AC6E326A164D74DC0B4128928FF326038
310
472BA13128B1252AC747C6BAB984FC68F0B87FE8960A5C09FE86CFB69FBA01504B0304140006080800B670623B68FC0B7272010000D40300000C0000006662782F636F72652E786D6CC5535B6E833010BC8AE5DF0A6C1E8124328E22D29EA01770C0A128602363A31CBFCB234A53A555FA553EC09AD9F5CE8C31DB5DDA060D
310
D2F4B556190E7C8A9154852E6B5565D8D993B7C668C799D1DA7E29C3488956667884316795D1AE5BA0422B2B950554E9522EA0E87B69312A1A5864B82F3E642B7CE12C54F467BF13C55954D20F7CA0A18EB3DE1A1080E621E31BF3D3F1C2C88C73E65C5D2E6C5DC2B4FA544B8379921C36797888BC3C8A032F4E73EA6D927D
310
EA1DF6F42D49F2E8350D5346C666CE6CDD5ED515460A2B4BCC434A375E1078347C0FE22D5D6DE3D50B5D6F2965642CBF6B725DF96493AB958DC245EEDCD6631E809089F8E61622B2A81703E8219C913144F84C09DF070D8140C8561C9BAB8F3340832CAC363130A576376A108D933095FA747AD0CF0B46E64E983A6D0EAE1F
310
CE089F9EF1FB8E70D44255604258581E9D1D75B259C3125A278D37D80B52DAB4A279CEC62F0EFF44DDC43F9454E8469BFF5244960322CBEF41C6FBC83F01504B0304140006080800B670623B0F71DDB67E0000009D0000000B0000006662782F636E782E786D6C4DCCD10A83201886E15B91FFDCA54DB73F502386BB8F5816
310
32D3703976F9ABD1C18E3E78F87855FB990379BBFCF2296AE02706C4C5471A7C9C349475A408A4352AA7B4FEDD80C47E761A7606A3A69CCA72D0E0C6BE8475D3E0E3F3409428EA6B27A84079A782899AA2EC1A7AE3ECCC2FD858CB2D544655BFD2B67BD87C01504B0304140006080800B670623BE134B4FB28010000120200
310
00310000006662782F38353834323741342D343835462D343034322D383541392D4331303331363839454531452F636F72652E786D6C8D515B6EC32010BC0AE22B55850D0EA424C24451959EA0172086A42831583CAA1CBF503B52FB971F16CDCECC0EACD8DFC71BF836215AEF7A481A0C817183D7D65D7A98D3197108F652
310
04EFD31F1A044E8DA6871586525C82CFD3020DDE25E352419DD76601558C264130DCCAA58771F832A36A544E8511AFCDA486ABBA988634A55D7852C4144A00300FA927949C71DABD1D28A29C7D208A6987383B6CD13BC16BB2E1DBE3911C453B0BA5C8D9EA456E758963CFD684674DAA588A64C747FC2118958C86B2C3788B
310
0841B8FB247487D98EB257CC77188BB6D2FF89F2A49F1465EBD2BA5BE2CEB2082511EDDC9042FB7CBA3DC298FBE4430275DE2A9AE1054ADC60CC08E3A29D89E5F9C5714317C7987C28DFBBBA9E0A97B0D97643A568EB864AF95D5FA9759BF207504B0304140006080800B670623B1B8617914E010000330300003000000066
310
62782F38353834323741342D343835462D343034322D383541392D4331303331363839454531452F636E782E786D6CD593C16EC32010447F0571AD6CE3D489D20813A9877E410FBD62D82434182CC055F3F75D1292E692438FBD206B7698593D61BEFD1E2DF982108D773D6D6B460938E5B571FB9ECE6957AD29D90A1EBC4F
310
77364A9C1CA1A759A682EF839FA72269D8C9D92654AD71C72206887E0E0A22CAF926B15E498B01E0AA19451807D01A34B919F16B070157417138917400F2F6FA41FCF0092A45DEE414C19BDC21783E4BD39D891265658C3D8DEA00A3ACE59CBC8678ACB54CB26EEB6BD7839D7E9348BE70AD9C8321B9BCA7F9A4A26C542347
310
DEE050F09802D22BA6749A800A394DD62899107273365E3C82CFC6A55557BC06C10774B7ABE7AEC3B0F34CF06446280E154026D0542C187BA9DAB6628BF7B6DBB0E5A65B3EB1F58631DE64BBE083F7B65CC218087E22CABB042E51D1F2268F1FE12B3EA24D40D63E9CFE00120194D60B9D5BC67FE6D39CDF37E20AF817881F
310
504B0304140006080800B670623B5933D422630500003B100000340000006662782F38353834323741342D343835462D343034322D383541392D4331303331363839454531452F6F626A656374732E786D6CAD575B6FA33814FE2B887D0642934E9B156594264D158D3A534DD4D13E548A0C38942D60649B4EBABF7E3F8321
310
40924EF6928780CDF1B97EE762EFF32E4B8D37CA45C2F21BD3B547A641F39045491EDF98A5DC5AD7A6F1D9F73863B243661A39C9E88DA9B64DDF8B392B0BBD15D12D295339D85DDEFE618890E6D434C2940871638AF08566C426A5641115AF764424B1E3EDCE76ED9AB0CF36E6A47819302D08A7B984A6D8CFC1C5A89572FB
310
CB91E9F89EA3BEFB9EFAD754E3D3544E654F5F7E920B49F2F040D880CDD89D2CEE2E2EA7D6E56432B6269F2E5CEB7679BBB0DCABF168FE693E9FCEEEA6102C240727AD09A75BD3BF876F78127A4EFDA9D5582B7E4CA590E5390D2BFB6161A5B3E618D182E611E2985001691DAB47FDA5AB7CD3F93C566B2DB2BB7D9E55DD13
310
1D468DEECDB3AB290BFE8409E21C54704115AA6AFF68436BFC8DF65E0B184BF5B74418199194272435D224E084BF9B3E481589EFF5D828747285706581E9BB7B7E5D5D911ABFC6EE312DB7659A2A689A7E85EC0DF04FA5A8344BFEA2FCB834E8845895492EAFB541F2BDA0A63FF59C6AD3F7D4637CA13FD68E34B629891172
310
98597F1D183A57B9B75A98FE9765B05BAB7C3C2EBCE0ACA05C2AF8005A4DE09AA7F29216EB9E15397500C6F47CBE77CA7778FE2BD277AF0AE2C693DD6437D1522427B9D8329E2136F6A8FA19A3E6C56ADF0E5F50CF06D48734EDCEBF22F69C56D97EC138153F804B85E6FABFC7AFEFB32E523BE1F3BD372418E363EDCA7548
310
52949E8724474014288D94610BB57C1BEC4C7F854A89CA8E5324F55B871CBC78CE1BBEE3BFE68D6A5589EF3C730474506FCFA8FCF0659516D0ED04580EEA6425581B77CAE797FF4BCECC16EB2FEB926F49481F746159D06D922712BD730FDEAE42BD40F42C7AA5EF3F198F60E86110D6DD20645A9480B795CF95E3E3A659A8
310
C55E724F408873315335CFFB8584874484344D494E59D94869DB90C26A5B64F49C802CAC1D3ABE18A098D3B7444D123D8A9E5AE8F5214F0AE5B2B6E9B575DA3E61CBD3EA2B4009FA940524DD1305FB6A1FB294F14DF0BEA90BA109ECE1481FDC3FFAE8D60E75141700BE82725371B4873751B2DD960265F788137FACE6DD40
310
B575E4F0A5C99F46629D92131467A41EE11ABD8D4CCC039CA0AFB37C93A08B232B8F0AEFCA1E0A1015DF13FC83322B362463652ECF71D3A8B1A7D1BE65DE1D62C44F22C317D35F574FEB16153BA2D13E543D10A80E74C4A65E78A6B7CBCBD1D5DD9DB59C2DAFACC96C3AB566E3F1C29ADCDD5DBAD7D3C9ED7C822ED74F80A6
310
41755310DE4443F44A9E68373FADF6596BFA0F440AE7BECE2727AE9F4F2B1B53B1E7E00CF0DD1E5C65454A339A4BA2D0FBA05ED2EF0443458F47BDBFCA484CCFE0F2ED7E3DD0013B679C7B5499467F0ECEEADDB9CA85A34CE44B99053949D2C1416DB85DE4B136BB7165FBAC0B7AB3542BED4F8CA182A549847A1319316519
310
95A83A67147B9E5101C47487F2485F1ECE38FD568F839204296D3479219888530154036E6528FBFBC66F98E0D4107563A2D7D9AFF8D389681A08F58D89F22693900A3B407754734FC51C10C010D6D640809EE4718AC1BA3ED4AEDB53CA37283F68805A7E4B72CEB0A4EDEAD5DD8C14059A76AFAA56BA6901E13F32BC51C720
310
12AF41295B5BF61BAD3195181FB506E6B40F4C10AF5AF40EF9F5B159AE5DD1F43C72D635E94310D45C2D49785C5D0B94D3B54AB3C5A38349C0587D338AB48C11CBF339599C02CCA54A70A008A8D03C0B2201D5F9EFCF8F9CE12A9A19CB0410789EB32C63B95ECCF455D658BFE0621A3DA32C5075FB101723D77DAE867E7D0F
310
D90444509B44E2151B4DC2290B065803200FBAA9BE9D392A0603F2D5C2D00D6302A615680F66D2FA166E2079D4C551A54AB758161FCEFD4E450A14704CECFEDF504B0304140006080000B670623B000000000000000000000000350000006662782F38353834323741342D343835462D343034322D383541392D4331303331
310
363839454531452F76657274696365732E62696E504B0304140006080800B670623BF270F1330600000004000000360000006662782F38353834323741342D343835462D343034322D383541392D4331303331363839454531452F747269616E676C65732E62696E636660600000504B0304140006080000B670623B000000
310
000000000000000000370000006662782F38353834323741342D343835462D343034322D383541392D4331303331363839454531452F617474726962757465732E62696E504B0304140006080800B670623B08DA0BD19000000041010000360000006662782F38353834323741342D343835462D343034322D383541392D43
310
31303331363839454531452F6469726563746F72792E786D6C858F410AC3201045AF22B36F53E9A60B35CBEEBAE80D244E44489C6234F4F835464A48035D0DF398FF9F8AF63D0E6CC63039F212F8F9020C7D47C6792B21C5FE7403D62A1188E2E60C98D7234A5830286103A55745067B9D86B8A3CF9C7F90C11DE607FB1443
310
96D7B6A82D282E9A152AD114D5EF2CB866EEE831B8EEA07A7BB5A8D7D61A2BAAEB7FD5F70921FF497D00504B0304140006080800B670623BD9A3B367FE000000A00100003B0000006662782F38353834323741342D343835462D343034322D383541392D4331303331363839454531452F7265736F75726365732F636F7265
310
2E786D6C8D504B6E833010BD0A9A6D65B01D0201194711694FD00B586642AD043BF2A7EAF16B122AB5BB6E6646EFA3797AE2F8B5DC8A4FF4C1383B002B291468B59B8C9D0748F1420E501CA5F0CEC55F3228AC5A708015062966EFD27D83B4B3116DCCA875136EA00A012314FA968F0182FEC045952AC5AC08D7F2AEF455CD
310
58B232D3592745883E07289E4FD609D26370C96B0CA27AB252A464A64D63A6FCD35C0C7A904D73EE467EE664DCD58CD4ED4849D79C5A723ED1B7A61977AF2D6F45B59AA58866F9C9A83DAA8813484E6947182394BFB3BAA7FBBEDEBFD0434FA9A856F91F53BA4FFF342563E38E6F719FB60092E5200F428A6AED2BAF479979
310
AFDDCA6F504B010214000A0000080000B670623B3DEE336E79000000790000001B00000000000000000000000000000000006175746F6465736B2D64657369676E2D7061636B6167652E786D6C504B01021400140006080800B670623BD486FD9CA0000000F40000001300000000000000000000000000B20000005B436F6E
310
74656E745F54797065735D2E786D6C504B01021400140006080800B670623BCA089DFFEC0000007C010000080000000000000000000000000083010000636F72652E786D6C504B01021400140006080800B670623B55019EA25F0000007C000000070000000000000000000000000095020000636E782E786D6C504B010214
310
00140006080800B670623B68FC0B7272010000D40300000C00000000000000000000000000190300006662782F636F72652E786D6C504B01021400140006080800B670623B0F71DDB67E0000009D0000000B00000000000000000000000000B50400006662782F636E782E786D6C504B01021400140006080800B670623BE1
310
34B4FB280100001202000031000000000000000000000000005C0500006662782F38353834323741342D343835462D343034322D383541392D4331303331363839454531452F636F72652E786D6C504B01021400140006080800B670623B1B8617914E010000330300003000000000000000000000000000D3060000666278
310
2F38353834323741342D343835462D343034322D383541392D4331303331363839454531452F636E782E786D6C504B01021400140006080800B670623B5933D422630500003B10000034000000000000000000000000006F0800006662782F38353834323741342D343835462D343034322D383541392D4331303331363839
310
454531452F6F626A656374732E786D6C504B01021400140006080000B670623B0000000000000000000000003500000000000000000000000000240E00006662782F38353834323741342D343835462D343034322D383541392D4331303331363839454531452F76657274696365732E62696E504B01021400140006080800
310
B670623BF270F13306000000040000003600000000000000000000000000770E00006662782F38353834323741342D343835462D343034322D383541392D4331303331363839454531452F747269616E676C65732E62696E504B01021400140006080000B670623B0000000000000000000000003700000000000000000000
310
000000D10E00006662782F38353834323741342D343835462D343034322D383541392D4331303331363839454531452F617474726962757465732E62696E504B01021400140006080800B670623B08DA0BD190000000410100003600000000000000000000000000260F00006662782F38353834323741342D343835462D34
310
3034322D383541392D4331303331363839454531452F6469726563746F72792E786D6C504B01021400140006080800B670623BD9A3B367FE000000A00100003B000000000000000000000000000A1000006662782F38353834323741342D343835462D343034322D383541392D4331303331363839454531452F7265736F75
310
726365732F636F72652E786D6C504B0506000000000E000E0080040000611100000000
  0
CELLSTYLEMAP
  5
2F42D
102
{ACAD_REACTORS
330
2F42C
102
}
330
2F42C
100
AcDbCellStyleMap
 90
        3
300
CELLSTYLE
  1
TABLEFORMAT_BEGIN
 90
        5
170
     1
 91
        0
 92
    32768
 62
   257
 93
        1
300
CONTENTFORMAT
  1
CONTENTFORMAT_BEGIN
 90
        0
 91
        0
 92
      512
 93
        0
300

 40
0.0
140
1.0
 94
        5
 62
     0
340
11
144
0.25
309
CONTENTFORMAT_END
171
     1
301
MARGIN
  1
CELLMARGIN_BEGIN
 40
0.06
 40
0.06
 40
0.06
 40
0.06
 40
0.18
 40
0.18
309
CELLMARGIN_END
 94
        6
 95
        1
302
GRIDFORMAT
  1
GRIDFORMAT_BEGIN
 90
        0
 91
        1
 62
     0
 92
       -2
340
0
 93
        0
 40
0.045
309
GRIDFORMAT_END
 95
        2
302
GRIDFORMAT
  1
GRIDFORMAT_BEGIN
 90
        0
 91
        1
 62
     0
 92
       -2
340
0
 93
        0
 40
0.045
309
GRIDFORMAT_END
 95
        4
302
GRIDFORMAT
  1
GRIDFORMAT_BEGIN
 90
        0
 91
        1
 62
     0
 92
       -2
340
0
 93
        0
 40
0.045
309
GRIDFORMAT_END
 95
        8
302
GRIDFORMAT
  1
GRIDFORMAT_BEGIN
 90
        0
 91
        1
 62
     0
 92
       -2
340
0
 93
        0
 40
0.045
309
GRIDFORMAT_END
 95
       16
302
GRIDFORMAT
  1
GRIDFORMAT_BEGIN
 90
        0
 91
        1
 62
     0
 92
       -2
340
0
 93
        0
 40
0.045
309
GRIDFORMAT_END
 95
       32
302
GRIDFORMAT
  1
GRIDFORMAT_BEGIN
 90
        0
 91
        1
 62
     0
 92
       -2
340
0
 93
        0
 40
0.045
309
GRIDFORMAT_END
309
TABLEFORMAT_END
  1
CELLSTYLE_BEGIN
 90
        1
 91
        1
300
_TITLE
309
CELLSTYLE_END
300
CELLSTYLE
  1
TABLEFORMAT_BEGIN
 90
        5
170
     1
 91
        0
 92
        0
 62
   257
 93
        1
300
CONTENTFORMAT
  1
CONTENTFORMAT_BEGIN
 90
        0
 91
        0
 92
      512
 93
        0
300

 40
0.0
140
1.0
 94
        5
 62
     0
340
11
144
0.18
309
CONTENTFORMAT_END
171
     1
301
MARGIN
  1
CELLMARGIN_BEGIN
 40
0.06
 40
0.06
 40
0.06
 40
0.06
 40
0.18
 40
0.18
309
CELLMARGIN_END
 94
        6
 95
        1
302
GRIDFORMAT
  1
GRIDFORMAT_BEGIN
 90
        0
 91
        1
 62
     0
 92
       -2
340
0
 93
        0
 40
0.045
309
GRIDFORMAT_END
 95
        2
302
GRIDFORMAT
  1
GRIDFORMAT_BEGIN
 90
        0
 91
        1
 62
     0
 92
       -2
340
0
 93
        0
 40
0.045
309
GRIDFORMAT_END
 95
        4
302
GRIDFORMAT
  1
GRIDFORMAT_BEGIN
 90
        0
 91
        1
 62
     0
 92
       -2
340
0
 93
        0
 40
0.045
309
GRIDFORMAT_END
 95
        8
302
GRIDFORMAT
  1
GRIDFORMAT_BEGIN
 90
        0
 91
        1
 62
     0
 92
       -2
340
0
 93
        0
 40
0.045
309
GRIDFORMAT_END
 95
       16
302
GRIDFORMAT
  1
GRIDFORMAT_BEGIN
 90
        0
 91
        1
 62
     0
 92
       -2
340
0
 93
        0
 40
0.045
309
GRIDFORMAT_END
 95
       32
302
GRIDFORMAT
  1
GRIDFORMAT_BEGIN
 90
        0
 91
        1
 62
     0
 92
       -2
340
0
 93
        0
 40
0.045
309
GRIDFORMAT_END
309
TABLEFORMAT_END
  1
CELLSTYLE_BEGIN
 90
        2
 91
        1
300
_HEADER
309
CELLSTYLE_END
300
CELLSTYLE
  1
TABLEFORMAT_BEGIN
 90
        5
170
     1
 91
        0
 92
        0
 62
   257
 93
        1
300
CONTENTFORMAT
  1
CONTENTFORMAT_BEGIN
 90
        0
 91
        0
 92
      512
 93
        0
300

 40
0.0
140
1.0
 94
        2
 62
     0
340
11
144
0.18
309
CONTENTFORMAT_END
171
     1
301
MARGIN
  1
CELLMARGIN_BEGIN
 40
0.06
 40
0.06
 40
0.06
 40
0.06
 40
0.18
 40
0.18
309
CELLMARGIN_END
 94
        6
 95
        1
302
GRIDFORMAT
  1
GRIDFORMAT_BEGIN
 90
        0
 91
        1
 62
     0
 92
       -2
340
0
 93
        0
 40
0.045
309
GRIDFORMAT_END
 95
        2
302
GRIDFORMAT
  1
GRIDFORMAT_BEGIN
 90
        0
 91
        1
 62
     0
 92
       -2
340
0
 93
        0
 40
0.045
309
GRIDFORMAT_END
 95
        4
302
GRIDFORMAT
  1
GRIDFORMAT_BEGIN
 90
        0
 91
        1
 62
     0
 92
       -2
340
0
 93
        0
 40
0.045
309
GRIDFORMAT_END
 95
        8
302
GRIDFORMAT
  1
GRIDFORMAT_BEGIN
 90
        0
 91
        1
 62
     0
 92
       -2
340
0
 93
        0
 40
0.045
309
GRIDFORMAT_END
 95
       16
302
GRIDFORMAT
  1
GRIDFORMAT_BEGIN
 90
        0
 91
        1
 62
     0
 92
       -2
340
0
 93
        0
 40
0.045
309
GRIDFORMAT_END
 95
       32
302
GRIDFORMAT
  1
GRIDFORMAT_BEGIN
 90
        0
 91
        1
 62
     0
 92
       -2
340
0
 93
        0
 40
0.045
309
GRIDFORMAT_END
309
TABLEFORMAT_END
  1
CELLSTYLE_BEGIN
 90
        3
 91
        2
300
_DATA
309
CELLSTYLE_END
  0
ENDSEC
  0
SECTION
  2
THUMBNAILIMAGE
 90
    36136
310
2800000000010000890000000100080000000000008900000100000001000000000100000000000000000000FFFFFF52000000FF000000FF000000FF000000FF000000FF000000FF000000FF000000FF000000FF330000FF660000FF990000FFCC0000FFFF0000FF003300FF333300FF663300FF993300FFCC3300FFFF3300
310
FF006600FF336600FF666600FF996600FFCC6600FFFF6600FF009900FF339900FF669900FF999900FFCC9900FFFF9900FF00CC00FF33CC00FF66CC00FF99CC00FFCCCC00FFFFCC00FF00FF00FF33FF00FF66FF00FF99FF00FFCCFF00FFFFFF00FF000033FF330033FF660033FF990033FFCC0033FFFF0033FF003333FF3333
310
33FF663333FF993333FFCC3333FFFF3333FF006633FF336633FF666633FF996633FFCC6633FFFF6633FF009933FF339933FF669933FF999933FFCC9933FFFF9933FF00CC33FF33CC33FF66CC33FF99CC33FFCCCC33FFFFCC33FF00FF33FF33FF33FF66FF33FF99FF33FFCCFF33FFFFFF33FF000066FF330066FF660066FF99
310
0066FFCC0066FFFF0066FF003366FF333366FF663366FF993366FFCC3366FFFF3366FF006666FF336666FF666666FF996666FFCC6666FFFF6666FF009966FF339966FF669966FF999966FFCC9966FFFF9966FF00CC66FF33CC66FF66CC66FF99CC66FFCCCC66FFFFCC66FF00FF66FF33FF66FF66FF66FF99FF66FFCCFF66FF
310
FFFF66FF000099FF330099FF660099FF990099FFCC0099FFFF0099FF003399FF333399FF663399FF993399FFCC3399FFFF3399FF006699FF336699FF666699FF996699FFCC6699FFFF6699FF009999FF339999FF669999FF999999FFCC9999FFFF9999FF00CC99FF33CC99FF66CC99FF99CC99FFCCCC99FFFFCC99FF00FF99
310
FF33FF99FF66FF99FF99FF99FFCCFF99FFFFFF99FF0000CCFF3300CCFF6600CCFF9900CCFFCC00CCFFFF00CCFF0033CCFF3333CCFF6633CCFF9933CCFFCC33CCFFFF33CCFF0066CCFF3366CCFF6666CCFF9966CCFFCC66CCFFFF66CCFF0099CCFF3399CCFF6699CCFF9999CCFFCC99CCFFFF99CCFF00CCCCFF33CCCCFF66CC
310
CCFF99CCCCFFCCCCCCFFFFCCCCFF00FFCCFF33FFCCFF66FFCCFF99FFCCFFCCFFCCFFFFFFCCFF0000FFFF3300FFFF6600FFFF9900FFFFCC00FFFFFF00FFFF0033FFFF3333FFFF6633FFFF9933FFFFCC33FFFFFF33FFFF0066FFFF3366FFFF6666FFFF9966FFFFCC66FFFFFF66FFFF0099FFFF3399FFFF6699FFFF9999FFFFCC
310
99FFFFFF99FFFF00CCFFFF33CCFFFF66CCFFFF99CCFFFFCCCCFFFFFFCCFFFF00FFFFFF33FFFFFF66FFFFFF99FFFFFFCCFFFFFFFFFFFFFF000000FF0D0D0DFF1A1A1AFF282828FF353535FF434343FF505050FF5D5D5DFF6B6B6BFF787878FF868686FF939393FFA1A1A1FFAEAEAEFFBBBBBBFFC9C9C9FFD6D6D6FFE4E4E4FF
310
F1F1F1FFFFFFFFFF000000FF000000FF000000FF000000FF000000FF000000FF000000FF000000FF000000FF000000FF00000000000000000000000000000000000000000000000000000000000000000000000000000000000000000000000000000000000000000000000000000000000000000000000000000000000000
310
00000000000000000000000000000000000000000000000000000000000000000000000000000000000000000000000000000000000000000000000000000000000000000000000000000000000000000000000000000000000000000000000000000000000000000000000000000000000000000000000000000000000000
310
00000000000000000000000000000000000000000000000000000000000000000000000000000000000000000000000000000000000000000000000000000000000000000000000000000000000000000000000000000000000000000000000000000000000000000000000000000000000000000000000000000000000000
310
00000000000000000000000000000000000000000000000000000000000000000000000000000000000000000000000000000000000000000000000000000000000000000000000000000000000000000000000000000000000000000000000000000000000000000000000000000000000000000000000000000000000000
310
00000000000000000000000000000000000000000000000000000000000000000000000000000000000000000000000000000000000000000000000000000000000000000000000000000000000000000000000000000000000000000000000000000000000000000000000000000000000000000000000000000000000000
310
00000000000000000000000000000000000000000000000000000000000000000000000000000000000000000000000000000000000000000000000000000000000000000000000000000000000000000000000000000000000000000000000000000000000000000000000000000000000000000000000000000000000000
310
00000000000000000000000000000000000000000000000000000000000000000000000000000000000000000000000000000000000000000000000000000000000000000000000000000000000000000000000000000000000000000000000000000000000000000000000000000000000000000000000000000000000000
310
00000000000000000000000000000000000000000000000000000000000000000000000000000000000000000000000000000000000000000000000000000000000000000000000000000000000000000000000000000000000000000000000000000000000000000000000000000000000000000000000000000000000000
310
00000000000000000000000000000000000000000000000000000000000000000000000000000000000000000000000000000000000000000000000000000000000000000000000000000000000000000000000000000000000000000000000000000000000000000000000000000000000000000000000000000000000000
310
00000000000000000000000000000000000000000000000000000000000000000000000000000000000000000000000000000000000000000000000000000000000000000000000000000000000000000000000000000000000000000000000000000000000000000000000000000000000000000000000000000000000000
310
00000000000000000000000000000000000000000000000000000000000000000000000000000000000000000000000000000000000000000000000000000000000000000000000000000000000000000000000000000000000000000000000000000000000000000000000000000000000000000000000000000000000000
310
00000000000000000000000000000000000000000000000000000000000000000000000000000000000000000000000000000000000000000000000000000000000000000000000000000000000000000000000000000000000000000000000000000000000000000000000000000000000000000000000000000000000000
310
00000000000000000000000000000000000000000000000000000000000000000000000000000000000000000000000000000000000000000000000000000000000000000000000000000000000000000000000000000000000000000000000000000000000000000000000000000000000000000000000000000000000000
310
00000000000000000000000000000000000000000000000000000000000000000000000000000000000000000000000000000000000000000000000000000000000000000000000000000000000000000000000000000000000000000000000000000000000000000000000000000000000000000000000000000000000000
310
00000000000000000000000000000000000000000000000000000000000000000000000000000000000000000000000000000000000000000000000000000000000000000000000000000000000000000000000000000000000000000000000000000000000000000000000000000000000000000000000000000000000000
310
00000000000000000000000000000000000000000000000000000000000000000000000000000000000000000000000000000000000000000000000000000000000000000000000000000000000000000000000000000000000000000000000000000000000000000000000000000000000000000000000000000000000000
310
00000000000000000000000000000000000000000000000000000000000000000000000000000000000000000000000000000000000000000000000000000000000000000000000000000000000000000000000000000000000000000000000000000000000000000000000000000000000000000000000000000000000000
310
00000000000000000000000000000000000000000000000000000000000000000000000000000000000000000000000000000000000000000000000000000000000000000000000000000000000000000000000000000000000000000000000000000000000000000000000000000000000000000000000000000000000000
310
00000000000000000000000000000000000000000000000000000000000000000000000000000000000000000000000000000000000000000000000000000000000000000000000000000000000000000000000000000000000000000000000000000000000000000000000000000000000000000000000000000000000000
310
00000000000000000000000000000000000000000000000000000000000000000000000000000000000000000000000000000000000000000000000000000000000000000000000000000000000000000000000000000000000000000000000000000000000000000000000000000000000000000000000000000000000000
310
00000000000000000000000000000000000000000000000000000000000000000000000000000000000000000000000000000000000000000000000000000000000000000000000000000000000000000000000000000000000000000000000000000000000000000000000000000000000000000000000000000000000000
310
00000000000000000000000000000000000000000000000000000000000000000000000000000000000000000000000000000000000000000000000000000000000000000000000000000000000000000000000000000000000000000000000000000000000000000000000000000000000000000000000000000000000000
310
00000000000000000000000000000000000000000000000000000000000000000000000000000000000000000000000000000000000000000000000000000000000000000000000000000000000000000000000000000000000000000000000000000000000000000000000000000000000000000000000000000000000000
310
00000000000000000000000000000000000000000000000000000000000000000000000000000000000000000000000000000000000000000000000000000000000000000000000000000000000000000000000000000000000000000000000000000000000000000000000000000000000000000000000000000000000000
310
00000000000000000000000000000000000000000000000000000000000000000000000000000000000000000000000000000000000000000000000000000000000000000000000000000000000000000000000000000000000000000000000000000000000000000000000000000000000000000000000000000000000000
310
00000000000000000000000000000000000000000000000000000000000000000000000000000000000000000000000000000000000000000000000000000000000000000000000000000000000000000000000000000000000000000000000000000000000000000000000000000000000000000000000000000000000000
310
00000000000000000000000000000000000000000000000000000000000000000000000000000000000000000000000000000000000000000000000000000000000000000000000000000000000000000000000000000000000000000000000000000000000000000000000000000000000000000000000000000000000000
310
00000000000000000000000000000000000000000000000000000000000000000000000000000000000000000000000000000000000000000000000000000000000000000000000000000000000000000000000000000000000000000000000000000000000000000000000000000000000000000000000000000000000000
310
00000000000000000000000000000000000000000000000000000000000000000000000000000000000000000000000000000000000000000000000000000000000000000000000000000000000000000000000000000000000000000000000000000000000000000000000000000000000000000000000000000000000000
310
00000000000000000000000000000000000000000000000000000000000000000000000000000000000000000000000000000000000000000000000000000000000000000000000000000000000000000000000000000000000000000000000000000000000000000000000000000000000000000000000000000000000000
310
00000000000000000000000000000000000000000000000000000000000000000000000000000000000000000000000000000000000000000000000000000000000000000000000000000000000000000000000000000000000000000000000000000000000000000000000000000000000000000000000000000000000000
310
00000000000000000000000000000000000000000000000000000000000000000000000000000000000000000000000000000000000000000000000000000000000000000000000000000000000000000000000000000000000000000000000000000000000000000000000000000000000000000000000000000000000000
310
00000000000000000000000000000000000000000000000000000000000000000000000000000000000000000000000000000000000000000000000000000000000000000000000000000000000000000000000000000000000000000000000000000000000000000000000000000000000000000000000000000000000000
310
00000000000000000000000000000000000000000000000000000000000000000000000000000000000000000000000000000000000000000000000000000000000000000000000000000000000000000000000000000000000000000000000000000000000000000000000000000000000000000000000000000000000000
310
00000000000000000000000000000000000000000000000000000000000000000000000000000000000000000000000000000000000000000000000000000000000000000000000000000000000000000000000000000000000000000000000000000000000000000000000000000000000000000000000000000000000000
310
00000000000000000000000000000000000000000000000000000000000000000000000000000000000000000000000000000000000000000000000000000000000000000000000000000000000000000000000000000000000000000000000000000000000000000000000000000000000000000000000000000000000000
310
00000000000000000000000000000000000000000000000000000000000000000000000000000000000000000000000000000000000000000000000000000000000000000000000000000000000000000000000000000000000000000000000000000000000000000000000000000000000000000000000000000000000000
310
00000000000000000000000000000000000000000000000000000000000000000000000000000000000000000000000000000000000000000000000000000000000000000000000000000000000000000000000000000000000000000000000000000000000000000000000000000000000000000000000000000000000000
310
00000000000000000000000000000000000000000000000000000000000000000000000000000000000000000000000000000000000000000000000000000000000000000000000000000000000000000000000000000000000000000000000000000000000000000000000000000000000000000000000000000000000000
310
00000000000000000000000000000000000000000000000000000000000000000000000000000000000000000000000000000000000000000000000000000000000000000000000000000000000000000000000000000000000000000000000000000000000000000000000000000000000000000000000000000000000000
310
00000000000000000000000000000000000000000000000000000000000000000000000000000000000000000000000000000000000000000000000000000000000000000000000000000000000000000000000000000000000000000000000000000000000000000000000000000000000000000000000000000000000000
310
00000000000000000000000000000000000000000000000000000000000000000000000000000000000000000000000000000000000000000000000000000000000000000000000000000000000000000000000000000000000000000000000000000000000000000000000000000000000000000000000000000000000000
310
00000000000000000000000000000000000000000000000000000000000000000000000000000000000000000000000000000000000000000000000000000000000000000000000000000000000000000000000000000000000000000000000000000000000000000000000000000000000000000000000000000000000000
310
00000000000000000000000000000000000000000000000000000000000000000000000000000000000000000000000000000000000000000000000000000000000000000000000000000000000000000000000000000000000000000000000000000000000000000000000000000000000000000000000000000000000000
310
00000000000000000000000000000000000000000000000000000000000000000000000000000000000000000000000000000000000000000000000000000000000000000000000000000000000000000000000000000000000000000000000000000000000000000000000000000000000000000000000000000000000000
310
00000000000000000000000000000000000000000000000000000000000000000000000000000000000000000000000000000000000000000000000000000000000000000000000000000000000000000000000000000000000000000000000000000000000000000000000000000000000000000000000000000000000000
310
00000000000000000000000000000000000000000000000000000000000000000000000000000000000000000000000000000000000000000000000000000000000000000000000000000000000000000000000000000000000000000000000000000000000000000000000000000000000000000000000000000000000000
310
00000000000000000000000000000000000000000000000000000000000000000000000000000000000000000000000000000000000000000000000000000000000000000000000000000000000000000000000000000000000000000000000000000000000000000000000000000000000000000000000000000000000000
310
00000000000000000000000000000000000000000000000000000000000000000000000000000000000000000000000000000000000000000000000000000000000000000000000000000000000000000000000000000000000000000000000000000000000000000000000000000000000000000000000000000000000000
310
00000000000000000000000000000000000000000000000000000000000000000000000000000000000000000000000000000000000000000000000000000000000000000000000000000000000000000000000000000000000000000000000000000000000000000000000000000000000000000000000000000000000000
310
00000000000000000000000000000000000000000000000000000000000000000000000000000000000000000000000000000000000000000000000000000000000000000000000000000000000000000000000000000000000000000000000000000000000000000000000000000000000000000000000000000000000000
310
00000000000000000000000000000000000000000000000000000000000000000000000000000000000000000000000000000000000000000000000000000000000000000000000000000000000000000000000000000000000000000000000000000000000000000000000000000000000000000000000000000000000000
310
00000000000000000000000000000000000000000000000000000000000000000000000000000000000000000000000000000000000000000000000000000000000000000000000000000000000000000000000000000000000000000000000000000000000000000000000000000000000000000000000000000000000000
310
00000000000000000000000000000000000000000000000000000000000000000000000000000000000000000000000000000000000000000000000000000000000000000000000000000000000000000000000000000000000000000000000000000000000000000000000000000000000000000000000000000000000000
310
00000000000000000000000000000000000000000000000000000000000000000000000000000000000000000000000000000000000000000000000000000000000000000000000000000000000000000000000000000000000000000000000000000000000000000000000000000000000000000000000000000000000000
310
00000000000000000000000000000000000000000000000000000000000000000000000000000000000000000000000000000000000000000000000000000000000000000000000000000000000000000000000000000000000000000000000000000000000000000000000000000000000000000000000000000000000000
310
00000000000000000000000000000000000000000000000000000000000000000000000000000000000000000000000000000000000000000000000000000000000000000000000000000000000000000000000000000000000000000000000000000000000000000000000000000000000000000000000000000000000000
310
00000000000000000000000000000000000000000000000000000000000000000000000000000000000000000000000000000000000000000000000000000000000000000000000000000000000000000000000000000000000000000000000000000000000000000000000000000000000000000000000000000000000000
310
00000000000000000000000000000000000000000000000000000000000000000000000000000000000000000000000000000000000000000000000000000000000000000000000000000000000000000000000000000000000000000000000000000000000000000000000000000000000000000000000000000000000000
310
00000000000000000000000000000000000000000000000000000000000000000000000000000000000000000000000000000000000000000000000000000000000000000000000000000000000000000000000000000000000000000000000000000000000000000000000000000000000000000000000000000000000000
310
00000000000000000000000000000000000000000000000000000000000000000000000000000000000000000000000000000000000000000000000000000000000000000000000000000000000000000000000000000000000000000000000000000000000000000000000000000000000000000000000000000000000000
310
00000000000000000000000000000000000000000000000000000000000000000000000000000000000000000000000000000000000000000000000000000000000000000000000000000000000000000000000000000000000000000000000000000000000000000000000000000000000000000000000000000000000000
310
00000000000000000000000000000000000000000000000000000000000000000000000000000000000000000000000000000000000000000000000000000000000000000000000000000000000000000000000000000000000000000000000000000000000000000000000000000000000000000000000000000000000000
310
00000000000000000000000000000000000000000000000000000000000000000000000000000000000000000000000000000000000000000000000000000000000000000000000000000000000000000000000000000000000000000000000000000000000000000000000000000000000000000000000000000000000000
310
00000000000000000000000000000000000000000000000000000000000000000000000000000000000000000000000000000000000000000000000000000000000000000000000000000000000000000000000000000000000000000000000000000000000000000000000000000000000000000000000000000000000000
310
000000000000000000000000000000000000000000000000000000000000000000000000000000000000000000000000000000000000000000000000000000000000000000000000000000000000000000000000000000000000000000000000000000000000000000000000000000000000000000DCDCDCDCDCDCDCDCDCDC
310
DCDCDCDCDCDCDCDCDCDCDCDCDCDCDCDCDCDCDCDCDCDCDCDCDCDCDCDCDCDCDCDCDCDCDCDC00000000000000000000000000000000000000000000000000000000000000000000000000000000000000000000000000000000000000000000000000000000000000000000000000000000000000000000000000000000000000
310
0000000000000000000000000000000000000000000000000000000000000000000000000000000000000000000000000000000000000000000000000000000000000000000000000000000000000000000000000000000000000000000000000000000000000000000000000000000000000000000000DCDCDCDCDCDCDCDC
310
DCDCDCDCDCDCDCDCDCDCDCDCDCDCDCDCDCDCDCDCDCDCDCDCDCDCDCDCDCDCDCDCDCDCDCDCDCDC0000000000000000000000000000000000000000000000000000000000000000000000000000000000000000000000000000000000000000000000000000000000000000000000000000000000000000000000000000000000
310
00000000000000000000000000000000000000000000000000000000000000000000000000000000000000000000000000000000000000000000000000000000000000000000000000000000000000000000000000000000000000000000000000000000000000000000000000000000000000000000000000DCDCDCDCDCDC
310
DCDCDCDCDCDCDCDCDCDCDCDCDCDCDCDCDCDCDCDCDCDCDCDCDCDCDCDCDCDCDCDCDCDCDCDCDCDCDCDC000000000000000000000000000000000000000000000000000000000000000000000000000000000000000000000000000000000000000000000000000000000000000000000000000000000000000000000000000000
310
000000000000000000000000000000000000000000000000000000000000000000000000000000000000000000000000000000000000000000000000000000000000000000000000000000000000000000000000000000000000000000000000000000000000000000000000000000000000000000000000000000DCDCDCDC
310
DCDCDCDCDCDCDCDCDCDCDCDCDCDCDCDCDCDCDCDCDCDCDCDCDCDCDCDCDCDCDCDCDCDCDCDCDCDCDCDCDCDC00000000000000000000000000000000000000000000000000000000000000000000000000000000000000000000000000000000000000000000000000000000000000000000000000000000000000000000000000
310
00000000000000000000000000000000000000000000000000000000000000000000000000000000000000000000000000000000000000000000000000000000000000000000000000000000000000000000000000000000000000000000000000000000000000000000000000000000000000000000000000000000000000
310
00000000000000DCDCDCDCDCDCDCDCDCDCDCDCDCDCDCDCDCDCDCDCDCDCDCDCDCDCDCDCDC00000000000000000000000000000000000000000000000000000000000000000000000000000000000000000000000000000000000000000000000000000000000000000000000000000000000000000000000000000000000000
310
00000000000000000000000000000000000000000000000000000000000000000000000000000000000000000000000000000000000000000000000000000000000000000000000000000000000000000000000000000000000000000000000000000000000000000000000000000000000000000000000000000000000000
310
000000000000000000DCDCDCDCDCDCDCDCDCDCDCDCDCDCDCDCDCDCDCDCDCDCDCDCDCDCDCDCDC0000000000000000000000000000000000000000000000000000000000000000000000000000000000000000000000000000000000000000000000000000000000000000000000000000000000000000000000000000000000
310
00000000000000000000000000000000000000000000000000000000000000000000000000000000000000000000000000000000000000000000000000000000000000000000000000000000000000000000000000000000000000000000000000000000000000000000000000000000000000000000000000000000000000
310
0000000000000000000000DCDCDCDCDCDCDCDCDCDCDCDCDCDCDCDCDCDCDCDCDCDCDCDCDCDCDCDCDC000000000000000000000000000000000000000000000000000000000000000000000000000000000000000000000000000000000000000000000000000000000000000000000000000000000000000000000000000000
310
00000000000000000000000000000000000000000000000000000000000000000000000000000000000000000000000000000000000000000000000000000000000000000000000000000000000000000000000000000000000000000000000000000000000000000000000000000000000000000000000000000000000000
310
0000000000000000000000DCDCDCDCDCDCDCDCDCDCDCDCDCDCDCDCDCDCDCDCDCDCDCDCDCDCDCDCDCDCDCDCDC0000000000000000000000000000000000000000000000000000000000000000000000000000000000000000000000000000000000000000000000000000000000000000000000000000000000000000000000
310
00000000000000000000000000000000000000000000000000000000000000000000000000000000000000000000000000000000000000000000000000000000000000000000000000000000000000000000000000000000000000000000000000000000000000000000000000000000000000000000000000000000000000
310
00000000000000000000000000DCDCDCDCDCDCDCDCDCDCDCDCDCDCDCDCDCDCDCDCDCDCDCDCDCDCDCDCDCDCDCDCDC000000000000000000000000000000000000000000000000000000000000000000000000000000000000000000000000000000000000000000000000000000000000000000000000000000000000000000
310
00000000000000000000000000000000000000000000000000000000000000000000000000000000000000000000000000000000000000000000000000000000000000000000000000000000000000000000000000000000000000000000000000000000000000000000000000000000000000000000000000000000000000
310
000000000000000000000000000000DCDCDCDCDCDCDCDCDCDCDCDCDCDCDCDCDCDCDCDCDCDCDCDCDCDCDCDCDCDCDCDCDC00000000000000000000000000000000000000000000000000000000000000000000000000000000000000000000000000000000000000000000000000000000000000000000000000000000000000
310
00000000000000000000000000000000000000000000000000000000000000000000000000000000000000000000000000000000000000000000000000000000000000000000000000000000000000000000000000000000000000000000000000000000000000000000000000000000000000000000000000000000000000
310
0000000000000000000000000000000000DCDCDCDCDCDCDCDCDCDCDCDCDCDCDCDCDCDCDCDCDCDCDCDCDCDCDCDCDCDCDCDCDC0000000000000000000000000000000000000000000000000000000000000000000000000000000000000000000000000000000000000000000000000000000000000000000000000000000000
310
00000000000000000000000000000000000000000000000000000000000000000000000000000000000000000000000000000000000000000000000000000000000000000000000000000000000000000000000000000000000000000000000000000000000000000000000000000000000000000000000000000000000000
310
00000000000000000000000000000000000000000000000000000000000000000000000000000000000000000000000000000000000000000000000000000000000000000000000000000000000000000000000000000000000000000000000000000000000000000000000000000000000000000000000000000000000000
310
00000000000000000000000000000000000000000000000000000000000000000000000000000000000000000000000000000000000000000000000000000000000000000000000000000000000000000000000000000000000000000000000000000000000000000000000000000000000000000000000000000000000000
310
00000000000000000000000000000000000000000000000000000000000000000000000000000000000000000000000000000000000000000000000000000000000000000000000000000000000000000000000000000000000000000000000000000000000000000000000000000000000000000000000000000000000000
310
00000000000000000000000000000000000000000000000000000000000000000000000000000000000000000000000000000000000000000000000000000000000000000000000000000000000000000000000000000000000000000000000000000000000000000000000000000000000000000000000000000000000000
310
00000000000000000000000000000000000000000000000000000000000000000000000000000000000000000000000000000000000000000000000000000000000000000000000000000000000000000000000000000000000000000000000000000000000000000000000000000000000000000000000000000000000000
310
00000000000000000000000000000000000000000000000000000000000000000000000000000000000000000000000000000000000000000000000000000000000000000000000000000000000000000000000000000000000000000000000000000000000000000000000000000000000000000000000000000000000000
310
00000000000000000000000000000000000000000000000000000000000000000000000000000000000000000000000000000000000000000000000000000000000000000000000000000000000000000000000000000000000000000000000000000000000000000000000000000000000000000000000000000000000000
310
00000000000000000000000000000000000000000000000000000000000000000000000000000000000000000000000000000000000000000000000000000000000000000000000000000000000000000000000000000000000000000000000000000000000000000000000000000000000000000000000000000000000000
310
00000000000000000000000000000000000000000000000000000000000000000000000000000000000000000000000000000000000000000000000000000000000000000000000000000000000000000000000000000000000000000000000000000000000000000000000000000000000000000000000000000000000000
310
00000000000000000000000000000000000000000000000000000000000000000000000000000000000000000000000000000000000000000000000000000000000000000000000000000000000000000000000000000000000000000000000000000000000000000000000000000000000000000000000000000000000000
310
00000000000000000000000000000000000000000000000000000000000000000000000000000000000000000000000000000000000000000000000000000000000000000000000000000000000000000000000000000000000000000000000000000000000000000000000000000000000000000000000000000000000000
310
00000000000000000000000000000000000000000000000000000000000000000000000000000000000000000000000000000000000000000000000000000000000000000000000000000000000000000000000000000000000000000000000000000000000000000000000000000000000000000000000000000000000000
310
00000000000000000000000000000000000000000000000000000000000000000000000000000000000000000000000000000000000000000000000000000000000000000000000000000000000000000000000000000000000000000000000000000000000000000000000000000000000000000000000000000000000000
310
00000000000000000000000000000000000000000000000000000000000000000000000000000000000000000000000000000000000000000000000000000000000000000000000000000000000000000000000000000000000000000000000000000000000000000000000000000000000000000000000000000000000000
310
00000000000000000000000000000000000000000000000000000000000000000000000000000000000000000000000000000000000000000000000000000000000000000000000000000000000000000000000000000000000000000000000000000000000000000000000000000000000000000000000000000000000000
310
00000000000000000000000000000000000000000000000000000000000000000000000000000000000000000000000000000000000000000000000000000000000000000000000000000000000000000000000000000000000000000000000000000000000000000000000000000000000000000000000000000000000000
310
00000000000000000000000000000000000000000000000000000000000000000000000000000000000000000000000000000000000000000000000000000000000000000000000000000000000000000000000000000000000000000000000000000000000000000000000000000000000000000000000000000000000000
310
00000000000000000000000000000000000000000000000000000000000000000000000000000000000000000000000000000000000000000000000000000000000000000000000000000000000000000000000000000000000000000000000000000000000000000000000000000000000000000000000000000000000000
310
000000000000000000000000000000000000000000000000000000000000000000000000000000000000000000000000000000000000000000000000000000000000000000000000000000000000000000000000000000000000000000000000000000000000000000000000000000000000000F0000000000000000000000
310
00000000000000000000000000000000000000000000000000000000000000000000000000000000000000000000000000000000000000000000000000000000000000000000000000000000000000000000000000000000000000000000000000000000000000000000000000000000000000000000000000000000000000
310
0000000F0F0F0F0F0F0F0F0F0F0F0F0F0F0F0F0F0F0F0F0F0F0F0F0F0F0F0F0F0F0F0F0F0F0F0F0F0F0F0F0F0F0F0F0F0F0F0F0F0F0F0F0F0F0F0F0F0F0F0F0F0F0F0F0F0F0F0F0F0F0F0F0F0F0F0F0F0F0F0F0F0F0F0F0F0F0F0F0F0F0F0F0F0F0F0F0F0F0F0F0F0F0F0F0F0F0F0F0F0F0F0F0F0F0F000000000000000000
310
00000000000000000000000000000000000000000000000000000000000000000000000000000000000000000000000000000000000000000000000000000000000000000000000000000000000000000000000000000000000000000000000000000000000000000000000000000000000000000000000000000000000000
310
0000000000000F00000000000000000000000000000000000000000000000000F5F5F5F5C3C3F5BEBEBEC32D2D00000000000000000000000000000000000000000000000000000000000000000000000000000000000000000000000000000000000000000000000000000000000000000000000000000F00000000000000
310
00000000000000000000000000000000000000000000000000000000000000000000000000000000000000000000000000000000000000000000000000000000000000000000000000000000000000000000000000000000000000000000000000000000000000000000000000000000000000000000000000000000000000
310
00000000000000000F000000000000000000000000000000000000F5C3F5C3F5F5F5BEBEBEBEBE0000000000BEC3F500000000000000000000000000000000000000000000000000000000000000000000000000000000000000000000000000000000000000000000000000000000000000000000000000000F0000000000
310
00000000000000000000000000000000000000000000000000000000000000000000000000000000000000000000000000000000000000000000000000000000000000000000000000000000000000000000000000000000000000000000000000000000000000000000000000000000000000000000000000000000000000
310
000000000000000000000F000000000000000000000000C3F5F5F5F5F5BEBEBEBE00000000000000000000000000BE28F500000000000000000000000000000000000000000000000000000000000000000000000000000000000000000000000000000000000000000000000000000000000000000000000000000F000000
310
00000000000000000000000000000000000000000000000000000000000000000000000000000000000000000000000000000000000000000000000000000000000000000000000000000000000000000000000000000000000000000000000000000000000000000000000000000000000000000000000000000000000000
310
0000000000000000000000000F0000000000F5F5F5F5F5F5C3BEBE000000000000000000000000000000000000000000BE00F500000000000000000000000000000000000000000000000000000000000000000000000000000000000000000000000000000000000000000000000000000000000000000000000000000F00
310
00000000000000000000000000000000000000000000000000000000000000000000000000000000000000000000000000000000000000000000000000000000000000000000000000000000000000000000000000000000000000000000000000000000000000000000000000000000000000000000000000000000000000
310
00000000000000000000000000000F00F5F5C3C3BE0000000000000000000000000000000000000000000000000000000000BEC3F50000000000000000000000000000000000000000000000000000000000000000000000000000000000000000000000000000000000000000000000000000000000000000000000000000
310
0F000000000000000000000000000000000000000000000000000000000000000000000000000000000000000000000000000000000000000000000000000000000000000000000000000000000000000000000000000000000000000000000000000000000000000000000000000000000000000000000000000000000000
310
000000000000000000000000000000000FF5C3BEBEBEBEBEBE000000000000000000000000000000000000000000000000000000BE00F5000000000000000000000000000000000000000000000000000000000000000000000000000000000000000000000000000000000000000000000000000000000000000000000000
310
00000F00000000000000000000000000000000000000000000000000000000000000000000000000000000000000000000000000000000000000000000000000000000000000000000000000000000000000000000000000000000000000000000000000000000000000000000000000000000000000000000000000000000
310
0000000000000000000000000000000000000FC3BEBEBEBEBEBEBE000000000000000000000000000000000000000000000000000000BE00F500000000000000000000000000000000000000000000000000000000000000000000000000000000000000000000000000000000000000000000000000000000000000000000
310
000000000F0000000000000000000000000000000000000000000000000000000000000000000000000000000000000000000000000000000000000000000000000000000000000000000000000000000000000000000000000000000000000000000000000000000000000000000000000000000000000000000000000000
310
00000000000000000000000000000000000000000F28BEBEBEBEBEBEBE000000000000000000000000000000000000000000000000000000BE00F50000000000000000000000000000000000000000000000000000000000000000000000000000000000000000000000000000000000000000000000000000000000000000
310
0000000000000F000000000000000000000000000000000000000000000000000000000000000000000000000000000000000000000000000000000000000000000000000000000000000000000000000000000000000000000000000000000000000000000000000000000000000000000000000000000000000000000000
310
000000000000000000000000000000000000000000000F00BE000000000000000000000000000000000000000000000000000000000000000000BE00F5000000000000000000000000000000000000000000000000000000000000000000000000000000000000000000000000000000000000000000000000000000000000
310
00000000000000000F00000000000000000000000000000000000000000000000000000000000000000000000000000000000000000000000000000000000000000000000000000000000000000000000000000000000000000000000000000000000000000000000000000000000000000000000000000000000000000000
310
0000000000000000000000000000000000000000000000000F00BE000000000000000000000000000000000000000000000000000000000000000000BE00F500000000000000000000000000000000000000000000000000000000000000000000000000000000000000000000000000000000000000000000000000000000
310
000000000000000000000F0000000000000000000000000000000000000000000000000000000000000000000000000000000000000000000000000000000000000000000000000000000000000000000000000000000000000000000000000000000000000000000000000000000000000000000000000000000000000000
310
00000000000000000000000000000000000000000000000000000FC3BE000000000000000000000000000000000000000000000000000000000000000000BE00F50000000000000000000000000000000000000000000000000000000000000000000000000000000000000000000000000000000000000000000000000000
310
0000000000000000000000000F000000000000000000000000000000000000000000000000000000000000000000000000000000000000000000000000000000000000000000000000000000000000000000000000000000000000000000000000000000000000000000000000000000000000000000000000000000000000
310
000000000000000000000000000000000000000000000000000000000FC3BE000000000000000000000000000000000000000000000000000000000000000000BE00F5000000000000000000000000000000000000000000000000000000000000000000000000000000000000000000000000000000000000000000000000
310
00000000000000000000000000000F00000000000000000000000000000000000000000000000000000000000000000000000000000000000000000000000000000000000000000000000000000000000000000000000000000000000000000000000000000000000000000000000000000000000000000000000000000000
310
0000000000000000000000000000000000000000000000000000000000000F28BE000000000000000000000000000000000000000000000000000000000000000000BE28F500000000000000000000000000000000000000000000000000000000000000000000000000000000000000000000000000000000000000000000
310
000000000000000000000000000000000F0000000000000000000000000000000000000000000000000000000000000000000000000000000000000000000000000000000000000000000000000000000000000000000000000000000000000000000000000000000000000000000000000000000000000000000000000000
310
00000000000000000000000000000000000000000000000000000000000000000FC3F5BEBEBEBEBEBEBEBEBEBEBEBEBEBEBEBEBEBEBEBEBEBEBEBEBEBEBEBEBEBEBEBEBEF5C3F50000000000000000000000000000000000000000000000000000000000000000000000000000000000000000000000000000000000000000
310
0000000000000000000000000000000000000F000000000000000000000000000000000000000000000000000000000000000000000000000000000000000000000000000000000000000000000000000000000000000000000000000000000000000000000000000000000000000000000000000000000000000000000000
310
000000000000000000000000000000000000000000000000000000000000000000000F00C300000000C3C3000000000000C300C3000000000000C3C300000000000000C3C300C30000000000000000000000000000000000000000000000000000000000000000000000000000000000000000000000000000000000000000
310
00000000000000000000000000000000000000000F00000000000000000000000000000000000000000000000000000000000000000000000000000000000000000000000000000000000000000000000000000000000000000000000000000000000000000000000000000000000000000000000000000000000000000000
310
0000000000000000000000000000000000000000000000000000000000000000000000000F00F5F5F5F5F5F5F5F5F5F5F5F5F5F5F5F5F5F5F5F5F5F5F5F5F5F5F5F5F5F5F5F5F5F5F5000000000000000000000000000000000000000000000000000000000000000000000000000000000000000000000000000000000000
310
000000000000000000000000000000000000000000000F0000000000000000000000000000000000000000000000000000000000000000000000000000000000000000000000000000000000000000000000000000000000000000000000000000000000000000000000000000000000000000000000000000000000000000
310
00000000000000000000000000000000000000000000000000000000000000000000000000000F00000000000000000000000000000000000000000000000000000000000000000000000000000000000000000000000000000000000000000000000000000000000000000000000000000000000000000000000000000000
310
0000000000000000000000000000000000000000000000000F000000000000000000000000000000000000000000000000000000000000000000000000000000000000000000000000000000000000000000000000000000000000000000000000000000000000000000000000000000000000000000000000000000000000
310
000000000000000000000000000000000000000000000000000000000000000000000000000000000F0000000000000000000000000000000000000000000000000000000000000000000000000000000000000000000000000000000000000000000000000000000000000000000000000000000000000000000000000000
310
00000000000000000000000000000000000000000000000000000F00000000000000000000000000000000000000000000000000000000000000000000000000000000000000000000000000000000000000000000000000000000000000000000000000000000000000000000000000000000000000000000000000000000
310
0000000000000000000000000000000000000000000000000000000000000000000000000000000000000F000000000000000000000000000000000000000000000000000000000000000000000000000000000000000000000000000000000000000000000000000000000000000000000000000000000000000000000000
310
000000000000000000000000000000000000000000000000000000000F0000000000000000000000000000000000000000000000000000000000000000000000000000000000000000000000000000000000000000000000000000000000000000000000000000000000000000000000000000000000000000000000000000
310
00000000000000000000000000000000000000000000000000000000000000000000000000000000000000000F00000000000000000000000000000000000000000000000000000000000000000000000000000000000000000000000000000000000000000000000000000000000000000000000000000000000000000000
310
0000000000000000000000000000000000000000000000000000000000000F000000000000000000000000000000000000000000000000000000000000000000000000000000000000000000000000000000000000000000000000000000000000000000000000000000000000000000000000000000000000000000000000
310
000000000000000000000000000000000000000000000000000000000000000000000000000000000000000000000F0000000000000000000000000000000000000000000000000000000000000000000000000000000000000000000000000000000000000000000000000000000000000000000000000000000000000000
310
00000000000000000000000000000000000000000000000000000000000000000F00000000000000000000000000000000000000000000000000000000000000000000000000000000000000000000000000000000000000000000000000000000000000000000000000000000000000000000000000000000000000000000
310
0000000000000000000000000000000000000000000000000000000000000000000000000000000000000000000000000F000000000000000000000000000000000000000000000000000000000000000000000000000000000000000000000000000000000000000000000000000000000000000000000000000000000000
310
000000000000000000000000000000000000000000000000000000000000000000000F0000000000000000000000000000000000000000000000000000000000000000000000000000000000000000000000000000000000000000000000000000000000000000000000000000000000000000000000000000000000000000
310
00000000000000000000000000000000000000000000000000000000000000000000000000000000000000000000000000000F00000000000000000000000000000000000000000000000000000000000000000000000000000000000000000000000000000000000000000000000000000000000000000000000000000000
310
0000000000000000000000000000000000000000000000000000000000000000000000000F000000000000000000000000000000000000000000000000000000000000000000000000000000000000000000000000000000000000000000000000000000000000000000000000000000000000000000000000000000000000
310
000000000000000000000000000000000000000000000000000000000000000000000000000000000000000000000000000000000F0000000000000000000000000000000000000000000000000000000000000000000000000000000000000000000000000000000000000000000000000000000000000000000000000000
310
00000000000000000000000000000000000000000000000000000000000000000000000000000F00000000000000000000000000000000000000000000000000000000000000000000000000000000000000000000000000000000000000000000000000000000000000000000000000000000000000000000000000000000
310
0000000000000000000000000000000000000000000000000000000000000000000000000000000000000000000000000000000000000F000000000000000000000000000000000000000000000000000000000000000000000000000000000000000000000000000000000000000000000000000000000000000000000000
310
000000000000000000000000000000000000000000000000000000000000000000000000000000000F0000000000000000000000000000000000000000000000000000000000000000000000000000000000000000000000000000000000000000000000000000000000000000000000000000000000000000000000000000
310
00000000000000000000000000000000000000000000000000000000000000000000000000000000000000000000000000000000000000000F00000000000000000000000000000000000000000000000000000000000000000000000000000000000000000000000000000000000000000000000000000000000000000000
310
0000000000000000000000000000000000000000000000000000000000000000000000000000000000000F000000000000000000000000000000000000000000000000000000000000000000000000000000000000000000000000000000000000000000000000000000000000000000000000000000000000000000000000
310
000000000000000000000000000000000000000000000000000000000000000000000000000000000000000000000000000000000000000000000F0000000000000000000000000000000000000000000000000000000000000000000000000000000000000000000000000000000000000000000000000000000000000000
310
00000000000000000000000000000000000000000000000000000000000000000000000000000000000000000F00000000000000000000000000000000000000000000000000000000000000000000000000000000000000000000000000000000000000000000000000000000000000000000000000000000000000000000
310
0000000000000000000000000000000000000000000000000000000000000000000000000000000000000000000000000000000000000000000000000F000000000000000000000000000000000000000000000000000000000000000000000000000000000000000000000000000000000000000000000000000000000000
310
000000000000000000000000000000000000000000000000000000000000000000000000000000000000000000000F0000000000000000000000000000000000000000000000000000000000000000000000000000000000000000000000000000000000000000000000000000000000000000000000000000000000000000
310
00000000000000000000000000000000000000000000000000000000000000000000000000000000000000000000000000000000000000000000000000000F00000000000000000000000000000000000000000000000000000000000000000000000000000000000000000000000000000000000000000000000000000000
310
0000000000000000000000000000000000000000000000000000000000000000000000000000000000000000000000000F000000000000000000000000000000000000000000000000000000000000000000000000000000000000000000000000000000000000000000000000000000000000000000000000000000000000
310
000000000000000000000000000000000000000000000000000000000000000000000000000000000000000000000000000000000000000000000000000000000F0000000000000000000000000000000000000000000000000000000000000000000000000000000000000000000000000000000000000000000000000000
310
00000000000000000000000000000000000000000000000000000000000000000000000000000000000000000000000000000F00000000000000000000000000000000000000000000000000000000000000000000000000000000000000000000000000000000000000000000000000000000000000000000000000000000
310
0000000000000000000000000000000000000000000000000000000000000000000000000000000000000000000000000000000000000000000000000000000000000F000000000000000000000000000000000000000000000000000000000000000000000000000000000000000000000000000000000000000000000000
310
000000000000000000000000000000000000000000000000000000000000000000000000000000000000000000000000000000000F0000000000000000000000000000000000000000000000000000000000000000000000000000000000000000000000000000000000000000000000000000000000000000000000000000
310
00000000000000000000000000000000000000000000000000000000000000000000000000000000000000000000000000000000000000000000000000000000000000000F00000000000000000000000000000000000000000000000000000000000000000000000000000000000000000000000000000000000000000000
310
0000000000000000000000000000000000000000000000000000000000000000000000000000000000000000000000000000000000000F000000000000000000000000000000000000000000000000000000000000000000000000000000000000000000000000000000000000000000000000000000000000000000000000
310
000000000000000000000000000000000000000000000000000000000000000000000000000000000000000000000000000000000000000000000000000000000000000000000F0000000000000000000000000000000000000000000000000000000000000000000000000000000000000000000000000000000000000000
310
00000000000000000000000000000000000000000000000000000000000000000000000000000000000000000000000000000000000000000F00000000000000000000000000000000000000000000000000000000000000000000000000000000000000000000000000000000000000000000000000000000000000000000
310
0000000000000000000000000000000000000000000000000000000000000000000000000000000000000000000000000000000000000000000000000000000000000000000000000F000000000000000000000000000000000000000000000000000000000000000000000000000000000000000000000000000000000000
310
000000000000000000000000000000000000000000000000000000000000000000000000000000000000000000000000000000000000000000000F0000000000000000000000000000000000000000000000000000000000000000000000000000000000000000000000000000000000000000000000000000000000000000
310
00000000000000000000000000000000000000000000000000000000000000000000000000000000000000000000000000000000000000000000000000000000000000000000000000000F00000000000000000000000000000000000000000000000000000000000000000000000000000000000000000000000000000000
310
0000000000000000000000000000000000000000000000000000000000000000000000000000000000000000000000000000000000000000000000000F000000000000000000000000000000000000000000000000000000000000000000000000000000000000000000000000000000000000000000000000000000000000
310
000000000000000000000000000000000000000000000000000000000000000000000000000000000000000000000000000000000000000000000000000000000000000000000000000000000F0000000000000000000000000000000000000000000000000000000000000000000000000000000000000000000000000000
310
00000000000000000000000000000000000000000000000000000000000000000000000000000000000000000000000000000000000000000000000000000F00000000000000000000000000000000000000000000000000000000000000000000000000000000000000000000000000000000000000000000000000000000
310
0000000000000000000000000000000000000000000000000000000000000000000000000000000000000000000000000000000000000000000000000000000000000000000000000000000000000F000000000000000000000000000000000000000000000000000000000000000000000000000000000000000000000000
310
000000000000000000000000000000000000000000000000000000000000000000000000000000000000000000000000000000000000000000000000000000000F0000000000000000000000000000000000000000000000000000000000000000000000000000000000000000000000000000000000000000000000000000
310
00000000000000000000000000000000000000000000000000000000000000000000000000000000000000000000000000000000000000000000000000000000000000000000000000000000000000000F00000000000000000000000000000000000000000000000000000000000000000000000000000000000000000000
310
0000000000000000000000000000000000000000000000000000000000000000000000000000000000000000000000000000000000000000000000000000000000000F000000000000000000000000000000000000000000000000000000000000000000000000000000000000000000000000000000000000000000000000
310
000000000000000000000000000000000000000000000000000000000000000000000000000000000000000000000000000000000000000000000000000000000000000000000000000000000000000000000F0000000000000000000000000000000000000000000000000000000000000000000000000000000000000000
310
00000000000000000000000000000000000000000000000000000000000000000000000000000000000000000000000000000000000000000000000000000000000000000F00000000000000000000000000000000000000000000000000000000000000000000000000000000000000000000000000000000000000000000
310
0000000000000000000000000000000000000000000000000000000000000000000000000000000000000000000000000000000000000000000000000000000000000000000000000000000000000000000000000F000000000000000000000000000000000000000000000000000000000000000000000000000000000000
310
000000000000000000000000000000000000000000000000000000000000000000000000000000000000000000000000000000000000000000000000000000000000000000000F0000000000000000000000000000000000000000000000000000000000000000000000000000000000000000000000000000000000000000
310
00000000000000000000000000000000000000000000000000000000000000000000000000000000000000000000000000000000000000000000000000000000000000000000000000000000000000000000000000000F00000000000000000000000000000000000000000000000000000000000000000000000000000000
310
0000000000000000000000000000000000000000000000000000000000000000000000000000000000000000000000000000000000000000000000000000000000000000000000000F000000000000000000000000000000000000000000000000000000000000000000000000000000000000000000000000000000000000
310
000000000000000000000000000000000000000000000000000000000000000000000000000000000000000000000000000000000000000000000000000000000000000000000000000000000000000000000000000000000F0000000000000000000000000000000000000000000000000000000000000000000000000000
310
00000000000000000000000000000000000000000000000000000000000000000000000000000000000000000000000000000000000000000000000000000000000000000000000000000F00000000000000000000000000000000000000000000000000000000000000000000000000000000000000000000000000000000
310
0000000000000000000000000000000000000000000000000000000000000000000000000000000000000000000000000000000000000000000000000000000000000000000000000000000000000000000000000000000000000F0F0F0F0F0F0F0F0F0F0F0F0F0F0F0F0F0F0F0F0F0F0F0F0F0F0F0F0F0F0F0F0F0F0F0F0F
310
0F0F0F0F0F0F0F0F0F0F0F0F0F0F0F0F0F0F0F0F0F0F0F0F0F0F0F0F0F0F0F0F0F0F0F0F0F0F0F0F0F0F0F0F0F0F0F0F0F0F0F0F0F0F0F0F0F0F0F0F0F0F0F0F0F0F0F0F0F0F0F0F0F0F0F0F0F0000000000000000000000000000000000000000000000000000000000000000000000000000000000000000000000000000
310
00000000000000000000000000000000000000000000000000000000000000000000000000000000000000000000000000000000000000000000000000000000000000000000000000000000000000000000000000000000000000000000000000000000000000000000000000000000000000000000000000000000000000
310
00000000000000000000000000000000000000000000000000000000000000000000000000000000000000000000000000000000000000000000000000000000000000000000000000000000000000000000000000000000000000000000000000000000000000000000000000000000000000000000000000000000000000
310
00000000000000000000000000000000000000000000000000000000000000000000000000000000000000000000000000000000000000000000000000000000000000000000000000000000000000000000000000000000000000000000000000000000000000000000000000000000000000000000000000000000000000
310
00000000000000000000000000000000000000000000000000000000000000000000000000000000000000000000000000000000000000000000000000000000000000000000000000000000000000000000000000000000000000000000000000000000000000000000000000000000000000000000000000000000000000
310
00000000000000000000000000000000000000000000000000000000000000000000000000000000000000000000000000000000000000000000000000000000000000000000000000000000000000000000000000000000000000000000000000000000000000000000000000000000000000000000000000000000000000
310
00000000000000000000000000000000000000000000000000000000000000000000000000000000000000000000000000000000000000000000000000000000000000000000000000000000000000000000000000000000000000000000000000000000000000000000000000000000000000000000000000000000000000
310
00000000000000000000000000000000000000000000000000000000000000000000000000000000000000000000000000000000000000000000000000000000000000000000000000000000000000000000000000000000000000000000000000000000000000000000000000000000000000000000000000000000000000
310
00000000000000000000000000000000000000000000000000000000000000000000000000000000000000000000000000000000000000000000000000000000000000000000000000000000000000000000000000000000000000000000000000000000000000000000000000000000000000000000000000000000000000
310
00000000000000000000000000000000000000000000000000000000000000000000000000000000000000000000000000000000000000000000000000000000000000000000000000000000000000000000000000000000000000000000000000000000000000000000000000000000000000000000000000000000000000
310
00000000000000000000000000000000000000000000000000000000000000000000000000000000000000000000000000000000000000000000000000000000000000000000000000000000000000000000000000000000000000000000000000000000000000000000000000000000000000000000000000000000000000
310
00000000000000000000000000000000000000000000000000000000000000000000000000000000000000000000000000000000000000000000000000000000000000000000000000000000000000000000000000000000000000000000000000000000000000000000000000000000000000000000000000000000000000
310
00000000000000000000000000000000000000000000000000000000000000000000000000000000000000000000000000000000000000000000000000000000000000000000000000000000000000000000000000000000000000000000000000000000000000000000000000000000000000000000000000000000000000
310
00000000000000000000000000000000000000000000000000000000000000000000000000000000000000000000000000000000000000000000000000000000000000000000000000000000000000000000000000000000000000000000000000000000000000000000000000000000000000000000000000000000000000
310
00000000000000000000000000000000000000000000000000000000000000000000000000000000000000000000000000000000000000000000000000000000000000000000000000000000000000000000000000000000000000000000000000000000000000000000000000000000000000000000000000000000000000
310
00000000000000000000000000000000000000000000000000000000000000000000000000000000000000000000000000000000000000000000000000000000000000000000000000000000000000000000000000000000000000000000000000000000000000000000000000000000000000000000000000000000000000
310
00000000000000000000000000000000000000000000000000000000000000000000000000000000000000000000000000000000000000000000000000000000000000000000000000000000000000000000000000000000000000000000000000000000000000000000000000000000000000000000000000000000000000
310
00000000000000000000000000000000000000000000000000000000000000000000000000000000000000000000000000000000000000000000000000000000000000000000000000000000000000000000000000000000000000000000000000000000000000000000000000000000000000000000000000000000000000
310
00000000000000000000000000000000000000000000000000000000000000000000000000000000000000000000000000000000000000000000000000000000000000000000000000000000000000000000000000000000000000000000000000000000000000000000000000000000000000000000000000000000000000
310
00000000000000000000000000000000000000000000000000000000000000000000000000000000000000000000000000000000000000000000000000000000000000000000000000000000000000000000000000000000000000000000000000000000000000000000000000000000000000000000000000000000000000
310
00000000000000000000000000000000000000000000000000000000000000000000000000000000000000000000000000000000000000000000000000000000000000000000000000000000000000000000000000000000000000000000000000000000000000000000000000000000000000000000000000000000000000
310
00000000000000000000000000000000000000000000000000000000000000000000000000000000000000000000000000000000000000000000000000000000000000000000000000000000000000000000000000000000000000000000000000000000000000000000000000000000000000000000000000000000000000
310
00000000000000000000000000000000000000000000000000000000000000000000000000000000000000000000000000000000000000000000000000000000000000000000000000000000000000000000000000000000000000000000000000000000000000000000000000000000000000000000000000000000000000
310
00000000000000000000000000000000000000000000000000000000000000000000000000000000000000000000000000000000000000000000000000000000000000000000000000000000000000000000000000000000000000000000000000000000000000000000000000000000000000000000000000000000000000
310
00000000000000000000000000000000000000000000000000000000000000000000000000000000000000000000000000000000000000000000000000000000000000000000000000000000000000000000000000000000000000000000000000000000000000000000000000000000000000000000000000000000000000
310
00000000000000000000000000000000000000000000000000000000000000000000000000000000000000000000000000000000000000000000000000000000000000000000000000000000000000000000000000000000000000000000000000000000000000000000000000000000000000000000000000000000000000
310
00000000000000000000000000000000000000000000000000000000000000000000000000000000000000000000000000000000000000000000000000000000000000000000000000000000000000000000000000000000000000000000000000000000000000000000000000000000000000000000000000000000000000
310
00000000000000000000000000000000000000000000000000000000000000000000000000000000000000000000000000000000000000000000000000000000000000000000000000000000000000000000000000000000000000000000000000000000000000000000000000000000000000000000000000000000000000
310
00000000000000000000000000000000000000000000000000000000000000000000000000000000000000000000000000000000000000000000000000000000000000000000000000000000000000000000000000000000000000000000000000000000000000000000000000000000000000000000000000000000000000
310
00000000000000000000000000000000000000000000000000000000000000000000000000000000000000000000000000000000000000000000000000000000000000000000000000000000000000000000000000000000000000000000000000000000000000000000000000000000000000000000000000000000000000
310
00000000000000000000000000000000000000000000000000000000000000000000000000000000000000000000000000000000000000000000000000000000000000000000000000000000000000000000000000000000000000000000000000000000000000000000000000000000000000000000000000000000000000
310
00000000000000000000000000000000000000000000000000000000000000000000000000000000000000000000000000000000000000000000000000000000000000000000000000000000000000000000000000000000000000000000000000000000000000000000000000000000000000000000000000000000000000
310
00000000000000000000000000000000000000000000000000000000000000000000000000000000000000000000000000000000000000000000000000000000000000000000000000000000000000000000000000000000000000000000000000000000000000000000000000000000000000000000000000000000000000
310
00000000000000000000000000000000000000000000000000000000000000000000000000000000000000000000000000000000000000000000000000000000000000000000000000000000000000000000000000000000000000000000000000000000000000000000000000000000000000000000000000000000000000
310
00000000000000000000000000000000000000000000000000000000000000000000000000000000000000000000000000000000000000000000000000000000000000000000000000000000000000000000000000000000000000000000000000000000000000000000000000000000000000000000000000000000000000
310
00000000000000000000000000000000000000000000000000000000000000000000000000000000000000000000000000000000000000000000000000000000000000000000000000000000000000000000000000000000000000000000000000000000000000000000000000000000000000000000000000000000000000
310
00000000000000000000000000000000000000000000000000000000000000000000000000000000000000000000000000000000000000000000000000000000000000000000000000000000000000000000000000000000000000000000000000000000000000000000000000000000000000000000000000000000000000
310
00000000000000000000000000000000000000000000000000000000000000000000000000000000000000000000000000000000000000000000000000000000000000000000000000000000000000000000000000000000000000000000000000000000000000000000000000000000000000000000000000000000000000
310
00000000000000000000000000000000000000000000000000000000000000000000000000000000000000000000000000000000000000000000000000000000000000000000000000000000000000000000000000000000000000000000000000000000000000000000000000000000000000000000000000000000000000
310
00000000000000000000000000000000000000000000000000000000000000000000000000000000000000000000000000000000000000000000000000000000000000000000000000000000000000000000000000000000000000000000000000000000000000000000000000000000000000000000000000000000000000
310
00000000000000000000000000000000000000000000000000000000000000000000000000000000000000000000000000000000000000000000000000000000000000000000000000000000000000000000000000000000000000000000000000000000000000000000000000000000000000000000000000000000000000
310
00000000000000000000000000000000000000000000000000000000000000000000000000000000000000000000000000000000000000000000000000000000000000000000000000000000000000000000000000000000000000000000000000000000000000000000000000000000000000000000000000000000000000
310
00000000000000000000000000000000000000000000000000000000000000000000000000000000000000000000000000000000000000000000000000000000000000000000000000000000000000000000000000000000000000000000000000000000000000000000000000000000000000000000000000000000000000
310
00000000000000000000000000000000000000000000000000000000000000000000000000000000000000000000000000000000000000000000000000000000000000000000000000000000000000000000000000000000000000000000000000000000000000000000000000000000000000000000000000000000000000
310
00000000000000000000000000000000000000000000000000000000000000000000000000000000000000000000000000000000000000000000000000000000000000000000000000000000000000000000000000000000000000000000000000000000000000000000000000000000000000000000000000000000000000
310
00000000000000000000000000000000000000000000000000000000000000000000000000000000000000000000000000000000000000000000000000000000000000000000000000000000000000000000000000000000000000000000000000000000000000000000000000000000000000000000000000000000000000
310
00000000000000000000000000000000000000000000000000000000000000000000000000000000000000000000000000000000000000000000000000000000000000000000000000000000000000000000000000000000000000000000000000000000000000000000000000000000000000000000000000000000000000
310
00000000000000000000000000000000000000000000000000000000000000000000000000000000000000000000000000000000000000000000000000000000000000000000000000000000000000000000000000000000000000000000000000000000000000000000000000000000000000000000000000000000000000
310
00000000000000000000000000000000000000000000000000000000000000000000000000000000000000000000000000000000000000000000000000000000000000000000000000000000000000000000000000000000000000000000000000000000000000000000000000000000000000000000000000000000000000
310
00000000000000000000000000000000000000000000000000000000000000000000000000000000000000000000000000000000000000000000000000000000000000000000000000000000000000000000000000000000000000000000000000000000000000000000000000000000000000000000000000000000000000
310
00000000000000000000000000000000000000000000000000000000000000000000000000000000000000000000000000000000000000000000000000000000000000000000000000000000000000000000000000000000000000000000000000000000000000000000000000000000000000000000000000000000000000
310
00000000000000000000000000000000000000000000000000000000000000000000000000000000000000000000000000000000000000000000000000000000000000000000000000000000000000000000000000000000000000000000000000000000000000000000000000000000000000000000000000000000000000
310
00000000000000000000000000000000000000000000000000000000000000000000000000000000000000000000000000000000000000000000000000000000000000000000000000000000000000000000000000000000000000000000000000000000000000000000000000000000000000000000000000000000000000
310
00000000000000000000000000000000000000000000000000000000000000000000000000000000000000000000000000000000000000000000000000000000000000000000000000000000000000000000000000000000000000000000000000000000000000000000000000000000000000000000000000000000000000
310
00000000000000000000000000000000000000000000000000000000000000000000000000000000000000000000000000000000000000000000000000000000000000000000000000000000000000000000000000000000000000000000000000000000000000000000000000000000000000000000000000000000000000
310
00000000000000000000000000000000000000000000000000000000000000000000000000000000000000000000000000000000000000000000000000000000000000000000000000000000000000000000000000000000000000000000000000000000000000000000000000000000000000000000000000000000000000
310
00000000000000000000000000000000000000000000000000000000000000000000000000000000000000000000000000000000000000000000000000000000000000000000000000000000000000000000000000000000000000000000000000000000000000000000000000000000000000000000000000000000000000
310
00000000000000000000000000000000000000000000000000000000000000000000000000000000000000000000000000000000000000000000000000000000000000000000000000000000000000000000000000000000000000000000000000000000000000000000000000000000000000000000000000000000000000
310
00000000000000000000000000000000000000000000000000000000000000000000000000000000000000000000000000000000000000000000000000000000000000000000000000000000000000000000000000000000000000000000000000000000000000000000000000000000000000000000000000000000000000
310
00000000000000000000000000000000000000000000000000000000000000000000000000000000000000000000000000000000000000000000000000000000000000000000000000000000000000000000000000000000000000000000000000000000000000000000000000000000000000000000000000000000000000
310
00000000000000000000000000000000000000000000000000000000000000000000000000000000000000000000000000000000000000000000000000000000000000000000000000000000000000000000000000000000000000000000000000000000000000000000000000000000000000000000000000000000000000
310
00000000000000000000000000000000000000000000000000000000000000000000000000000000000000000000000000000000000000000000000000000000000000000000000000000000000000000000000000000000000000000000000000000000000000000000000000000000000000000000000000000000000000
310
00000000000000000000000000000000000000000000000000000000000000000000000000000000000000000000000000000000000000000000000000000000000000000000000000000000000000000000000000000000000000000000000000000000000000000000000000000000000000000000000000000000000000
310
00000000000000000000000000000000000000000000000000000000000000000000000000000000000000000000000000000000000000000000000000000000000000000000000000000000000000000000000000000000000000000000000000000000000000000000000000000000000000000000000000000000000000
310
00000000000000000000000000000000000000000000000000000000000000000000000000000000000000000000000000000000000000000000000000000000000000000000000000000000000000000000000000000000000000000000000000000000000000000000000000000000000000000000000000000000000000
310
00000000000000000000000000000000000000000000000000000000000000000000000000000000000000000000000000000000000000000000000000000000000000000000000000000000000000000000000000000000000000000000000000000000000000000000000000000000000000000000000000000000000000
310
00000000000000000000000000000000000000000000000000000000000000000000000000000000000000000000000000000000000000000000000000000000000000000000000000000000000000000000000000000000000000000000000000000000000000000000000000000000000000000000000000000000000000
310
00000000000000000000000000000000000000000000000000000000000000000000000000000000000000000000000000000000000000000000000000000000000000000000000000000000000000000000000000000000000000000000000000000000000000000000000000000000000000000000000000000000000000
310
00000000000000000000000000000000000000000000000000000000000000000000000000000000000000000000000000000000000000000000000000000000000000000000000000000000000000000000000000000000000000000000000000000000000000000000000000000000000000000000000000000000000000
310
00000000000000000000000000000000000000000000000000000000000000000000000000000000000000000000000000000000000000000000000000000000000000000000000000000000000000000000000000000000000000000000000000000000000000000000000000000000000000000000000000000000000000
310
00000000000000000000000000000000000000000000000000000000000000000000000000000000000000000000000000000000000000000000000000000000000000000000000000000000000000000000000000000000000000000000000000000000000000000000000000000000000000000000000000000000000000
310
00000000000000000000000000000000000000000000000000000000000000000000000000000000000000000000000000000000000000000000000000000000000000000000000000000000000000000000000000000000000000000000000000000000000000000000000000000000000000000000000000000000000000
310
00000000000000000000000000000000000000000000000000000000000000000000000000000000000000000000000000000000000000000000000000000000000000000000000000000000000000000000000000000000000000000000000000000000000000000000000000000000000000000000000000000000000000
310
00000000000000000000000000000000000000000000000000000000000000000000000000000000000000000000000000000000000000000000000000000000000000000000000000000000000000000000000000000000000000000000000000000000000000000000000000000000000000000000000000000000000000
310
00000000000000000000000000000000000000000000000000000000000000000000000000000000000000000000000000000000000000000000000000000000000000000000000000000000000000000000000000000000000000000000000000000000000000000000000000000000000000000000000000000000000000
310
00000000000000000000000000000000000000000000000000000000000000000000000000000000000000000000000000000000000000000000000000000000000000000000000000000000000000000000000000000000000000000000000000000000000000000000000000000000000000000000000000000000000000
310
00000000000000000000000000000000000000000000000000000000000000000000000000000000000000000000000000000000000000000000000000000000000000000000000000000000000000000000000000000000000000000000000000000000000000000000000000000000000000000000000000000000000000
310
00000000000000000000000000000000000000000000000000000000000000000000000000000000000000000000000000000000000000000000000000000000000000000000000000000000000000000000000000000000000000000000000000000000000000000000000000000000000000000000000000000000000000
310
00000000000000000000000000000000000000000000000000000000000000000000000000000000000000000000000000000000000000000000000000000000000000000000000000000000000000000000000000000000000000000000000000000000000000000000000000000000000000000000000000000000000000
310
00000000000000000000000000000000000000000000000000000000000000000000000000000000000000000000000000000000000000000000000000000000000000000000000000000000000000000000000000000000000000000000000000000000000000000000000000000000000000000000000000000000000000
310
00000000000000000000000000000000000000000000000000000000000000000000000000000000000000000000000000000000000000000000000000000000000000000000000000000000000000000000000000000000000000000000000000000000000000000000000000000000000000000000000000000000000000
310
0000000000000000000000000000000000000000000000000000000000000000000000000000000000000000000000000000000000000000000000000000000000000000
  0
ENDSEC
  0
EOF
